cluster,n_cells,Artery,Lymphatic
0,6365,-0.22479654091226706,-0.1374052023344496
1,6326,-0.022421143633860215,-0.1384286591852538
2,3636,-0.1628694010760357,-0.1486836392048036
3,3458,0.9530386225290558,-0.15877197686787498
4,3354,-0.22436478745940838,1.4946708025972093
5,3347,-0.02965960032946321,-0.07075749895324782
6,2350,-0.20286094028518536,-0.1596321181389881
7,2244,0.7652933381973308,-0.1474418874316035
8,1297,-0.1759358675119596,-0.14592660431872892
9,995,-0.2514335749131353,-0.14207851751246042
10,987,-0.008138383260976226,-0.12262544212007954
11,917,0.2661163161157129,-0.16016821686808133
12,907,-0.0362042264204961,-0.11373573297571046
13,884,-0.0558905649212151,-0.13935549031555367
14,846,0.0678219108124997,-0.17041358143725308
15,845,-0.061771232133786366,-0.14557167955686348
16,829,-0.16018721466329036,-0.13919401311759347
17,586,0.027032153276860097,-0.11497695920817277
18,420,0.7151208194494245,-0.13240559794789275
19,405,-0.05007386970814363,-0.16243342767527066
20,372,-0.0001804947692860815,-0.10984930701153256
21,336,0.04739667055862292,-0.15375043246008108
22,335,0.02746574780478405,-0.13565750981088878
23,305,-0.21787901416372096,-0.15072993964054554
24,281,-0.10201839074545481,-0.09258185222479795
25,214,0.005554478770104534,-0.14057955219366838
26,191,-0.03368323020285963,-0.010168285344907744
27,135,-0.05778236088929352,-0.12648725480503506
28,113,0.03342053447149495,-0.062103650991895576
