cluster,n_cells,panel_call,panel_margin,panel_hit,panel_self,panel_top_other,panel_top_other_score,ct_hit,ct_main,ct_main_frac,ct_nonepi_frac,flag,single_line_hold,agree
0,6365,内皮,0.724,False,1.1622,上皮,0.4382,False,内皮,0.975,0.025,保留,无,—
1,6326,内皮,0.4986,False,0.805,上皮,0.3065,False,内皮,0.907,0.0926,保留,无,—
2,3636,内皮,0.4929,False,0.7503,上皮,0.2574,False,内皮,0.943,0.0575,保留,无,—
3,3458,内皮,0.5447,False,0.8378,上皮,0.2931,False,内皮,0.974,0.0257,保留,无,—
4,3354,上皮,0.0482,True,0.267,上皮,0.3152,False,内皮,0.939,0.0605,保留,面板,仅一条线命中
5,3347,上皮,0.375,True,0.5998,上皮,1.1919,True,成纤维,0.321,0.7389,面板+CellTypist,无,两条线一致
6,2350,内皮,1.0615,False,1.3063,上皮,0.2448,False,内皮,0.93,0.0702,保留,无,—
7,2244,内皮,0.415,False,0.6925,上皮,0.2776,False,内皮,0.967,0.0334,保留,无,—
8,1297,内皮,0.4158,False,0.6272,上皮,0.2114,False,内皮,0.938,0.0625,保留,无,—
9,995,内皮,0.7233,False,0.9533,上皮,0.23,False,内皮,0.948,0.0523,保留,无,—
10,987,内皮,0.3545,False,0.6559,上皮,0.3015,False,内皮,0.911,0.0892,保留,无,—
11,917,内皮,0.1638,False,0.4974,上皮,0.3337,False,内皮,0.935,0.0654,保留,无,—
12,907,上皮,0.5852,True,0.6982,上皮,1.2834,True,内皮,0.49,0.5105,面板+CellTypist,无,两条线一致
13,884,内皮,0.5033,False,0.7649,上皮,0.2616,False,内皮,0.897,0.1029,保留,无,—
14,846,内皮,0.4839,False,0.7037,上皮,0.2197,False,内皮,0.969,0.0307,保留,无,—
15,845,内皮,0.3222,False,0.5411,上皮,0.2189,False,内皮,0.951,0.0485,保留,无,—
16,829,内皮,0.3861,False,0.7949,上皮,0.4089,False,内皮,0.959,0.041,保留,无,—
17,586,内皮,0.1818,False,0.9289,上皮,0.7471,False,内皮,0.754,0.2457,保留,无,—
18,420,内皮,0.4422,False,0.7053,上皮,0.263,False,内皮,0.976,0.0238,保留,无,—
19,405,髓系,0.2609,True,0.668,髓系,0.9289,False,内皮,0.681,0.3185,保留,面板,仅一条线命中
20,372,内皮,0.5511,False,0.8273,上皮,0.2762,False,内皮,0.922,0.078,保留,无,—
21,336,内皮,0.4315,False,0.7664,上皮,0.335,False,内皮,0.89,0.1101,保留,无,—
22,335,内皮,0.3126,False,0.6373,上皮,0.3247,False,内皮,0.907,0.0925,保留,无,—
23,305,上皮,0.131,True,1.0561,上皮,1.1871,False,内皮,0.879,0.1213,保留,面板,仅一条线命中
24,281,内皮,0.0629,False,0.8743,B/浆,0.8113,False,内皮,0.708,0.2918,保留,无,—
25,214,内皮,0.3514,False,0.6245,上皮,0.2731,False,内皮,0.949,0.0514,保留,无,—
26,191,成纤维,0.7669,True,0.8015,成纤维,1.5683,True,内皮,0.419,0.5812,面板+CellTypist,无,两条线一致
27,135,成纤维,0.2063,True,0.4538,成纤维,0.6601,True,成纤维,0.393,0.6593,面板+CellTypist,无,两条线一致
28,113,上皮,0.0489,True,0.7459,上皮,0.7948,False,内皮,0.602,0.3982,保留,面板,仅一条线命中
