cluster,n_cells,Artery,Vein,Capillary Aerocyte,Capillary,Capillary Intermediate 1,Bronchial Vessel 1,Bronchial Vessel 2,Lymphatic
0,6365,-0.15146239063322808,-0.2493040482035846,1.0673067290344194,-0.514893415586248,1.0951140040068463,-0.4178038521851206,-0.17908605867404148,-0.1631372609498802
1,6326,0.12077698643618062,-0.025754844043488285,-0.10405273982642768,0.9170817741672841,-0.36384416024538746,-0.17593329081094078,-0.09529440593312449,-0.14367381600514584
2,3636,0.13345508499672235,1.0698730804518466,-0.19746082581207833,-0.27755919738247564,-0.47854500649781795,0.29563485632897457,0.07197320455207824,-0.02101295744045027
3,3458,1.0759168497306995,0.24257803015024562,-0.23905336145052433,-0.23755688857921048,-0.4865884840580357,-0.16801192702621015,0.14321261057624807,-0.09814132402820754
4,3354,-0.12246499078258408,-0.03650486327087268,-0.17795304206268447,-0.6530278946991038,-0.28584392326475033,-0.14555893317199617,0.10424640892816571,0.7783261072179711
5,3347,0.1417636786007081,0.2026955171763302,0.13366020217751173,0.28764868952470607,-0.05992801831392876,-0.10550201362115612,-0.010891293593581366,0.038320136508979925
6,2350,0.18382763001628744,-0.04242287985906534,-0.12515279082707764,-0.6271191684890245,-0.3156206476757405,0.26560322340261827,0.3401769736112431,-0.07008288400522834
7,2244,0.9489878996704736,0.2402653128388591,-0.22937575254925627,-0.4528827318610081,-0.42040817422010934,-0.06514987290224292,0.5016320016055822,-0.09074024277065398
8,1297,0.16457779796998812,0.7192472306868919,-0.17941289644213929,-0.7828885353239381,-0.35160867360612413,1.013255515889011,0.9211930316167324,-0.02448258994466247
9,995,0.0656605646246226,0.5557731912591353,-0.17195812497110652,-0.7472171564166159,-0.4834039690033809,0.8338472527291498,0.3462835459577378,-0.019981732952092893
10,987,0.1256329568362159,0.0712206515682906,-0.1598656121905121,0.36978369478859324,-0.23574007095138447,-0.10453673814406703,0.746317875430577,-0.12627772041174454
11,917,0.43394647070016407,0.5003556238465288,-0.18890039884714363,-0.031446138488697026,0.09124601842925548,0.13411761891707571,0.8630398038682917,-0.08617893922719376
12,907,0.14572281237955875,0.06858096049971901,0.009278297451080865,0.34033031932246355,-0.19889167892553705,-0.16610019862848985,-0.02086162838612531,-0.050718627913531614
13,884,0.14336191184103853,-0.026348646649498014,-0.14064947863951094,0.3430209141090126,-0.3870847592262232,-0.09581580041850132,0.22162999550681314,-0.13919318376987164
14,846,0.30182817611360757,1.2113098567785288,-0.21146396187180316,-0.595136251671023,-0.2101983769145755,0.040620646190230036,0.16624967602409654,0.03997709281540482
15,845,0.26371094889214697,1.1375248725766958,-0.21031769594343352,-0.504117123222645,-0.33394596603994225,0.4279437037313717,0.4879334013490283,-0.03363788705789464
16,829,-0.03200844588124424,-0.07329766683421272,0.5520587905209658,-0.1510456822979108,1.9545025330695325,-0.31520680164734816,0.27321175915340756,-0.13357545920303335
17,586,0.15251862988067638,0.10341604841718358,0.05834173993519884,1.272468449535036,-0.23173083300233036,-0.19714633320649988,-0.12649022592924564,-0.07536094017837766
18,420,0.9499520528156388,0.3350615286562176,-0.2565255307975784,-0.732440536895346,-0.40867795896425857,0.7028304006447862,0.9979767781268987,-0.032014397900095616
19,405,0.1404308895583242,0.07211542113425798,-0.04915578628897528,0.09541814140143716,-0.19531260230153388,-0.04553133874665554,0.041986519638402976,-0.07202620430038673
20,372,0.14227640260439264,0.08557638337642062,0.11688616944781023,0.29437836050114496,0.10344406471248259,-0.16077594164024545,0.09006102851962539,-0.03963871492875865
21,336,0.2603517242112583,0.01457268249539155,-0.1377284956081605,0.46203590934981,-0.3229875003018155,-0.2336903641573966,-0.01932288704528697,-0.1501682643731686
22,335,0.18735956948496021,0.113789065866328,-0.1291142613709862,0.4950800115966011,0.25725974265857815,-0.19090021557831652,0.22416446786140343,-0.14198617857240736
23,305,-0.09717872570482008,-0.19269762774764512,0.9968982761570666,-0.44871081327327594,0.9866290178189401,-0.37765970292899126,-0.16025499570174292,-0.12402782971663401
24,281,0.13313885191929511,0.08266458278873211,0.12328940038887747,-0.051594940307888235,0.09513628519469969,0.006576829813553306,0.08593216029774678,-0.03908875052225534
25,214,0.3785731978379879,0.7332758088739486,-0.20494544690001693,-0.4826573089808137,-0.1040476128270451,0.4015137068059214,0.6005542392318489,0.056902971814281576
26,191,0.2919890331892316,0.20932396474725068,-0.008594477252696946,-0.2430650361884049,-0.047489629162212575,0.15842716006916444,0.13815498048722427,0.038935081758730054
27,135,0.13639133445218082,0.07350391937773902,-0.11794736278899996,-0.05284218708298358,-0.19711382187833465,-0.05059221480216509,0.048068248589833586,-0.05972905201193918
28,113,0.22310505170413153,0.24185492896049063,0.11642002542270163,0.2357262868347915,-0.08619773738841106,-0.09154184989872938,0.003183139319968439,-0.06862281341318453
