cluster,n_cells,argmax,win_margin,Club,Ciliated,Basal,Serous,Ionocyte,Neuroendocrine,Tuft,AT1,AT2,Goblet/Mucous
2,30961,AT2,3.2322177887151584,0.09909948018717331,-0.08244972781030258,-0.013508389598164408,-0.01850701480215445,0.08397525281027335,-0.0002596718838386285,-0.007890557857801059,-0.2935641375427489,3.331317268902332,-0.043263239127154275
3,30434,AT1,1.086418562197607,-0.3035265667518237,-0.07046319526170156,-0.020998938521566618,-0.06423301059040537,-0.06837593739619803,-0.0022874903989874382,0.010187253543769589,1.6236741366044933,0.5372555744068863,-0.05934244126335403
7,19347,AT2,1.1478918693845703,-0.09178692374119025,-0.051604150811832256,-0.0014882183739124714,-0.08311492139915717,-0.061071594048573395,0.0011565829634823054,0.017795397038491333,-0.19421190270721922,1.1656872664230618,0.0026646702173864644
8,19146,AT2,2.6152822860345304,-0.011414778657728993,-0.07424911942164504,-0.014031879651099873,-0.02722157331596618,0.06888221443535038,5.3863663542168716e-05,-0.005504681831222798,-0.23101831361414357,2.6841645004698806,-0.0423588867084494
16,6989,AT2,2.853824759100106,0.04146598711434311,-0.09144420530310708,-0.020294290388731085,0.2280337265886479,0.15484207873546402,-0.00165175781989222,-0.009304468500023998,-0.3294942009230693,3.0818584856887536,-0.0343450490110717
17,6574,AT2,0.5179708072451938,-0.11536527313381954,-0.08763012193249889,-0.05302290937761769,-0.08507434365232162,-0.06701815040500873,-0.005085034037909871,-0.01574401749288342,-0.14712756505422084,0.512885773207284,-0.06028506959437259
18,6564,Ciliated,0.7124713231610397,-0.12466893526461972,1.1874851191309013,-0.01796182766411451,-0.08559588025140753,-0.08513519622749659,-0.005127003094598828,-0.04327602662668233,-0.19513007744441557,0.4750137959698616,-0.12041588775394364
19,6492,AT2,0.6041949358362957,1.2454470698713251,-0.058489827912344645,-0.002352660754349329,-0.04744574340802873,0.010921485898562629,0.008065870434390882,0.0024588757282833326,-0.139930824291678,1.8496420057076208,-0.03967887635219023
22,5388,AT2,0.4033945431493826,0.6127500372521082,0.24762936515596748,0.028010157546292644,0.11669654565469902,0.005041611593882007,-0.0005671559830594654,-0.006836028047066404,-0.235884088465842,1.0161445804014908,0.5059801952634916
24,3897,AT2,0.49924468405942746,0.3309044083895035,-0.0393863956407305,0.016522555255612557,0.8581131318412677,0.00773353067199791,-0.00664340465959567,-0.0034333739921637925,-0.27931008886749426,1.3573578159006952,0.17180488201488692
31,2551,Basal,0.7272161962550557,-0.1639134966886297,0.06231922723939964,1.1355340433770271,-0.03702549673911868,-0.06733300989448361,-0.007138590807651323,0.012568402439881544,-0.11491110884253845,0.4083178471219714,-0.03406033148691413
36,1615,Goblet/Mucous,0.2426546484013381,-0.23524512258771801,-0.027171263047600674,-0.03068842904228176,-0.09700427513115167,0.016276784922852214,-0.012455304565850816,-0.030875329521787384,-0.48456607985939354,0.2585203114932123,0.5011749598945504
38,1147,AT2,2.212360575497651,0.011411033729175188,-0.07679837982448785,-0.03369623238906649,-0.03193690360060131,-0.0388244610912869,-0.010780448257042875,-0.03984042072670293,0.0063148328836003745,2.2237716092268265,-0.06329418059110427
