cluster,rank,gene,score,log2fc,pval,pval_adj,pct_in,pct_out
0,1,MACF1,121.1387,2.9852,0.0,0.0,0.999,0.7776
0,2,DST,92.6614,1.9936,0.0,0.0,0.9704,0.7463
0,3,PLEKHH2,92.1287,2.3906,0.0,0.0,0.9522,0.5907
0,4,LIMCH1,83.7495,2.2866,0.0,0.0,0.8922,0.5003
0,5,ZYX,81.8314,1.9245,0.0,0.0,0.9248,0.647
0,6,DOCK4,81.2216,2.2447,0.0,0.0,0.8651,0.4813
0,7,GPSM1,74.0297,2.2858,0.0,0.0,0.7584,0.3694
0,8,RGCC,71.4192,2.129,0.0,0.0,0.859,0.5086
0,9,TCF21,71.0804,2.0936,0.0,0.0,0.8019,0.4574
0,10,NKD2,68.9982,2.1403,0.0,0.0,0.873,0.5052
0,11,FMO2,68.3918,2.0841,0.0,0.0,0.7662,0.4163
0,12,TNXB,67.805,1.863,0.0,0.0,0.9801,0.7247
0,13,NPNT,67.6294,1.8752,0.0,0.0,0.7991,0.4682
0,14,LAMA4,65.686,1.5246,0.0,0.0,0.8937,0.6637
0,15,PTPRS,65.3201,1.5561,0.0,0.0,0.8929,0.6546
1,1,MACF1,87.0817,2.2661,0.0,0.0,0.9864,0.7794
1,2,FOSB,87.0202,3.0799,0.0,0.0,0.9028,0.5325
1,3,FOS,77.4484,2.294,0.0,0.0,0.9658,0.7475
1,4,PLEKHH2,74.3426,1.9905,0.0,0.0,0.9186,0.5953
1,5,JUND,72.9612,1.5806,0.0,0.0,0.9507,0.7705
1,6,RGCC,64.1267,1.9502,0.0,0.0,0.8196,0.514
1,7,LIMCH1,63.8586,1.7944,0.0,0.0,0.8291,0.5087
1,8,DOCK4,61.551,1.7563,0.0,0.0,0.8074,0.489
1,9,CCN1,59.579,1.7983,0.0,0.0,0.8839,0.6309
1,10,ZYX,59.0099,1.4278,0.0,0.0,0.8752,0.6535
1,11,NKD2,58.4202,1.8396,0.0,0.0,0.8398,0.5097
1,12,MYH10,57.9557,1.4741,0.0,0.0,0.888,0.6524
1,13,JUN,56.0796,1.5441,0.0,0.0,0.8253,0.6363
1,14,GPSM1,55.5956,1.7695,0.0,0.0,0.682,0.3794
1,15,DST,55.2599,1.275,0.0,0.0,0.9292,0.7517
2,1,A2M,60.3445,1.7129,0.0,0.0,0.9681,0.8393
2,2,LTBP2,49.9083,1.5162,0.0,0.0,0.9053,0.7147
2,3,FBLN1,49.0924,1.5879,0.0,0.0,0.9108,0.6762
2,4,TCF21,44.487,1.6113,0.0,0.0,0.756,0.4761
2,5,PTGDS,42.3569,1.5315,0.0,0.0,0.864,0.6564
2,6,DCN,42.2245,1.2121,0.0,0.0,0.9448,0.7987
2,7,SCN7A,42.1382,1.5073,0.0,0.0,0.7399,0.4505
2,8,TNXB,41.6703,1.47,0.0,0.0,0.9537,0.7379
2,9,LTBP4,38.336,1.0865,0.0,0.0,0.937,0.7966
2,10,LUM,36.8298,1.2664,6.160826188922692e-297,1.1131996840764413e-293,0.8858,0.6729
2,11,ABCA8,35.389,1.2984,2.5168818955308335e-274,4.1343217245769666e-271,0.7069,0.4531
2,12,PLEKHH2,35.3782,1.254,3.6933455328569535e-274,5.561255036099358e-271,0.8552,0.6139
2,13,NBL1,34.6503,1.0887,4.413705557225133e-263,6.134711208730841e-260,0.7842,0.6002
2,14,MFAP4,34.295,1.0538,9.30913675002714e-258,1.2014770852588601e-254,0.826,0.671
2,15,SELENOP,33.871,1.1449,1.781723371261794e-251,2.1462639730219568e-248,0.7261,0.539
3,1,COL3A1,103.304,4.9957,0.0,0.0,0.9936,0.7508
3,2,COL1A1,102.792,4.554,0.0,0.0,0.996,0.8278
3,3,COL1A2,100.3483,3.5341,0.0,0.0,0.9958,0.8685
3,4,SPARC,87.9669,2.9674,0.0,0.0,0.9826,0.7347
3,5,COL6A3,87.6694,2.7409,0.0,0.0,0.985,0.7986
3,6,THBS2,85.1145,4.2613,0.0,0.0,0.8822,0.2404
3,7,CTHRC1,84.9601,5.2327,0.0,0.0,0.8162,0.1013
3,8,BGN,81.0258,3.0351,0.0,0.0,0.9467,0.5331
3,9,COL5A1,80.5696,2.3609,0.0,0.0,0.9613,0.7377
3,10,COL5A2,79.1121,3.1074,0.0,0.0,0.8846,0.4192
3,11,LUM,78.3238,2.8081,0.0,0.0,0.9597,0.6712
3,12,VCAN,76.4341,3.4863,0.0,0.0,0.8626,0.3162
3,13,POSTN,76.0404,5.4319,0.0,0.0,0.7213,0.073
3,14,MMP2,75.3906,2.7414,0.0,0.0,0.9412,0.6148
3,15,TIMP1,73.3226,3.5569,0.0,0.0,0.8708,0.3755
4,1,SPEG,94.3845,6.7994,0.0,0.0,0.8828,0.0504
4,2,MYH11,88.8138,5.2115,0.0,0.0,0.8889,0.1388
4,3,ACTA2,83.4752,4.0765,0.0,0.0,0.917,0.3217
4,4,SORBS1,82.0087,5.4134,0.0,0.0,0.7914,0.0944
4,5,FLNA,80.949,2.9073,0.0,0.0,0.9175,0.5839
4,6,TPM2,78.8006,3.0743,0.0,0.0,0.9053,0.5273
4,7,PDLIM7,77.6473,3.451,0.0,0.0,0.8598,0.3578
4,8,TPM1,75.2191,2.678,0.0,0.0,0.9355,0.6505
4,9,TAGLN,74.6691,3.037,0.0,0.0,0.9271,0.5324
4,10,MYL9,73.1678,2.6341,0.0,0.0,0.9027,0.5483
4,11,EHBP1L1,71.3719,2.963,0.0,0.0,0.827,0.402
4,12,PRUNE2,69.5331,5.9885,0.0,0.0,0.6545,0.035
4,13,LMOD1,68.3776,4.042,0.0,0.0,0.7164,0.1466
4,14,SVIL,68.0591,3.6721,0.0,0.0,0.7243,0.2014
4,15,MCAM,67.457,4.1726,0.0,0.0,0.7225,0.1309
5,1,SFTPB,81.6044,3.5267,0.0,0.0,0.9515,0.6616
5,2,SFTPC,73.1612,3.6029,0.0,0.0,0.9149,0.6252
5,3,SFTPA1,69.5828,3.1069,0.0,0.0,0.8752,0.5316
5,4,CD74,68.9181,2.7709,0.0,0.0,0.916,0.5695
5,5,SLC34A2,63.8686,3.5791,0.0,0.0,0.7373,0.226
5,6,TMSB4X,63.0583,1.7265,0.0,0.0,0.976,0.868
5,7,RNASE1,56.4232,3.219,0.0,0.0,0.68,0.2074
5,8,MT-CO3,55.1439,2.2092,0.0,0.0,0.8539,0.5428
5,9,S100A6,53.1779,2.0332,0.0,0.0,0.8325,0.5344
5,10,MT-CO2,52.1674,2.1522,0.0,0.0,0.8045,0.492
5,11,NAPSA,51.2215,3.4745,0.0,0.0,0.5891,0.14
5,12,MT-ATP6,50.35,2.1106,0.0,0.0,0.784,0.4824
5,13,B2M,49.8774,1.8988,0.0,0.0,0.8259,0.5549
5,14,MT-ND4,48.3304,2.013,0.0,0.0,0.7619,0.4615
5,15,SFTPD,45.046,3.3599,0.0,0.0,0.5232,0.1228
6,1,PDGFRB,89.2957,3.8725,0.0,0.0,0.9849,0.5702
6,2,LAMC3,84.4186,7.19,0.0,0.0,0.8737,0.0453
6,3,NOTCH3,79.8764,4.5905,0.0,0.0,0.9114,0.264
6,4,COL4A2,79.5561,3.5468,0.0,0.0,0.9662,0.5617
6,5,COL4A1,76.5958,3.6136,0.0,0.0,0.949,0.5368
6,6,COL5A3,74.9597,4.214,0.0,0.0,0.8681,0.2446
6,7,PAG1,72.0268,4.6619,0.0,0.0,0.7999,0.1618
6,8,NID1,70.9384,3.2992,0.0,0.0,0.8687,0.3815
6,9,GJC1,70.4746,6.0458,0.0,0.0,0.7427,0.0429
6,10,OBSCN,67.136,4.1542,0.0,0.0,0.7869,0.2284
6,11,TRPC6,66.2937,3.6339,0.0,0.0,0.8275,0.2507
6,12,ARHGEF17,65.9282,3.0414,0.0,0.0,0.8453,0.3635
6,13,MCAM,65.516,4.2603,0.0,0.0,0.7875,0.135
6,14,HIGD1B,63.908,6.7113,0.0,0.0,0.6639,0.0202
6,15,ADCY3,63.0388,4.1865,0.0,0.0,0.7196,0.1323
7,1,FBLN1,53.7224,2.2256,0.0,0.0,0.934,0.6828
7,2,PODN,48.4907,2.4067,0.0,0.0,0.7817,0.3851
7,3,ABCA10,42.0393,2.5316,0.0,0.0,0.6259,0.2462
7,4,C7,41.9292,2.2438,0.0,0.0,0.7508,0.4734
7,5,ABCA8,39.7551,1.842,0.0,0.0,0.7569,0.4592
7,6,ADAM33,39.1931,2.1537,0.0,0.0,0.6693,0.3096
7,7,CCDC80,30.2153,1.7697,1.4891367204631338e-200,1.9219436715748832e-197,0.5905,0.2951
7,8,GSN,29.6343,1.2497,5.409580414450944e-193,5.749747559336124e-190,0.7582,0.5873
7,9,F3,29.1928,2.3353,2.39417562643443e-187,2.4033532996690954e-184,0.4507,0.1743
7,10,MEGF6,29.0822,1.5437,6.020308774833614e-186,5.725313644866767e-183,0.6397,0.4452
7,11,MGP,28.7403,1.2501,1.1970615364861005e-181,1.0814852451383674e-178,0.8448,0.6746
7,12,ABCA6,28.547,1.3838,3.0636839857893503e-179,2.6360812352013226e-176,0.6832,0.4481
7,13,FOS,28.2021,1.304,5.512325394751398e-175,4.52737307080741e-172,0.8744,0.7674
7,14,LAMA2,27.7977,1.4523,4.630182820209584e-170,3.637511886015956e-167,0.6127,0.377
7,15,C3,26.4067,1.3818,1.147472339726961e-153,7.974491425587099e-151,0.7038,0.4693
8,1,NOTCH3,67.7818,4.1745,0.0,0.0,0.8755,0.2702
8,2,MCAM,64.7214,4.6804,0.0,0.0,0.8205,0.1386
8,3,TINAGL1,59.652,4.498,0.0,0.0,0.7407,0.1123
8,4,PDGFRB,58.3891,2.5723,0.0,0.0,0.9014,0.5764
8,5,TAGLN,51.4457,2.5918,0.0,0.0,0.8712,0.5421
8,6,HEYL,50.5745,3.0447,0.0,0.0,0.7332,0.2741
8,7,ADAMTS1,49.8588,3.0111,0.0,0.0,0.7712,0.361
8,8,ACTA2,48.2635,2.9315,0.0,0.0,0.7708,0.3387
8,9,CACNA1H,47.9436,4.5698,0.0,0.0,0.5793,0.0568
8,10,NTRK3,47.8615,4.2869,0.0,0.0,0.5938,0.084
8,11,MYH11,47.8133,3.439,0.0,0.0,0.6736,0.1614
8,12,MYL9,45.8243,2.0172,0.0,0.0,0.8287,0.5579
8,13,ITGA7,44.3846,3.9412,0.0,0.0,0.563,0.0783
8,14,CRISPLD2,43.5032,2.512,0.0,0.0,0.8067,0.5206
8,15,NTN4,40.4857,3.7042,0.0,0.0,0.5211,0.0998
9,1,CRISPLD2,65.7035,3.7893,0.0,0.0,0.9589,0.5161
9,2,NR4A1,60.1621,3.6154,0.0,0.0,0.9516,0.5409
9,3,ZNF331,54.2412,4.1762,0.0,0.0,0.7306,0.1699
9,4,JUNB,53.0165,2.4518,0.0,0.0,0.9681,0.6775
9,5,NAMPT,50.7766,3.3759,0.0,0.0,0.7452,0.2224
9,6,ATP1B3,49.3919,4.0985,0.0,0.0,0.666,0.1494
9,7,SOCS3,47.3086,2.7851,0.0,0.0,0.8305,0.4116
9,8,NR4A2,46.6581,3.243,0.0,0.0,0.6879,0.1939
9,9,ADAMTS4,45.9459,3.8193,0.0,0.0,0.6522,0.1593
9,10,FOSL2,43.5567,2.4993,0.0,0.0,0.7398,0.3233
9,11,ELL2,43.3686,2.6859,0.0,0.0,0.7237,0.3077
9,12,NFIL3,43.2217,2.6292,0.0,0.0,0.7098,0.2796
9,13,LMNA,43.1437,1.9194,0.0,0.0,0.9408,0.7841
9,14,UAP1,42.2655,3.0149,0.0,0.0,0.6514,0.2233
9,15,ABL1,40.5436,2.2492,0.0,0.0,0.7198,0.3563
10,1,SERPINE1,79.9644,6.6319,0.0,0.0,0.9733,0.2251
10,2,MMP19,43.7298,3.0464,0.0,0.0,0.7003,0.2674
10,3,EMP1,43.2091,2.3345,0.0,0.0,0.8175,0.497
10,4,CCN1,43.1427,2.2166,0.0,0.0,0.9126,0.6502
10,5,LMNA,42.0092,1.8744,0.0,0.0,0.9548,0.7836
10,6,MCL1,37.1035,1.6003,2.4649360968238583e-301,7.423155055585049e-298,0.9099,0.7244
10,7,VMP1,36.4142,2.0934,2.5406259503616853e-290,6.558081471012185e-287,0.7104,0.3857
10,8,FOSB,36.0145,2.2247,4.9611797071150753e-284,1.1205444515982786e-280,0.8902,0.5626
10,9,NFATC1,33.6985,2.7685,6.077015223220875e-249,1.2200620896486444e-245,0.534,0.1766
10,10,ZFP36,33.5735,1.6527,4.082717727266188e-247,7.377062661397276e-244,0.9022,0.6817
10,11,THBS1,32.6445,2.0994,9.581153095395004e-234,1.573835048006294e-230,0.751,0.4753
10,12,NFATC2,32.5986,3.4093,4.2952360614342936e-233,6.467551699504688e-230,0.4571,0.0974
10,13,CCN2,31.6736,1.6626,3.585483073415127e-220,4.9835456656567634e-217,0.8152,0.6052
10,14,PLK3,31.0614,2.0887,7.993724122889992e-212,1.0317042941178518e-208,0.5704,0.2401
10,15,TNFRSF12A,31.0215,2.2935,2.762456665164054e-211,3.3276552988566196e-208,0.5267,0.1941
11,1,FBLN1,79.6026,4.1078,0.0,0.0,0.9957,0.6827
11,2,GSN,77.1325,4.3984,0.0,0.0,0.9854,0.581
11,3,DCN,76.8016,3.4059,0.0,0.0,0.996,0.8028
11,4,CCDC80,73.2508,4.6769,0.0,0.0,0.9573,0.285
11,5,CLU,65.4289,3.9891,0.0,0.0,0.9182,0.3498
11,6,SCARA5,64.4233,5.2478,0.0,0.0,0.808,0.0871
11,7,C3,64.0762,3.9274,0.0,0.0,0.9451,0.4629
11,8,PI16,63.1944,7.0961,0.0,0.0,0.7542,0.0263
11,9,PODN,62.9429,3.32,0.0,0.0,0.9293,0.3832
11,10,FBLN2,62.6089,3.8498,0.0,0.0,0.8669,0.2538
11,11,IGFBP6,61.8527,5.2161,0.0,0.0,0.7752,0.0924
11,12,CFD,60.6619,3.6224,0.0,0.0,0.8795,0.3987
11,13,MGP,58.65,2.8417,0.0,0.0,0.9688,0.6718
11,14,EFEMP1,56.3836,3.0921,0.0,0.0,0.8574,0.3556
11,15,C1R,54.0771,2.3865,0.0,0.0,0.9439,0.6056
12,1,IL6,73.1395,7.1399,0.0,0.0,0.8873,0.1146
12,2,NAMPT,62.6109,4.1556,0.0,0.0,0.8552,0.2193
12,3,THBS1,62.2328,4.0976,0.0,0.0,0.9242,0.4698
12,4,SOCS3,59.7076,3.5415,0.0,0.0,0.9135,0.4093
12,5,CRISPLD2,57.5972,3.3989,0.0,0.0,0.9167,0.518
12,6,LMNA,53.9984,2.5606,0.0,0.0,0.9579,0.7837
12,7,ADAMTS4,51.6566,4.3015,0.0,0.0,0.7159,0.1577
12,8,MCL1,51.2838,2.227,0.0,0.0,0.9528,0.7231
12,9,JUNB,51.0092,2.4228,0.0,0.0,0.9663,0.6778
12,10,SOD2,50.997,3.2681,0.0,0.0,0.7929,0.3467
12,11,GADD45B,50.5738,3.2958,0.0,0.0,0.781,0.2687
12,12,CCL2,50.0456,3.9738,0.0,0.0,0.7004,0.1648
12,13,KDM6B,50.0443,3.5538,0.0,0.0,0.7198,0.2259
12,14,ZFP36,49.8659,2.4003,0.0,0.0,0.9488,0.6804
12,15,NFIL3,49.3715,2.9804,0.0,0.0,0.7702,0.2781
13,1,DEPP1,82.7747,6.7453,0.0,0.0,0.9996,0.2815
13,2,ZFP36,41.733,2.0517,0.0,0.0,0.9038,0.6819
13,3,SOCS3,37.5275,2.2925,3.2751935082361354e-308,1.9726490500106245e-304,0.7524,0.4148
13,4,SLC38A2,32.1886,1.5996,2.5492446928988715e-227,1.1515575588997428e-223,0.7937,0.5735
13,5,A2M,32.0755,1.3537,9.694306713812402e-226,3.503328560237526e-222,0.9671,0.8445
13,6,GADD45B,30.6801,2.2191,1.0476657957037004e-206,3.1550455437616935e-203,0.5917,0.2751
13,7,PIEZO2,28.4151,1.6911,1.314196051266985e-177,3.3923154929061644e-174,0.635,0.3317
13,8,NNMT,26.5068,1.6306,8.100245730146859e-155,1.8295417512252948e-151,0.6074,0.3312
13,9,NKD2,25.8859,1.4775,9.59148534719938e-148,1.9256505415393957e-144,0.7869,0.5383
13,10,THBS1,25.6703,1.6886,2.5119761967550598e-145,4.538889789916718e-142,0.7039,0.4772
13,11,SOD2,25.1189,1.7115,3.0942145002586737e-139,5.082669255015816e-136,0.595,0.3534
13,12,CEBPD,24.4324,1.2087,7.746890845703174e-132,1.1664880890917553e-128,0.7556,0.5472
13,13,C11orf96,24.3643,1.4043,4.094536400927053e-131,5.691090632950071e-128,0.6931,0.4815
13,14,ZFP36L1,24.1313,1.1481,1.1733358572514063e-128,1.5143575431911186e-125,0.776,0.6163
13,15,JUNB,24.0546,1.1965,7.467321530196193e-128,8.995135515274335e-125,0.8574,0.6816
14,1,PTGS2,82.0967,6.3503,0.0,0.0,1.0,0.1842
14,2,CCN1,40.5658,2.1481,0.0,0.0,0.9351,0.65
14,3,FOS,40.5174,2.1774,0.0,0.0,0.9737,0.7652
14,4,FOSB,39.0796,2.4738,0.0,0.0,0.8846,0.5634
14,5,MACF1,37.4859,1.7874,1.561657448600279e-307,5.643517687751689e-304,0.9745,0.7968
14,6,JUND,34.1409,1.3353,1.8217611152152057e-255,5.486233598470592e-252,0.9442,0.7855
14,7,PLEKHH2,33.3731,1.6385,3.3632448223480886e-244,8.681495813572516e-241,0.908,0.6221
14,8,EGR1,32.0369,1.7439,3.3404229281185057e-225,7.54476273602166e-222,0.8654,0.6133
14,9,CCN2,30.5446,1.6203,6.6680818146329954e-205,1.3387285589844845e-201,0.8362,0.6049
14,10,JUN,30.5013,1.4898,2.5014048819898075e-204,4.519788481267383e-201,0.8686,0.6504
14,11,RGCC,30.4168,1.6594,3.294599268176285e-203,5.411828561516118e-200,0.812,0.5393
14,12,LIMCH1,27.3739,1.3985,5.616129541598489e-165,8.456487057261925e-162,0.7997,0.5359
14,13,NKD2,27.1494,1.5417,2.5768210494625106e-162,3.581583041749085e-159,0.8272,0.5372
14,14,DOCK4,26.7707,1.3826,7.095338548689074e-158,9.15754801687592e-155,0.78,0.516
14,15,TNXB,25.7026,1.3893,1.0928868501535106e-145,1.3164914996949189e-142,0.9639,0.7465
15,1,LUM,52.2427,2.6293,0.0,0.0,0.9702,0.6799
15,2,COL3A1,48.3565,2.5706,0.0,0.0,0.983,0.7587
15,3,COL1A2,48.3484,1.88,0.0,0.0,0.9917,0.8726
15,4,COL6A3,46.6132,1.9757,0.0,0.0,0.9849,0.8045
15,5,C1S,45.5127,1.9641,0.0,0.0,0.9523,0.7123
15,6,MMP2,45.4682,2.3223,0.0,0.0,0.9294,0.6254
15,7,A2M,45.3309,2.0635,0.0,0.0,0.9597,0.8452
15,8,C1R,43.6325,2.0789,0.0,0.0,0.9207,0.6078
15,9,COL1A1,42.6956,1.9463,0.0,0.0,0.983,0.8334
15,10,DCN,41.249,1.8004,0.0,0.0,0.9739,0.8043
15,11,MGP,39.4682,2.0615,0.0,0.0,0.9097,0.6749
15,12,C3,39.2195,2.6604,0.0,0.0,0.8001,0.4694
15,13,MOXD1,37.3961,2.5147,4.513867724163349e-306,6.273928915992889e-303,0.6754,0.2579
15,14,SERPINF1,36.741,2.2964,1.6173785844688744e-295,2.087458117340578e-292,0.7276,0.3125
15,15,NBL1,36.4145,1.7544,2.5092899000897633e-290,3.022690613648129e-287,0.8831,0.6055
16,1,MACF1,46.5452,2.3367,0.0,0.0,0.9945,0.7973
16,2,AGER,40.6913,2.9557,0.0,0.0,0.7111,0.2828
16,3,DST,33.1485,1.4552,5.9480240086463265e-241,3.5824948604076824e-237,0.9477,0.7667
16,4,PLEKHH2,32.378,1.7327,5.602910009353924e-230,2.5309745239754014e-226,0.9236,0.6234
16,5,LIMCH1,31.6267,1.7219,1.58425190355513e-219,5.7251695290675295e-216,0.8472,0.5362
16,6,RGCC,31.2401,1.8341,3.0421995921249936e-214,9.161584071684418e-211,0.8588,0.5396
16,7,DOCK4,30.6314,1.6926,4.6768136285763033e-206,1.2072192207820746e-202,0.8236,0.5164
16,8,TCF21,30.5448,1.7677,6.621703172318224e-205,1.4955944327577248e-201,0.796,0.4881
16,9,INMT,30.0855,1.6042,7.50522357342432e-199,1.5067987194244894e-195,0.8131,0.5341
16,10,ZYX,29.1151,1.381,2.312626283939221e-186,4.178684432449778e-183,0.891,0.6724
16,11,FMO2,29.1047,1.7356,3.1335248721458595e-186,5.147241901345776e-183,0.7623,0.4474
16,12,SFTPC,27.7487,1.5157,1.8088922165972877e-169,2.723739455141366e-166,0.8276,0.6343
16,13,NPNT,26.7182,1.4737,2.8953110126141475e-157,4.0242595913019256e-154,0.7683,0.4983
16,14,SFTPB,25.7537,1.2436,2.927753585065535e-146,3.778684252039225e-143,0.8397,0.6713
16,15,TNXB,25.5322,1.4772,8.649919829270081e-144,1.041969342633874e-140,0.9683,0.7476
17,1,ITGBL1,47.5164,2.8493,0.0,0.0,0.8444,0.4239
17,2,LTBP2,42.6353,2.0748,0.0,0.0,0.9456,0.7226
17,3,ITGA9,42.2367,2.9288,0.0,0.0,0.7279,0.3022
17,4,SCARA3,36.7875,3.9822,2.922683038852506e-296,1.0561991965805186e-292,0.5493,0.0966
17,5,PHLDB1,36.0125,1.956,5.3312761682294684e-284,1.6055138180623046e-280,0.8032,0.5137
17,6,COL16A1,34.0647,1.6244,2.4594095817422225e-254,4.937674636944469e-251,0.854,0.6328
17,7,CFH,29.0752,1.7862,7.393057317483383e-186,8.905676844640484e-183,0.6729,0.4232
17,8,PODN,29.0335,1.8681,2.4851275589284212e-185,2.806485616392353e-182,0.675,0.3939
17,9,LRP4,28.767,2.474,5.5557776936337376e-182,5.90513806742753e-179,0.531,0.2012
17,10,SSC5D,28.4079,2.3813,1.6165512758124097e-177,1.622748055703024e-174,0.5275,0.2097
17,11,ADGRG6,27.7719,3.6177,9.486972389979189e-170,8.571005205726699e-167,0.4222,0.0631
17,12,PDLIM7,26.9912,1.7689,1.8732929355545425e-160,1.3018665404821166e-157,0.6485,0.3785
17,13,ELN,25.4671,1.3097,4.562185363615697e-143,2.7478042445057344e-140,0.9034,0.8003
17,14,ACTA2,25.3232,1.7992,1.7739561260364904e-141,1.033987523914624e-138,0.6429,0.3469
17,15,SOX5,24.9982,2.2601,6.394657067056082e-138,3.3012873869896096e-135,0.4812,0.1945
18,1,THBS1,51.6501,3.9775,0.0,0.0,0.933,0.4741
18,2,MMP19,45.6619,4.0131,0.0,0.0,0.7871,0.27
18,3,ZFP36,41.4445,2.3703,0.0,0.0,0.9461,0.6831
18,4,LMNA,40.8646,2.2108,0.0,0.0,0.9574,0.7854
18,5,LITAF,39.1771,2.4055,0.0,0.0,0.8467,0.5034
18,6,SOCS3,37.3744,2.6567,1.0184035332784716e-305,3.066922240468117e-302,0.8143,0.4166
18,7,SAT1,31.8823,1.9403,4.692733286790667e-223,1.2113285394145795e-219,0.8399,0.5825
18,8,NAMPT,31.8014,2.5833,6.199218037966535e-222,1.4001708841002166e-218,0.6371,0.2307
18,9,GADD45B,31.4238,2.5399,9.577341675406458e-217,1.9228109636991032e-213,0.6621,0.2766
18,10,C11orf96,31.1838,2.0385,1.7652722275754058e-213,3.1896703880060006e-210,0.8137,0.4808
18,11,JUNB,30.8067,1.775,2.1286350443327074e-208,3.4965733287316083e-205,0.9336,0.6815
18,12,ICAM1,30.7147,2.8336,3.617993758496398e-207,5.4477941018559516e-204,0.6053,0.253
18,13,FOSB,30.0387,2.2521,3.0715721704728694e-198,4.2692490421749445e-195,0.8756,0.5665
18,14,CCL2,29.6308,2.9093,5.996867741745868e-193,7.739814516114721e-190,0.5582,0.1735
18,15,MCL1,29.413,1.5058,3.7438651002542986e-190,4.509859899766328e-187,0.9012,0.7266
19,1,TAGLN,60.8398,5.3248,0.0,0.0,0.9992,0.5464
19,2,MYL9,59.618,4.6041,0.0,0.0,0.994,0.5604
19,3,ACTA2,59.4564,5.6747,0.0,0.0,0.9947,0.3433
19,4,MYH11,58.6056,6.4519,0.0,0.0,0.9773,0.1662
19,5,TPM2,56.847,4.1575,0.0,0.0,0.9887,0.5404
19,6,LMOD1,50.5646,4.9007,0.0,0.0,0.8866,0.1656
19,7,FLNA,50.1235,3.1814,0.0,0.0,0.9562,0.5961
19,8,HSPB1,48.8222,3.6283,0.0,0.0,0.9237,0.4088
19,9,CNN1,48.4529,5.5608,0.0,0.0,0.8216,0.0824
19,10,MCAM,47.6469,4.8903,0.0,0.0,0.8647,0.1512
19,11,CSRP1,46.8823,2.7108,0.0,0.0,0.9849,0.7104
19,12,IGFBP7,45.8551,2.976,0.0,0.0,0.9735,0.6118
19,13,PLN,45.223,6.3912,0.0,0.0,0.746,0.0379
19,14,ACTB,44.2732,2.5889,0.0,0.0,0.9531,0.6273
19,15,SPARCL1,43.5628,2.9953,0.0,0.0,0.8927,0.4805
20,1,KCNMA1,48.4943,6.8879,0.0,0.0,0.8661,0.063
20,2,THSD4,47.1226,5.6572,0.0,0.0,0.8616,0.1182
20,3,ALCAM,42.0163,5.6287,0.0,0.0,0.7655,0.0727
20,4,JAM2,41.9311,6.3531,0.0,0.0,0.7502,0.0465
20,5,LEPR,41.4125,5.2061,0.0,0.0,0.7718,0.0884
20,6,SLC26A2,38.9218,6.3654,0.0,0.0,0.6999,0.053
20,7,CLU,38.2215,3.8593,0.0,0.0,0.8419,0.3614
20,8,CCN3,37.5021,6.6165,8.52666613276851e-308,1.5406833035299422e-304,0.6721,0.0307
20,9,SLC4A4,37.0281,5.3923,4.044425731707139e-300,6.643520776928754e-297,0.6792,0.0667
20,10,AHCYL2,36.8656,4.9597,1.646001028428336e-297,2.478466048555967e-294,0.6864,0.0753
20,11,FOXC2,36.7015,5.4747,6.915339308590163e-295,9.611789689762742e-292,0.6739,0.0459
20,12,PLEKHA6,34.8306,4.2546,8.382149520949683e-266,1.0818361406717131e-262,0.6748,0.1052
20,13,BNC2,33.9866,3.3563,3.515714059629593e-253,4.235029156229808e-250,0.7179,0.211
20,14,DSP,33.9732,6.3867,5.545360756066716e-253,6.262445218835594e-250,0.6074,0.0248
20,15,PTGDR,32.332,7.3755,2.4815855260494673e-229,2.4910982705659903e-226,0.5705,0.0094
21,1,CD74,46.6262,3.9412,0.0,0.0,0.965,0.581
21,2,APOE,40.2112,4.1359,0.0,0.0,0.8496,0.3207
21,3,LYZ,40.1633,4.4085,0.0,0.0,0.8184,0.2586
21,4,CTSB,35.7546,3.2861,5.618624676386272e-280,2.5380732319405887e-276,0.824,0.3747
21,5,FTL,35.5139,2.9821,2.999375474562463e-276,1.083914308997383e-272,0.8401,0.4524
21,6,C1QB,34.553,4.6108,1.286786607474634e-261,3.87515786840986e-258,0.6736,0.1013
21,7,C1QC,32.5239,4.525,4.901615381654396e-232,1.2652469761587612e-228,0.6377,0.0944
21,8,C1QA,32.4241,4.2371,1.2567299103794587e-230,2.838481593830805e-227,0.649,0.1183
21,9,B2M,31.1911,2.2286,1.4072976478636407e-213,2.8253845776942362e-210,0.8628,0.5639
21,10,PSAP,31.1789,2.3643,2.055723285185765e-213,3.714486404002159e-210,0.7966,0.4624
21,11,IFI30,30.7646,3.6854,7.791562214454643e-208,1.2798703422998269e-204,0.6462,0.1667
21,12,CTSZ,29.8227,2.9597,1.9828828436236696e-195,2.9857258417863408e-192,0.6897,0.2623
21,13,CD68,28.7984,3.5198,2.2486244896177236e-182,3.12541506945405e-179,0.6083,0.148
21,14,TMSB4X,28.6164,1.4166,4.2041674104706515e-180,5.426078638556729e-177,0.9726,0.8719
21,15,CTSD,28.4089,3.1722,1.5684939292421266e-177,1.8894077871650657e-174,0.6329,0.2015
22,1,COL3A1,48.5707,4.9376,0.0,0.0,0.998,0.7621
22,2,CTHRC1,48.2431,5.8402,0.0,0.0,0.9554,0.1326
22,3,COL1A1,47.9397,4.3986,0.0,0.0,0.998,0.8355
22,4,COL1A2,46.9222,3.4559,0.0,0.0,0.998,0.8743
22,5,MMP14,44.8722,3.8281,0.0,0.0,0.9432,0.4098
22,6,MMP11,43.4137,8.3523,0.0,0.0,0.8154,0.037
22,7,SPARC,43.1953,3.0542,0.0,0.0,0.9919,0.7461
22,8,THBS2,42.7958,4.3467,0.0,0.0,0.929,0.2695
22,9,MMP2,41.9865,3.2476,0.0,0.0,0.9736,0.6295
22,10,COL5A2,40.9502,3.2912,0.0,0.0,0.931,0.4402
22,11,VCAN,39.2953,3.664,0.0,0.0,0.9097,0.3409
22,12,COL6A3,38.8853,2.4608,0.0,0.0,0.9868,0.8072
22,13,CTSB,38.1428,3.2419,0.0,0.0,0.8986,0.3742
22,14,LGALS1,37.8612,3.0684,0.0,0.0,0.9097,0.4235
22,15,BGN,37.7584,2.8972,0.0,0.0,0.9615,0.5521
23,1,CCL19,50.8664,9.453,0.0,0.0,0.9632,0.0359
23,2,C3,36.4554,3.8527,5.657581745529723e-291,5.111342227998828e-287,0.8905,0.4735
23,3,C1S,36.0611,2.3018,9.239085646860234e-285,5.564701285103919e-281,0.9726,0.7159
23,4,TIMP1,35.1703,3.6868,5.684100108540824e-271,2.567650121530604e-267,0.8811,0.3985
23,5,C1R,34.8191,2.4415,1.2486539572612294e-265,4.512385670750631e-262,0.9463,0.6125
23,6,CLSTN3,34.6794,3.4773,1.6085594823943708e-263,4.844176881230648e-260,0.7968,0.2119
23,7,VCAM1,33.1411,4.7486,7.605926228891406e-241,1.9633068718548404e-237,0.6863,0.0875
23,8,PAPLN,32.0363,3.088,3.4063781229564195e-225,7.693730787962443e-222,0.7926,0.3241
23,9,IGFBP7,29.1806,2.2172,3.4196956788661295e-187,6.865609024603566e-184,0.9284,0.6141
23,10,COL6A3,29.0575,1.9071,1.2387882568314294e-185,2.2383665012687098e-182,0.9663,0.8076
23,11,EMILIN1,27.0768,2.0972,1.8474195974263213e-161,3.0346386096269274e-158,0.8147,0.4793
23,12,COL3A1,26.9141,2.2407,1.5005368450734086e-159,2.259433354469285e-156,0.9547,0.7627
23,13,B2M,26.2925,1.9181,2.3335615550619338e-152,3.243471056801083e-149,0.8884,0.564
23,14,LUM,25.8423,1.9636,2.967667111857287e-147,3.83019836029638e-144,0.9074,0.6854
23,15,UGCG,25.7529,2.6827,2.991182869612288e-146,3.6031788847349625e-143,0.6663,0.2105
24,1,IGKC,48.7198,6.2724,0.0,0.0,0.9953,0.3846
24,2,IGHG1,45.3701,5.8341,0.0,0.0,0.9563,0.2736
24,3,IGHA1,34.7737,4.2481,6.073772986028415e-265,3.6582334694849146e-261,0.805,0.2249
24,4,MT-CO3,33.0182,2.7115,4.444936618028349e-239,2.007888993778856e-235,0.9113,0.5539
24,5,MT-CO2,31.0252,2.6688,2.462809917353638e-211,8.900102479332577e-208,0.8617,0.5032
24,6,CD74,30.9648,2.5981,1.6083934580765216e-210,4.843676898997445e-207,0.9149,0.5826
24,7,IGHG3,30.5771,5.0514,2.4677678313507117e-205,6.37001384923943e-202,0.6619,0.0831
24,8,MT-ATP6,29.8694,2.577,4.914296686808422e-196,1.1099553354242674e-192,0.8475,0.4931
24,9,COL3A1,29.2959,2.7868,1.1686515492594002e-188,2.3462627603964557e-185,0.9374,0.7632
24,10,B2M,28.0655,2.1653,2.582105257713011e-173,4.665605990161639e-170,0.8723,0.5646
24,11,FTL,28.0077,2.5533,1.3102337527182004e-172,2.152237607078651e-169,0.8014,0.4539
24,12,MT-ND4L,27.9324,2.3367,1.0775770192833687e-171,1.6225615967859325e-168,0.8298,0.4593
24,13,TMSB4X,27.6742,1.4783,1.4296259509246393e-168,1.9870701005582544e-165,0.9716,0.8722
24,14,MT-ND4,27.5858,2.2857,1.6490866562515569e-167,2.12838191370067e-164,0.8215,0.4722
24,15,MT-ND2,27.1665,2.7699,1.6144383533988816e-162,1.9447524405042927e-159,0.7305,0.2833
25,1,COMP,45.762,9.1761,0.0,0.0,1.0,0.0427
25,2,COL1A1,32.9752,3.2434,1.841113968556907e-238,1.6633544148927376e-234,0.9929,0.8362
25,3,COL3A1,32.0357,3.4175,3.469173757035253e-225,2.089483353862333e-221,0.9817,0.7631
25,4,COL1A2,31.2506,2.5125,2.1935353710278286e-214,9.908747654775459e-211,0.9859,0.8749
25,5,THBS2,29.6636,3.6414,2.26584199712808e-193,8.188299809221455e-190,0.8279,0.2729
25,6,COL8A1,29.3327,3.3246,3.9766940330434595e-189,1.197581408051038e-185,0.8082,0.285
25,7,BGN,28.147,2.6134,2.610718601552517e-174,6.73901063020749e-171,0.9309,0.5538
25,8,AEBP1,26.5067,2.0152,8.123914423986038e-155,1.8348876215875466e-151,0.9478,0.7399
25,9,SFRP4,26.463,4.1197,2.586254676097001e-154,5.192337304710746e-151,0.6714,0.1281
25,10,SPARC,25.3608,2.0819,6.823091603997087e-142,1.2328644219262337e-138,0.9394,0.7474
25,11,CTHRC1,24.5127,3.6787,1.0805782100148397e-132,1.7749970615234673e-129,0.653,0.1384
25,12,MMP2,23.8083,2.1223,2.741724137446741e-125,4.1283511199604305e-122,0.9041,0.6314
25,13,COL6A3,23.2045,1.7837,4.0989044997006246e-119,5.697161954237737e-116,0.9549,0.8082
25,14,LTBP2,22.9057,1.9408,4.079471629301938e-116,5.26514091927548e-113,0.9478,0.7262
25,15,COL5A2,22.5738,2.2022,7.843059836844959e-113,9.447749879463437e-110,0.7983,0.4432
26,1,CXCR4,26.319,5.4086,1.1616810692358526e-152,2.0990415240022623e-148,0.649,0.0708
26,2,CORO1A,25.9157,5.2289,4.4263098600109425e-148,3.998949643026886e-144,0.6361,0.0506
26,3,IKZF1,25.4319,5.6114,1.1200223143448673e-142,6.745894399299135e-139,0.6167,0.0369
26,4,B2M,24.9841,2.3138,9.109077015316806e-138,4.114797814743984e-134,0.8599,0.5656
26,5,TRAC,24.811,5.6927,6.821566233105138e-136,2.4651776053195348e-132,0.6006,0.0369
26,6,TRBC2,23.2153,5.3308,3.1923537601479013e-119,9.613773348685405e-116,0.57,0.0447
26,7,WIPF1,23.013,3.6463,3.4523555974772414e-117,8.911516184402326e-114,0.6264,0.1269
26,8,BTG1,21.9133,2.818,1.938683430603921e-106,4.2217902832802394e-103,0.6667,0.2422
26,9,IL7R,21.9096,5.1961,2.102834276911957e-106,4.2217902832802394e-103,0.5427,0.0526
26,10,EVL,21.7906,2.4178,2.849833719115961e-105,5.1493645470706304e-102,0.7407,0.3508
26,11,CYTIP,21.5604,5.2447,4.224949080449582e-103,6.9400549940585e-100,0.5266,0.0332
26,12,LCP1,21.3663,4.1303,2.751189800162317e-101,3.823942192240993e-98,0.5539,0.0773
26,13,TMC8,21.2106,5.897,7.619004411555582e-100,9.83341362231413e-97,0.5089,0.0194
26,14,ARHGAP4,20.9651,4.8983,1.3652193366143164e-97,1.5417592620802552e-94,0.5185,0.0381
26,15,LAPTM5,20.8266,3.541,2.4855659602070337e-96,2.6418641961753465e-93,0.57,0.1263
27,1,RRAD,40.7237,7.0382,0.0,0.0,1.0,0.1549
27,2,FOSB,22.5259,2.8887,2.312545449958492e-112,2.0892691867649998e-108,0.9266,0.5709
27,3,LMNA,17.0698,1.6254,2.4893382739737186e-65,1.4993284424143708e-61,0.9091,0.7885
27,4,ZFP36,15.1347,1.5264,9.559914086007595e-52,4.318452190501781e-48,0.8759,0.6877
27,5,MYADM,13.944,1.4332,3.423257036904955e-44,1.2370966279967126e-40,0.7395,0.5059
27,6,MACF1,13.5758,1.3524,5.5737146791238813e-42,1.678524175618157e-38,0.9406,0.8013
27,7,PLK3,13.5597,1.9588,6.941522263734732e-42,1.7918052254774697e-38,0.5402,0.249
27,8,CCN1,13.5116,1.4885,1.3364970890670903e-41,3.018645737794157e-38,0.8706,0.6574
27,9,NFKBIZ,13.2234,1.5643,6.429403107797665e-40,1.2908098306088445e-36,0.6538,0.3829
27,10,MYH10,12.7536,1.2263,2.9766298585814466e-37,5.378472491470816e-34,0.8689,0.677
27,11,DUSP1,11.999,0.9852,3.5977959577016634e-33,5.909870469064669e-30,0.9371,0.8173
27,12,JUNB,11.8733,1.2146,1.6294488210440962e-32,2.453542562287148e-29,0.8566,0.686
27,13,FOS,11.637,1.3659,2.6728962841126515e-31,3.7151202275101153e-28,0.9213,0.7706
27,14,MCL1,11.5937,1.0499,4.433292897839429e-31,5.721797812218618e-28,0.8706,0.7295
27,15,JUND,11.5864,0.9597,4.832266562832539e-31,5.820948301588076e-28,0.9126,0.7895
28,1,HAS1,31.4239,8.9329,9.53491862821209e-217,1.7228644469316427e-212,0.8513,0.0196
28,2,C3,26.8389,3.8235,1.1367317531905017e-158,1.0269803024199588e-154,0.931,0.4759
28,3,NR4A1,23.7305,3.3408,1.7464787831153993e-124,1.051904171070405e-120,0.9332,0.5524
28,4,UAP1,22.9806,3.6892,7.285557538662363e-117,3.291068479152256e-113,0.7608,0.2346
28,5,FOSL2,21.8097,2.8397,1.8757303034136997e-105,6.778514170476428e-102,0.806,0.3345
28,6,MYC,21.7981,3.4741,2.4167585656315926e-105,7.278068420399541e-102,0.7349,0.1979
28,7,CCDC80,21.5963,3.117,1.9469077933897153e-103,4.3973346148448457e-100,0.7909,0.304
28,8,NAMPT,21.4048,3.2461,1.2061169357933196e-101,2.421480768094388e-98,0.7522,0.2368
28,9,IGFBP4,21.3133,2.9993,8.547381351001099e-101,1.5444263363123885e-97,0.806,0.341
28,10,MT2A,21.2724,3.2398,2.0449618535971707e-100,3.3591287029679347e-97,0.7737,0.2904
28,11,GPRC5A,21.2529,3.8564,3.102418832405158e-100,4.6714671568940667e-97,0.6703,0.1555
28,12,JUNB,21.0895,2.2868,9.922300704312336e-99,1.3791234725093817e-95,0.9612,0.6856
28,13,VEGFA,20.6436,3.3996,1.1138212247647161e-94,1.341709047351577e-91,0.7134,0.2477
28,14,SOCS3,20.323,2.7434,8.04902435184934e-92,9.089863813347858e-89,0.8491,0.4231
28,15,NR4A2,19.7903,3.2341,3.6123279081754102e-87,3.839479586636558e-84,0.6832,0.2076
29,1,TNC,36.4295,7.3444,1.4540377917072014e-290,2.6273008858357422e-286,1.0,0.2011
29,2,THBS1,26.7475,4.1278,1.3202640857204667e-157,1.1927925882441557e-153,0.9227,0.4819
29,3,CCL2,17.7597,3.2663,1.450243272191627e-70,8.734815228410169e-67,0.6269,0.1796
29,4,MMP19,17.5262,2.8868,9.036278406896442e-69,4.0819128633552956e-65,0.6865,0.2794
29,5,GADD45B,17.4007,2.7845,8.153573870963342e-68,2.9465385254887326e-64,0.6755,0.283
29,6,SOCS3,17.0595,2.3864,2.9726151940151104e-65,8.952030656776505e-62,0.7726,0.4236
29,7,CRISPLD2,16.771,2.2518,3.9807880498737895e-63,1.0275551324738501e-59,0.819,0.5293
29,8,NAMPT,16.5263,2.6121,2.3720062162414815e-61,5.357472540158416e-58,0.649,0.2375
29,9,LMNA,16.2835,1.7113,1.2930847042357496e-59,2.59608305787064e-56,0.9272,0.7885
29,10,CD44,16.1366,2.0964,1.4102911427101805e-58,2.5482550657630253e-55,0.7285,0.4324
29,11,NABP1,15.9302,2.8693,3.9080716792989103e-57,6.419540652113819e-54,0.585,0.2097
29,12,ZFP36,15.6386,1.7639,3.970739154778133e-55,5.978940482307174e-52,0.9073,0.6878
29,13,IL1R1,15.4789,2.2486,4.815685461753764e-54,6.69343235449452e-51,0.6667,0.3402
29,14,MT2A,15.2893,2.4116,9.007388921633214e-53,1.162532217321361e-49,0.6534,0.2912
29,15,IL6,15.1436,3.2795,8.348011633483087e-52,1.0056014813693728e-48,0.5342,0.1373
30,1,PTX3,34.8016,10.3686,2.3029604261440577e-265,4.161219193999698e-261,0.9951,0.0231
30,2,THBS1,27.693,4.5382,8.484308338391487e-169,7.66514836831979e-165,0.9562,0.482
30,3,SOD2,27.4888,4.0398,2.3918899908882016e-166,1.4406353415119638e-162,0.944,0.3581
30,4,CCL2,26.678,4.876,8.479271357399698e-157,3.830298853921379e-153,0.8662,0.1786
30,5,MT2A,26.4339,4.1345,5.5954157198413986e-154,2.0220713328362848e-150,0.9051,0.29
30,6,ICAM1,24.9503,4.3242,2.1192450161952552e-137,6.382106366272011e-134,0.8443,0.2579
30,7,SERPINE1,23.2757,4.7655,7.815376305487993e-120,2.0173719209123222e-116,0.8029,0.2471
30,8,NFKBIA,23.2137,3.4128,3.3081751867972425e-119,7.471927181279922e-116,0.8321,0.3416
30,9,MMP19,22.6925,3.5868,5.3120175804795785e-114,1.0664760629076167e-110,0.8418,0.2788
30,10,DEPP1,22.3653,4.191,8.57571212331124e-111,1.549545423561108e-107,0.8151,0.3018
30,11,KDM6B,22.1342,3.3367,1.481859668956661e-108,2.4341565780343555e-105,0.8127,0.2389
30,12,ITPKC,22.1046,3.7058,2.8523790942135306e-108,4.294969821112024e-105,0.7664,0.2185
30,13,NNMT,22.0118,2.9684,2.2224164490806947e-107,3.0889879091106976e-104,0.8686,0.3373
30,14,GFPT2,21.6202,3.7043,1.1597323739283878e-103,1.4968003046080028e-100,0.7397,0.1599
30,15,CD44,21.2787,2.7091,1.787027508640649e-100,2.1526533369085257e-97,0.854,0.4319
31,1,CXCL10,21.8,8.2211,2.3207652136415164e-105,4.193390664528856e-101,0.7466,0.023
31,2,GBP1,21.3102,4.6246,9.121406796396462e-101,8.240734970204383e-97,0.8014,0.1871
31,3,STAT1,18.7908,3.5744,8.986473491995409e-79,5.412552984228835e-75,0.7534,0.2007
31,4,IL32,17.4096,3.24,6.975603799329168e-68,3.114647718588682e-64,0.7466,0.2439
31,5,TAP1,17.3975,3.5151,8.618760635864415e-68,3.114647718588682e-64,0.7021,0.1785
31,6,APOL2,16.9424,3.7245,2.190973430493347e-64,6.598116485930715e-61,0.6781,0.1632
31,7,SOD2,16.2137,2.7715,4.035102182767193e-59,1.041575162006006e-55,0.7945,0.3595
31,8,ICAM1,15.4797,3.0183,4.754308310269661e-54,1.0738199607282815e-50,0.7123,0.2593
31,9,IRF1,15.0903,3.3206,1.8752857376647378e-51,3.7649486659849054e-48,0.6473,0.1994
31,10,TYMP,14.9434,2.8399,1.7189187943495585e-50,3.1059143695102175e-47,0.6781,0.2555
31,11,GBP2,14.638,3.1398,1.6066634196880878e-48,2.6391637573040055e-45,0.6267,0.1753
31,12,PARP14,14.6081,3.1934,2.4947031083459192e-48,3.756399205391868e-45,0.613,0.1672
31,13,TNFAIP2,13.7356,2.7506,6.2135483531905685e-43,8.019471799557171e-40,0.6849,0.3374
31,14,WARS,13.5825,3.5637,5.085947242549774e-42,6.126532048375458e-39,0.5411,0.1109
31,15,LAP3,13.5095,3.1319,1.3754360055580908e-41,1.5532970740268215e-38,0.5616,0.1413
32,1,COL9A3,16.9445,10.2407,2.1120855832993185e-64,3.8163274404635384e-60,0.9528,0.0105
32,2,ITGA10,15.5116,7.1126,2.893919021260732e-54,2.6145111397580083e-50,0.8868,0.0472
32,3,WWP2,14.9907,6.6146,8.450555456510535e-51,5.089769551456295e-47,0.8679,0.1084
32,4,COL9A2,14.8877,9.2975,3.9619542245922134e-50,1.7897137721039175e-46,0.8396,0.021
32,5,COL11A2,14.2579,11.0245,4.002384186071932e-46,1.446381597162675e-42,0.8019,0.0077
32,6,ACAN,14.076,10.0584,5.333463214951398e-45,1.6061724471826137e-41,0.7925,0.0072
32,7,CLU,13.8808,4.6413,8.280618395882681e-44,2.1374641970743454e-40,0.9151,0.3675
32,8,COL11A1,13.8376,6.6158,1.5106934157659644e-43,3.4120899161844012e-40,0.8019,0.0416
32,9,CYTL1,13.265,11.9042,3.6956894147835105e-40,7.419712448413695e-37,0.7453,0.0028
32,10,COL2A1,13.0989,11.8679,3.340583023146825e-39,6.036099464523998e-36,0.7358,0.0019
32,11,STK39,12.3413,4.8962,5.427549006246975e-35,7.543875614913584e-32,0.7453,0.1038
32,12,CHAD,12.0959,12.3137,1.109696545776082e-33,1.4322219204020018e-30,0.6792,0.0009
32,13,AZGP1,11.954,7.8109,6.190237813866145e-33,7.456760470583158e-30,0.6792,0.0167
32,14,RBP4,11.5275,9.0144,9.585645795942493e-31,1.0188413758052054e-27,0.6509,0.0077
32,15,CERCAM,11.3178,4.4815,1.070796546858816e-29,1.018327516062734e-26,0.7075,0.1987
