cluster,n_cells,Vascular Smooth Muscle,Airway Smooth Muscle,Fibroblast,Myofibroblast,Lipofibroblast,Pericyte,Mesothelial
0,8683,-0.22463758508139997,-0.1240115886963031,0.7391564892989437,0.8082886453452234,0.473961392134055,0.129013003420293,-0.016958872496486404
1,8597,-0.09839055538519523,-0.026763645417054914,0.6036396954355502,0.6724255898511301,0.4851833706333635,0.1267707071708848,-0.012875619625633813
2,5524,-0.1126406431783303,-0.038564326710065634,1.0274639316981113,0.9256143465793529,0.6982433749857251,0.15109809313768785,-0.025671258733222558
3,4542,0.6212488157960782,0.4858263309775654,2.4641409660593028,1.6119320071919374,1.5621413807305202,0.0180150206063124,-6.0507099912600744e-05
4,4266,1.5816743996339357,1.5734063138371581,0.5150391010767529,1.3666304190841803,0.3568061480028109,0.35507133371365435,-0.02193671605302912
5,3750,0.4098954446931939,0.33096752788225775,0.7091805665197384,0.6326616207860325,0.716110037276904,0.04579937266922012,0.14203289066634936
6,3374,0.6221417583983019,0.25984774890282364,-0.15673572130434996,-0.08351024940053468,0.21127042209812408,2.098324720175975,-0.013107925114757269
7,3106,0.06301159049544013,0.09152940605658559,0.9998685536404528,0.9431098095344401,0.6422758455535162,-0.10364923702337392,-0.02326910101472774
8,2819,1.287784490950836,1.037132991790434,0.5047389094996175,1.0845427009715967,0.48031331452041176,1.0654028814397438,-0.030563528053590038
9,2602,0.02193679046239906,0.0360404219304847,0.6827669627166175,0.531960956898677,0.5513213286717784,-0.026417387391004115,0.012665753609238984
10,2586,0.3665327366262276,0.30620443264827757,1.0004040766527575,0.9595391417600743,0.735022894879781,0.013936499076794307,-0.0005891047494006391
11,2531,-0.02704267255397693,0.014751425904749137,1.1266514118072892,0.7849712511561516,0.6869425525282828,-0.17842732193001237,-0.02941764698250979
12,2520,0.044567886483022776,0.03331833297771118,0.5701157448745924,0.3700547091151987,0.4910209154604912,-0.12436543895201706,0.026287731416686194
13,2496,-0.032878354413625854,0.007480830883559551,0.8941253095359005,0.7008045895808401,0.688213122342354,-0.013124197387160344,-0.0023053824963124117
14,2436,-0.027716557377012473,0.02739430052110519,0.6762304837823113,0.6916200061761496,0.5319117667204237,0.0938559889506301,-0.010893123879334258
15,2181,0.06638742205993896,0.08069270441041285,1.6393279103662157,1.122479556036998,1.144356229255528,0.05122367204665857,-0.022920819716974745
16,1990,-0.15964697960902713,-0.08394682517243365,0.6612607029083395,0.7002077987613399,0.4842858945041443,0.0831711922442694,0.12180525084784855
17,1966,0.6496084158116978,0.5302199751508562,1.4977593294468186,1.6466691756406115,0.8800832774898647,-0.026639606081942213,-0.009895506159353614
18,1761,-0.00836718631618835,0.008444754155368567,0.6724915499933587,0.5617870501142407,0.5456583903588601,-0.001470987546766613,-0.009577221762593404
19,1323,2.844939752560957,2.350780947534586,0.28622469200388706,1.3767380811531975,0.3422249250842693,0.3076947356147412,-0.004702917026719677
20,1113,0.10277857798575357,0.10356760124204814,0.6218831006493104,0.26091209042532815,0.8199731321476218,-0.17825953689082777,-0.017226442068649334
21,1057,0.23728515643195294,0.22248971904124856,1.0445767436302704,0.8057915278719404,1.3035402568173846,0.015045239699071134,0.0008592467774025952
22,986,0.7304051585609311,0.5743043608525217,2.5096338510078082,1.4888258479961758,1.532970699320942,0.03934735794660602,-0.024123254456192154
23,950,0.23236341024804524,0.16889800636140911,1.4094509489210016,0.7990779476655154,1.1358589170204962,0.02078055957827651,-0.04150593888776456
24,846,0.592328999112496,0.42876090785854026,1.6259416084932108,1.0918013053611109,1.3141372698756817,-0.01729687001406442,0.004527288141602342
25,709,0.63531567450555,0.5026374653700545,2.001134983218773,1.6117826447802954,1.2498047537275698,0.027106486420481198,-0.008875938680197147
26,621,0.4541349181249715,0.39710699970979435,0.8251906809561103,0.6607029985172158,0.7552218000170876,-0.07865084143780404,-0.045840375269783344
27,572,-0.02466626473170615,0.016226175506631812,0.5937928809736163,0.6427251026722102,0.4956881636381155,0.038963097119942704,-0.011963642056982958
28,464,0.007169288246110924,0.03259572469982605,0.6501390056363467,0.38160178692176383,0.4718682715348129,-0.26914656209020776,0.5088049751009317
29,453,0.1233968217588681,0.11845636569901018,0.718785191687527,0.5725014484876036,0.5722161435659885,-0.06362989409869868,-0.017021088443360605
30,411,0.013405647551926381,0.009409917050614561,0.8590474316325496,0.5689174291948329,0.7067266088593617,-0.020786172332361495,0.011479796166211486
31,292,0.14003806589809176,0.11199242077461674,1.0668376810828297,0.5395965905916198,0.7960509111130073,-0.09217435310964725,-0.0016635588011303063
32,106,-0.14913374013870773,-0.0858234666428476,-0.17505243818714933,-0.10302646659455206,0.14844790079683626,0.4861148224236831,-0.05679401774328139
