clu,n_cells,上皮,T/NK,B/浆,髓系,成纤维,内皮
0,8683,0.2354,-0.0576,-0.0876,-0.1072,1.0139,-0.0996
1,8597,0.2021,-0.0591,-0.1091,-0.0998,0.9914,-0.1133
10,2586,0.2238,-0.046,0.0013,-0.0667,1.3903,-0.103
11,2531,0.2113,-0.0592,-0.0134,-0.0886,1.5676,-0.022
12,2520,0.1505,-0.0549,-0.0532,-0.0879,1.0423,-0.1187
13,2496,0.2481,-0.0409,0.045,-0.0565,1.3778,-0.1166
14,2436,0.2224,-0.0585,-0.0998,-0.0942,1.0881,-0.1114
15,2181,0.2229,-0.0191,0.0869,-0.0143,2.0065,-0.107
16,1990,0.6763,-0.0509,-0.0395,-0.0633,1.0501,0.0006
17,1966,0.2667,-0.049,-0.0602,-0.0983,1.391,-0.0682
18,1761,0.1609,-0.0551,-0.0969,-0.0966,1.048,-0.1286
19,1323,0.4909,-0.0601,0.082,0.0164,1.3134,0.0652
2,5524,0.2348,-0.0475,-0.0351,-0.0854,1.4205,-0.1008
20,1113,0.4365,-0.0834,-0.0475,0.0531,0.8805,-0.0347
21,1057,0.4599,0.0416,0.1588,0.9243,1.4204,-0.0199
22,986,0.1924,0.0098,0.4655,0.062,2.6819,-0.1054
23,950,0.2403,-0.0004,0.2043,0.0883,1.8578,-0.1039
24,846,0.5309,0.0524,0.9178,0.4207,1.9438,0.0268
25,709,0.2322,-0.038,0.1445,-0.0331,2.2832,-0.0774
26,621,0.3823,0.4498,0.2608,0.1899,1.1321,-0.0726
27,572,0.191,-0.0552,-0.1125,-0.1018,1.0181,-0.1194
28,464,0.2328,-0.0724,0.0422,-0.0739,0.95,-0.0447
29,453,0.197,-0.0493,-0.0281,-0.0782,1.1017,-0.1099
3,4542,0.2272,0.0014,0.2886,0.0549,2.5879,-0.0958
30,411,0.3958,-0.0419,-0.0018,-0.0476,1.3396,-0.1236
31,292,0.2498,-0.0268,0.1092,0.0439,1.489,-0.0986
32,106,0.2818,-0.0998,0.0373,0.0338,0.3764,-0.113
4,4266,0.3048,-0.0721,-0.039,-0.0643,0.9111,-0.056
5,3750,1.1353,0.0115,0.2038,0.2008,1.3276,0.2009
6,3374,0.2991,0.009,0.0091,-0.0041,0.8537,-0.0135
7,3106,0.204,-0.0627,-0.0486,-0.0869,1.1981,-0.0789
8,2819,0.2732,-0.0407,-0.0287,-0.0463,1.0782,-0.084
9,2602,0.1738,-0.0558,-0.069,-0.083,1.1422,-0.1108
