raw,n_cells,gene_set,gene,pct_in,pct_bg,ratio,n_bg,bg_nCount_IQR
17,6574,结构型上皮,EPCAM,0.0421,0.1027,0.41,126548,1154~1699
17,6574,结构型上皮,KRT8,0.1004,0.1762,0.57,126548,1154~1699
17,6574,结构型上皮,KRT19,0.0706,0.0799,0.88,126548,1154~1699
17,6574,结构型上皮,CDH1,0.0245,0.0614,0.4,126548,1154~1699
17,6574,结构型上皮,NKX2-1,0.0716,0.1937,0.37,126548,1154~1699
17,6574,结构型上皮,AGER,0.2662,0.3256,0.82,126548,1154~1699
17,6574,结构型上皮,CAV1,0.1322,0.2717,0.49,126548,1154~1699
17,6574,结构型上皮,PDPN,0.0113,0.0408,0.28,126548,1154~1699
17,6574,分泌型上皮(易环境RNA),SFTPC,0.6889,0.6267,1.1,126548,1154~1699
17,6574,分泌型上皮(易环境RNA),SFTPA1,0.5771,0.5315,1.09,126548,1154~1699
17,6574,分泌型上皮(易环境RNA),SFTPB,0.7,0.6859,1.02,126548,1154~1699
17,6574,分泌型上皮(易环境RNA),NAPSA,0.1644,0.2085,0.79,126548,1154~1699
17,6574,分泌型上皮(易环境RNA),SCGB3A2,0.1301,0.1264,1.03,126548,1154~1699
17,6574,分泌型上皮(易环境RNA),SCGB1A1,0.1667,0.1644,1.01,126548,1154~1699
17,6574,T/NK 核心,CD3D,0.014,0.1066,0.13,126548,1154~1699
17,6574,T/NK 核心,CD3E,0.0243,0.1447,0.17,126548,1154~1699
17,6574,T/NK 核心,CD3G,0.0113,0.0755,0.15,126548,1154~1699
17,6574,T/NK 核心,TRAC,0.0472,0.2133,0.22,126548,1154~1699
17,6574,T/NK 核心,CD4,0.1685,0.2078,0.81,126548,1154~1699
17,6574,T/NK 核心,IL7R,0.0503,0.1958,0.26,126548,1154~1699
17,6574,T/NK 核心,CD8A,0.0117,0.0616,0.19,126548,1154~1699
17,6574,T/NK 核心,NKG7,0.0332,0.0984,0.34,126548,1154~1699
17,6574,T/NK 核心,GNLY,0.0163,0.0492,0.33,126548,1154~1699
17,6574,T/NK 核心,KLRD1,0.0076,0.0515,0.15,126548,1154~1699
17,6574,T/NK 核心,PRF1,0.0161,0.0967,0.17,126548,1154~1699
17,6574,T/NK 核心,GZMB,0.0071,0.0391,0.18,126548,1154~1699
26,3103,结构型上皮,EPCAM,0.0593,0.21,0.28,175363,1477~3244
26,3103,结构型上皮,KRT8,0.1769,0.2898,0.61,175363,1477~3244
26,3103,结构型上皮,KRT19,0.0429,0.1523,0.28,175363,1477~3244
26,3103,结构型上皮,CDH1,0.0954,0.1393,0.69,175363,1477~3244
26,3103,结构型上皮,NKX2-1,0.0851,0.3564,0.24,175363,1477~3244
26,3103,结构型上皮,AGER,0.3748,0.4019,0.93,175363,1477~3244
26,3103,结构型上皮,CAV1,0.0999,0.3255,0.31,175363,1477~3244
26,3103,结构型上皮,PDPN,0.0122,0.0776,0.16,175363,1477~3244
26,3103,分泌型上皮(易环境RNA),SFTPC,0.6304,0.7125,0.88,175363,1477~3244
26,3103,分泌型上皮(易环境RNA),SFTPA1,0.5714,0.6513,0.88,175363,1477~3244
26,3103,分泌型上皮(易环境RNA),SFTPB,0.7119,0.7847,0.91,175363,1477~3244
26,3103,分泌型上皮(易环境RNA),NAPSA,0.1747,0.3413,0.51,175363,1477~3244
26,3103,分泌型上皮(易环境RNA),SCGB3A2,0.126,0.1869,0.67,175363,1477~3244
26,3103,分泌型上皮(易环境RNA),SCGB1A1,0.1392,0.1909,0.73,175363,1477~3244
26,3103,T/NK 核心,CD3D,0.0213,0.085,0.25,175363,1477~3244
26,3103,T/NK 核心,CD3E,0.0451,0.1105,0.41,175363,1477~3244
26,3103,T/NK 核心,CD3G,0.0171,0.064,0.27,175363,1477~3244
26,3103,T/NK 核心,TRAC,0.0619,0.151,0.41,175363,1477~3244
26,3103,T/NK 核心,CD4,0.5791,0.2366,2.45,175363,1477~3244
26,3103,T/NK 核心,IL7R,0.2185,0.1516,1.44,175363,1477~3244
26,3103,T/NK 核心,CD8A,0.0193,0.0443,0.44,175363,1477~3244
26,3103,T/NK 核心,NKG7,0.069,0.0765,0.9,175363,1477~3244
26,3103,T/NK 核心,GNLY,0.0193,0.0408,0.47,175363,1477~3244
26,3103,T/NK 核心,KLRD1,0.0068,0.0396,0.17,175363,1477~3244
26,3103,T/NK 核心,PRF1,0.0171,0.0726,0.24,175363,1477~3244
26,3103,T/NK 核心,GZMB,0.2723,0.0338,8.05,175363,1477~3244
38,1147,结构型上皮,EPCAM,0.1526,0.0997,1.53,121064,1162~1667
38,1147,结构型上皮,KRT8,0.2127,0.1731,1.23,121064,1162~1667
38,1147,结构型上皮,KRT19,0.0532,0.0789,0.67,121064,1162~1667
38,1147,结构型上皮,CDH1,0.0889,0.0595,1.49,121064,1162~1667
38,1147,结构型上皮,NKX2-1,0.2554,0.1883,1.36,121064,1162~1667
38,1147,结构型上皮,AGER,0.4412,0.323,1.37,121064,1162~1667
38,1147,结构型上皮,CAV1,0.1909,0.2677,0.71,121064,1162~1667
38,1147,结构型上皮,PDPN,0.0235,0.0396,0.59,121064,1162~1667
38,1147,分泌型上皮(易环境RNA),SFTPC,0.9991,0.6248,1.6,121064,1162~1667
38,1147,分泌型上皮(易环境RNA),SFTPA1,0.9869,0.5286,1.87,121064,1162~1667
38,1147,分泌型上皮(易环境RNA),SFTPB,0.9974,0.683,1.46,121064,1162~1667
38,1147,分泌型上皮(易环境RNA),NAPSA,0.7472,0.2029,3.68,121064,1162~1667
38,1147,分泌型上皮(易环境RNA),SCGB3A2,0.2711,0.1245,2.18,121064,1162~1667
38,1147,分泌型上皮(易环境RNA),SCGB1A1,0.1543,0.1634,0.94,121064,1162~1667
38,1147,T/NK 核心,CD3D,0.3156,0.1034,3.05,121064,1162~1667
38,1147,T/NK 核心,CD3E,0.469,0.1405,3.34,121064,1162~1667
38,1147,T/NK 核心,CD3G,0.2267,0.0733,3.09,121064,1162~1667
38,1147,T/NK 核心,TRAC,0.7585,0.2068,3.67,121064,1162~1667
38,1147,T/NK 核心,CD4,0.3793,0.206,1.84,121064,1162~1667
38,1147,T/NK 核心,IL7R,0.524,0.1915,2.74,121064,1162~1667
38,1147,T/NK 核心,CD8A,0.1456,0.0603,2.42,121064,1162~1667
38,1147,T/NK 核心,NKG7,0.1308,0.0968,1.35,121064,1162~1667
38,1147,T/NK 核心,GNLY,0.0418,0.0483,0.87,121064,1162~1667
38,1147,T/NK 核心,KLRD1,0.0349,0.0508,0.69,121064,1162~1667
38,1147,T/NK 核心,PRF1,0.2058,0.0946,2.17,121064,1162~1667
38,1147,T/NK 核心,GZMB,0.0436,0.0383,1.14,121064,1162~1667
44,404,结构型上皮,EPCAM,0.0594,0.0936,0.63,105710,1142~1549
44,404,结构型上皮,KRT8,0.1089,0.1643,0.66,105710,1142~1549
44,404,结构型上皮,KRT19,0.0371,0.074,0.5,105710,1142~1549
44,404,结构型上皮,CDH1,0.0223,0.0545,0.41,105710,1142~1549
44,404,结构型上皮,NKX2-1,0.0693,0.1755,0.39,105710,1142~1549
44,404,结构型上皮,AGER,0.3688,0.3153,1.17,105710,1142~1549
44,404,结构型上皮,CAV1,0.3193,0.2608,1.22,105710,1142~1549
44,404,结构型上皮,PDPN,0.0272,0.0366,0.74,105710,1142~1549
44,404,分泌型上皮(易环境RNA),SFTPC,0.6757,0.6179,1.09,105710,1142~1549
44,404,分泌型上皮(易环境RNA),SFTPA1,0.5446,0.5192,1.05,105710,1142~1549
44,404,分泌型上皮(易环境RNA),SFTPB,0.7302,0.6738,1.08,105710,1142~1549
44,404,分泌型上皮(易环境RNA),NAPSA,0.1559,0.1961,0.8,105710,1142~1549
44,404,分泌型上皮(易环境RNA),SCGB3A2,0.1015,0.1216,0.83,105710,1142~1549
44,404,分泌型上皮(易环境RNA),SCGB1A1,0.1436,0.1609,0.89,105710,1142~1549
44,404,T/NK 核心,CD3D,0.3069,0.105,2.92,105710,1142~1549
44,404,T/NK 核心,CD3E,0.3936,0.1427,2.76,105710,1142~1549
44,404,T/NK 核心,CD3G,0.2178,0.0732,2.98,105710,1142~1549
44,404,T/NK 核心,TRAC,0.6609,0.2134,3.1,105710,1142~1549
44,404,T/NK 核心,CD4,0.4134,0.2009,2.06,105710,1142~1549
44,404,T/NK 核心,IL7R,0.6708,0.1962,3.42,105710,1142~1549
44,404,T/NK 核心,CD8A,0.0941,0.0622,1.51,105710,1142~1549
44,404,T/NK 核心,NKG7,0.0866,0.0991,0.87,105710,1142~1549
44,404,T/NK 核心,GNLY,0.0272,0.0488,0.56,105710,1142~1549
44,404,T/NK 核心,KLRD1,0.0248,0.0514,0.48,105710,1142~1549
44,404,T/NK 核心,PRF1,0.1535,0.0968,1.59,105710,1142~1549
44,404,T/NK 核心,GZMB,0.0297,0.0382,0.78,105710,1142~1549
