cluster,n_cells,A_lineage,A_top2,A_margin,A_scores,B_lineage_mode,B_majority_voting,B_agreement_rate,B_mean_confidence,B_ambiguous_frac,B2_jaccard_argmax,B2_jaccard_value,B2_jaccard_all,driver_genes_meandiff,driver_genes_wilcoxon,tri_agree
0,36608,T/NK,上皮,0.4220686590016538,上皮=+0.188;T/NK=+0.610;B/浆=+0.147;髓系=-0.062;成纤维=+0.011;内皮=-0.223,T/NK,CD4 T cells,0.9687226835664335,0.8640195635596745,0.002458479020979021,T/NK,0.06363636363636363,上皮=0.000;T/NK=0.064;B/浆=0.000;髓系=0.014;成纤维=0.000;内皮=0.014,TRAC;TRBC2;IL7R;IL32;CD2;CORO1A;IKZF1;EVL;CXCR4;AKNA;TMC8;IL2RG;CD96;ETS1;CD6,TRAC;EVL;CD2;CORO1A;IKZF1;AKNA;IL32;TRBC2;TMC8;CD96;IL2RG;ACAP1;WIPF1;CD6;IL7R,True
1,31962,内皮,上皮,1.02859122109604,上皮=+0.339;T/NK=-0.149;B/浆=+0.002;髓系=-0.090;成纤维=+0.099;内皮=+1.368,内皮,EC arterial,0.846317502033665,0.5869159866432284,0.015549715286903198,内皮,0.02040816326530612,上皮=0.000;T/NK=0.000;B/浆=0.000;髓系=0.000;成纤维=0.006;内皮=0.020,EGFL7;VWF;EPAS1;LIMS2;PTPRB;CDH5;NPDC1;PECAM1;CD93;CALCRL;TMEM100;AQP1;LDB2;CLDN5;ENG,EGFL7;EPAS1;PTPRB;VWF;LIMS2;CDH5;NPDC1;PECAM1;CD93;CALCRL;LDB2;ENG;AQP1;TEK;CLEC14A,True
2,14264,成纤维,上皮,1.326642277954269,上皮=+0.107;T/NK=-0.212;B/浆=-0.009;髓系=-0.147;成纤维=+1.434;内皮=-0.156,成纤维,Alveolar fibroblasts,0.9390072910824453,0.7961617599803715,0.01437184520471116,上皮,0.031578947368421054,上皮=0.032;T/NK=0.009;B/浆=0.000;髓系=0.004;成纤维=0.006;内皮=0.007,THBS1;CRISPLD2;TNXB;FN1;COL6A2;COL6A3;ELN;CCN1;FOSB;COL6A1;PTGDS;NKD2;A2M;DCN;LTBP2,SFTPC;SFTPA1;SFTPB;SFTPD;NAPSA;SLC34A2;ABCA3;LAMP3;LRRK2;CTSH;MUC1;SLPI;NPC2;SELENBP1;LPCAT1,False
3,13449,髓系,上皮,0.699936560710562,上皮=+0.148;T/NK=-0.121;B/浆=+0.035;髓系=+0.848;成纤维=-0.008;内皮=-0.131,髓系,Non-classical monocytes,0.7842218752323593,0.40236286511817565,0.020447616923191317,上皮,0.01730103806228374,上皮=0.017;T/NK=0.000;B/浆=0.000;髓系=0.000;成纤维=0.006;内皮=0.000,ITGAX;SPI1;LYZ;IFI30;FGL2;HSPA6;CIITA;TYMP;LILRB2;CYBB;CSF1R;ALOX5;SRGN;FTH1;ZEB2,GPRC5A;AGER;EMP2;CYP4B1;RTKN2;CAV1;LMO7;VEGFA;ARHGEF26;COL4A3;EPS8L2;CD55;LAMA3;ATP13A4;RAB11FIP1,False
4,13347,髓系,上皮,1.2016988658682695,上皮=+0.110;T/NK=-0.098;B/浆=+0.031;髓系=+1.311;成纤维=+0.005;内皮=-0.132,髓系,Interstitial Mph perivascular,0.8401138832696486,0.5082296898097418,0.008616168427361954,成纤维,0.03048780487804878,上皮=0.000;T/NK=0.000;B/浆=0.000;髓系=0.004;成纤维=0.030;内皮=0.007,STAB1;MS4A7;MS4A6A;CD163;C1QC;CSF1R;CTSB;C1QA;CD14;SLCO2B1;HSPA6;LGMN;C1QB;CD74;FCGRT,MACF1;TNXB;PLEKHH2;LTBP4;ELN;FN1;DST;COL6A1;A2M;COL6A2;MYH10;NKD2;COL6A3;PTPRS;PTGDS,False
5,12725,成纤维,上皮,0.9285263197801286,上皮=+0.248;T/NK=-0.154;B/浆=+0.015;髓系=-0.080;成纤维=+1.177;内皮=-0.077,成纤维,Smooth muscle,0.8400785854616896,0.564652283059204,0.759056974459725,髓系,0.0821256038647343,上皮=0.021;T/NK=0.035;B/浆=0.011;髓系=0.082;成纤维=0.000;内皮=0.007,COL6A2;ACTA2;TAGLN;COL6A1;MCAM;COL4A2;PDGFRB;MYH11;TPM2;TPM1;MYL9;NOTCH3;CALD1;COL4A1;PRKG1,CD68;LYZ;IFI30;GRN;PSAP;CTSB;CTSD;FTL;CTSZ;APOE;CTSS;ACP5;C1QB;GPNMB;CD74,False
6,8422,T/NK,上皮,1.0151656870942882,上皮=+0.204;T/NK=+1.219;B/浆=+0.088;髓系=-0.054;成纤维=-0.030;内皮=-0.192,T/NK,NK cells,0.9242460223224888,0.6861787057977893,0.007124198527665638,成纤维,0.05625,上皮=0.010;T/NK=0.000;B/浆=0.000;髓系=0.004;成纤维=0.056;内皮=0.014,GNLY;NKG7;PRF1;KLRD1;CCL5;KLRK1;ZAP70;EFHD2;ITGAL;CST7;ADGRG1;AKNA;CD247;CORO1A;CTSW,COL1A2;COL1A1;COL3A1;DCN;COL6A2;C1S;COL6A3;AEBP1;COL6A1;LUM;MMP2;FBLN1;C1R;COL5A1;FN1,False
7,7881,内皮,上皮,1.1503537075198356,上皮=+0.457;T/NK=-0.188;B/浆=-0.013;髓系=-0.125;成纤维=-0.022;内皮=+1.607,内皮,EC aerocyte capillary,0.9431544220276614,0.8556925518041396,0.004060398426595609,上皮,0.0425531914893617,上皮=0.043;T/NK=0.009;B/浆=0.000;髓系=0.004;成纤维=0.000;内皮=0.007,EGFL7;HPGD;AQP1;CDH5;ADGRL2;EDNRB;PECAM1;HECW2;ACE;EPAS1;VIPR1;PCDH1;SLC9A3R2;NPDC1;CLDN5,CEACAM6;KRT8;CLDN4;MUC1;KRT7;WFDC2;EPCAM;SLC34A2;ELF3;SPINT2;LGALS3BP;LAPTM4B;TACSTD2;NKX2-1;MAL2,False
8,6989,上皮,B/浆,1.484153221771075,上皮=+1.633;T/NK=-0.267;B/浆=+0.149;髓系=-0.172;成纤维=-0.071;内皮=-0.085,上皮,AT2,0.9929889826870797,0.9558359121599685,0.00042924595793389613,上皮,0.01730103806228374,上皮=0.017;T/NK=0.009;B/浆=0.000;髓系=0.004;成纤维=0.006;内皮=0.007,SFTPC;SFTPB;FGG;SFTPA1;SLC34A2;SFTPD;ABCA3;LRRK2;NAPSA;MUC1;CTSH;PIGR;LPCAT1;LAMP3;SLPI,MLPH;MUC1;LRRK2;SFTPB;NKX2-1;SELENBP1;ABCA3;SLC34A2;SFTPA1;SLC22A31;ACOXL;ROS1;SFTPC;CTSH;SFTA3,True
9,6574,上皮,髓系,0.2099791439569219,上皮=+0.271;T/NK=-0.175;B/浆=+0.031;髓系=+0.061;成纤维=-0.004;内皮=-0.158,髓系,Mast cells,0.011408579251597202,0.9707720345350999,0.9669911773653788,T/NK,0.07339449541284404,上皮=0.000;T/NK=0.073;B/浆=0.000;髓系=0.009;成纤维=0.000;内皮=0.007,CPA3;HDC;KIT;MS4A2;VWA5A;SLC18A2;GATA2;IL1RL1;ALOX5;SLC45A3;RGS13;TPSG1;ATP6V0A2;SIGLEC6;HPGDS,CCL5;AKNA;CORO1A;TRAC;NKG7;KLRK1;TRBC2;ITGAL;GZMA;IL32;EVL;WIPF1;IKZF1;CD8A;CD96,False
10,6564,上皮,B/浆,0.37110793350360394,上皮=+0.374;T/NK=-0.228;B/浆=+0.003;髓系=-0.186;成纤维=-0.066;内皮=-0.191,上皮,Multiciliated (non-nasal),0.9844606946983546,0.957136565869709,0.0015234613040828763,成纤维,0.024242424242424242,上皮=0.007;T/NK=0.000;B/浆=0.000;髓系=0.009;成纤维=0.024;内皮=0.007,CFAP157;DNAAF1;CAPS;MAPK15;TPPP3;ODF3B;DLEC1;MS4A8;VWA3A;CFAP73;RSPH1;CFAP43;CCDC78;HYDIN;CDHR3,COL6A2;TNXB;THBS1;COL6A3;CRISPLD2;FN1;COL6A1;ELN;AEBP1;JUNB;COL5A1;CCN1;LTBP2;LTBP4;NKD2,False
11,6492,上皮,B/浆,1.392501406761311,上皮=+1.554;T/NK=-0.281;B/浆=+0.161;髓系=-0.218;成纤维=-0.083;内皮=-0.179,上皮,AT2,0.9260628465804066,0.5451627129017446,0.007239679605668515,髓系,0.037037037037037035,上皮=0.014;T/NK=0.017;B/浆=0.011;髓系=0.037;成纤维=0.000;内皮=0.000,SCGB3A2;SFTPB;PIGR;SLC34A2;MUC1;RNASE1;CEACAM6;SLPI;WFDC2;NAPSA;NKX2-1;CYB5A;GPRC5A;CTSH;LPCAT1,SPI1;ITGAX;TYMP;IFI30;FGL2;LYZ;HSPA6;FTH1;LILRB2;ALOX5;THEMIS2;CSF1R;ARRB2;CLEC7A;CIITA,False
12,30961,上皮,B/浆,1.634879096053046,上皮=+1.755;T/NK=-0.256;B/浆=+0.120;髓系=-0.194;成纤维=-0.109;内皮=-0.080,上皮,AT2,0.9986434546687768,0.9669671724757181,0.00016149349181227997,髓系,0.03225806451612903,上皮=0.003;T/NK=0.009;B/浆=0.011;髓系=0.032;成纤维=0.000;内皮=0.000,SFTPC;SFTPB;SFTPA1;SLC34A2;SFTPD;NAPSA;LRRK2;MUC1;SLPI;ABCA3;CTSH;PIGR;LAMP3;NPC2;LPCAT1,MS4A7;STAB1;MS4A6A;CD163;CSF1R;FCGRT;SLCO2B1;CD14;C1QC;CTSB;DAB2;HSPA6;C1QA;CD74;LGMN,False
13,6176,B/浆,成纤维,1.0067737247759347,上皮=+0.342;T/NK=+0.155;B/浆=+1.560;髓系=+0.258;成纤维=+0.554;内皮=-0.029,B/浆,Plasma cells,0.5053432642487047,0.6854446931958964,0.01764896373056995,成纤维,0.03680981595092025,上皮=0.003;T/NK=0.000;B/浆=0.000;髓系=0.000;成纤维=0.037;内皮=0.014,IGHG1;IGKC;JCHAIN;TXNDC5;IGHG3;MZB1;IGHA1;XBP1;PIM2;ITM2C;IGHM;SSR4;CXCR4;DERL3;MT-CO2,COL6A2;COL6A1;MCAM;COL4A2;MYL9;ACTA2;TPM1;CALD1;TAGLN;TPM2;PDGFRB;MYH11;NOTCH3;PRKG1;COL4A1,False
14,5501,B/浆,成纤维,1.074659074229362,上皮=+0.165;T/NK=-0.147;B/浆=+1.262;髓系=+0.044;成纤维=+0.187;内皮=-0.193,B/浆,B cells,0.9861843301217961,0.9773385297505295,0.00036357025995273584,T/NK,0.05405405405405406,上皮=0.003;T/NK=0.054;B/浆=0.000;髓系=0.014;成纤维=0.000;内皮=0.000,MS4A1;CXCR4;CD79A;CD74;IGKC;CD37;LTB;BANK1;CIITA;SELL;IGHG1;IGHM;LAPTM5;IGHA1;IRF8,NKG7;PRF1;GNLY;KLRD1;EFHD2;ZAP70;ITGAL;KLRK1;AKNA;CST7;CCL5;CD247;CORO1A;CTSW;ADGRG1,False
15,5388,上皮,B/浆,0.939491055140427,上皮=+1.087;T/NK=-0.220;B/浆=+0.147;髓系=-0.121;成纤维=-0.014;内皮=-0.154,上皮,pre-TB secretory,0.9053452115812918,0.6511365072363229,0.013734224201930215,内皮,0.041666666666666664,上皮=0.003;T/NK=0.000;B/浆=0.000;髓系=0.000;成纤维=0.006;内皮=0.042,SCGB1A1;SCGB3A1;PIGR;SLPI;ELF3;WFDC2;BPIFB1;SCGB3A2;CP;CRACR2B;CAPS;SFTPB;KLK11;MUC1;TACSTD2,HPGD;EGFL7;ADGRL2;AQP1;PECAM1;CDH5;HECW2;EDNRB;ACE;EPAS1;VIPR1;PCDH1;SLC9A3R2;APP;NPDC1,False
16,4469,B/浆,上皮,2.403294277967089,上皮=+0.135;T/NK=-0.081;B/浆=+2.538;髓系=+0.009;成纤维=+0.115;内皮=+0.006,B/浆,Plasma cells,0.9697918997538599,0.9421961384746069,0.0017901096442157081,上皮,0.035211267605633804,上皮=0.035;T/NK=0.009;B/浆=0.000;髓系=0.004;成纤维=0.006;内皮=0.007,IGHG1;IGKC;MZB1;TXNDC5;JCHAIN;XBP1;PIM2;ITM2C;SSR4;DERL3;TENT5C;CD79A;PDK1;SEC11C;HERPUD1,FGG;ABCA3;SFTPB;SFTPA1;SFTPD;NAPSA;LRRK2;SLC34A2;MUC1;SFTPC;LAMP3;CTSH;LPCAT1;DHCR24;CSF3R,False
17,3897,上皮,B/浆,0.6762704537895996,上皮=+0.973;T/NK=-0.192;B/浆=+0.297;髓系=+0.014;成纤维=+0.057;内皮=-0.121,上皮,AT2,0.8763151141904029,0.5524674287142571,0.01334359763920965,内皮,0.041666666666666664,上皮=0.010;T/NK=0.035;B/浆=0.011;髓系=0.032;成纤维=0.018;内皮=0.042,SCGB3A1;PIGR;SLPI;WFDC2;LTF;SFTPB;CLU;MUC1;BPIFB1;RNASE1;SCGB3A2;AZGP1;LYZ;CXCL17;DMBT1,CPA3;KIT;HDC;MS4A2;SLC18A2;IL1RL1;VWA5A;GATA2;ALOX5;SLC45A3;RGS13;TPSG1;ATP6V0A2;SIGLEC6;P2RX1,False
18,3437,内皮,上皮,0.37233111073741915,上皮=+0.273;T/NK=-0.219;B/浆=+0.025;髓系=-0.129;成纤维=+0.112;内皮=+0.645,内皮,Lymphatic EC differentiating,0.9156240907768403,0.7245273468332718,0.011347105033459412,上皮,0.01730103806228374,上皮=0.017;T/NK=0.000;B/浆=0.000;髓系=0.000;成纤维=0.000;内皮=0.000,CCL21;FLT4;SHC1;MMRN1;PROX1;EGFL7;PPFIBP1;KALRN;DOCK5;IGFBP7;NRP2;TBX1;ITGA9;TNXB;CDH5,CFAP157;CAPS;DNAAF1;RSPH1;ODF3B;MS4A8;MAPK15;CFAP73;TPPP3;CFAP43;CCDC78;HYDIN;CDHR3;DLEC1;DNAI1,False
19,3103,B/浆,上皮,0.1458546908058018,上皮=+0.136;T/NK=+0.007;B/浆=+0.282;髓系=+0.129;成纤维=-0.049;内皮=-0.163,髓系,DC1,0.011279407025459234,0.8331582889250896,0.003222687721559781,上皮,0.061371841155234655,上皮=0.061;T/NK=0.009;B/浆=0.000;髓系=0.009;成纤维=0.006;内皮=0.000,IRF8;WDFY4;CD74;CIITA;MPEG1;LSP1;CSF2RA;LCP1;CST3;SPI1;FGD2;CTSZ;CCDC88A;ADAM19;EHBP1L1,SCGB3A2;PIGR;MUC1;RNASE1;SLC34A2;WFDC2;CEACAM6;SFTPB;CYB5A;CXCL17;NKX2-1;CLDN4;C16orf89;LGALS3BP;SDC4,False
20,2939,B/浆,成纤维,1.1363696351958912,上皮=+0.379;T/NK=-0.013;B/浆=+1.591;髓系=+0.218;成纤维=+0.455;内皮=-0.013,B/浆,Plasma cells,0.7179312691391629,0.7456570519695368,0.015311330384484519,B/浆,0.047619047619047616,上皮=0.007;T/NK=0.017;B/浆=0.048;髓系=0.023;成纤维=0.000;内皮=0.000,IGHA1;JCHAIN;TXNDC5;IGKC;MZB1;DERL3;PIM2;ITM2C;IGHG1;SSR4;HERPUD1;XBP1;POU2AF1;TENT5C;SEC11C,IGHG1;IGKC;JCHAIN;TXNDC5;IGHG3;IGHA1;MZB1;PIM2;XBP1;ITM2C;IGHM;SSR4;MT-CO2;DERL3;POU2AF1,True
21,2711,B/浆,成纤维,0.8219673827152015,上皮=+0.399;T/NK=+0.074;B/浆=+1.530;髓系=+0.418;成纤维=+0.708;内皮=+0.000,B/浆,Plasma cells,0.6078937661379564,0.6693783539936013,0.02397639247510144,B/浆,0.047619047619047616,上皮=0.010;T/NK=0.017;B/浆=0.048;髓系=0.014;成纤维=0.000;内皮=0.007,IGHG3;IGKC;IGHG1;JCHAIN;TXNDC5;IGHA1;COL3A1;XBP1;IGHM;IGLC1;MZB1;COL1A1;ITM2C;MT-CO2;MT-ATP6,MS4A1;CD79A;CD37;CD74;CXCR4;BANK1;CIITA;WDFY4;SELL;LTB;TNFRSF13C;IGKC;BLK;IRF8;LAPTM5,True
22,2594,B/浆,成纤维,1.5291194735780784,上皮=+0.337;T/NK=-0.027;B/浆=+1.918;髓系=+0.197;成纤维=+0.388;内皮=-0.003,B/浆,Plasma cells,0.7621434078643022,0.7732683852916057,0.015420200462606014,上皮,0.06521739130434782,上皮=0.065;T/NK=0.009;B/浆=0.000;髓系=0.014;成纤维=0.000;内皮=0.007,IGKC;JCHAIN;TXNDC5;MZB1;XBP1;IGHG1;ITM2C;PIM2;DERL3;SSR4;TENT5C;POU2AF1;HERPUD1;IGHG3;IGHA1,SCGB1A1;SCGB3A1;PIGR;ELF3;SLPI;WFDC2;CP;KLK11;CRACR2B;TACSTD2;EZR;TSPAN1;SLC44A4;KIAA1324;CELSR1,False
23,30434,上皮,B/浆,1.1388932657203432,上皮=+1.192;T/NK=-0.255;B/浆=+0.053;髓系=-0.226;成纤维=-0.027;内皮=-0.138,上皮,AT1,0.9900111717158441,0.9272513011010848,0.0010514556088585135,B/浆,0.047619047619047616,上皮=0.000;T/NK=0.000;B/浆=0.048;髓系=0.000;成纤维=0.000;内皮=0.000,RTKN2;AGER;GPRC5A;CYP4B1;EMP2;CAV1;VEGFA;LMO7;ATP13A4;ARHGEF26;COL4A3;CD55;EPS8L2;KRT7;LAMA3,IGHG1;IGKC;MZB1;TXNDC5;XBP1;SSR4;DERL3;PIM2;ITM2C;TENT5C;PDK1;POU2AF1;CD79A;SEC11C;JCHAIN,False
24,2588,B/浆,成纤维,1.066204879468503,上皮=+0.238;T/NK=-0.019;B/浆=+1.418;髓系=+0.164;成纤维=+0.352;内皮=-0.111,B/浆,B cells,0.7928902627511591,0.8435706782581025,0.009659969088098918,上皮,0.061371841155234655,上皮=0.061;T/NK=0.000;B/浆=0.011;髓系=0.028;成纤维=0.000;内皮=0.007,IGHM;IGKC;JCHAIN;CXCR4;CD79A;IGHG1;MS4A1;CD74;CD37;IGHA1;IGHG3;CYBA;POU2AF1;CD79B;MT-CO3,PIGR;SCGB3A1;WFDC2;SLPI;CLU;CXCL17;EHF;LGALS3BP;KIAA1324;MUC1;SPINT2;RNASE1;AGR2;AZGP1;FOLR1,False
25,2551,上皮,B/浆,0.4784780686431131,上皮=+0.556;T/NK=-0.251;B/浆=+0.078;髓系=-0.192;成纤维=-0.039;内皮=-0.210,上皮,Basal resting,0.9517836142689141,0.6886625228493543,0.012152097216777734,内皮,0.041666666666666664,上皮=0.003;T/NK=0.000;B/浆=0.000;髓系=0.004;成纤维=0.006;内皮=0.042,KRT15;KRT17;KRT5;F3;COL7A1;GPC1;LAMA5;IGFBP2;OBSCN;BCAM;CYP4B1;TRIM29;TACSTD2;FGFR3;ITGB4,FLT4;CCL21;SHC1;MMRN1;PPFIBP1;PROX1;KALRN;DOCK5;TBX1;EGFL7;NRP2;IGFBP7;ITGA9;BCAR1;CDH5,False
26,2474,髓系,B/浆,1.348893269157623,上皮=+0.069;T/NK=-0.059;B/浆=+0.109;髓系=+1.458;成纤维=+0.090;内皮=-0.148,髓系,Monocyte-derived Mph,0.721503637833468,0.33441921606689906,0.024252223120452707,B/浆,0.011494252873563218,上皮=0.003;T/NK=0.000;B/浆=0.011;髓系=0.009;成纤维=0.000;内皮=0.000,CXCL10;LYZ;IFI30;CD74;CTSB;CYBB;CTSZ;TYMP;CXCL9;SPI1;GBP1;C1QC;C1QB;C1QA;PSAP,IRF8;WDFY4;CD74;CIITA;CSF2RA;LSP1;FGD2;MPEG1;CCDC88A;DBNL;LCP1;ADAM19;PLEK;CTSZ;EHBP1L1,False
27,2464,B/浆,上皮,1.9292512019234391,上皮=+0.211;T/NK=-0.077;B/浆=+2.140;髓系=+0.043;成纤维=+0.172;内皮=-0.035,B/浆,Plasma cells,0.9748376623376623,0.955036272550384,0.002029220779220779,B/浆,0.047619047619047616,上皮=0.003;T/NK=0.009;B/浆=0.048;髓系=0.009;成纤维=0.000;内皮=0.000,IGHA1;IGKC;JCHAIN;TXNDC5;MZB1;DERL3;PIM2;ITM2C;XBP1;SSR4;HERPUD1;TENT5C;SEC11C;POU2AF1;CD79A,IGHA1;JCHAIN;TXNDC5;MZB1;DERL3;SSR4;HERPUD1;PIM2;ITM2C;IGKC;POU2AF1;XBP1;TENT5C;IGHG1;SEC11C,True
28,2401,髓系,成纤维,1.7430990675764875,上皮=+0.033;T/NK=-0.052;B/浆=+0.187;髓系=+1.975;成纤维=+0.231;内皮=-0.125,髓系,Monocyte-derived Mph,0.8042482299042066,0.5390736923603647,0.022490628904623073,B/浆,0.047619047619047616,上皮=0.017;T/NK=0.009;B/浆=0.048;髓系=0.032;成纤维=0.000;内皮=0.000,SPP1;CTSB;APOE;IFI30;CD68;GPNMB;LYZ;CTSZ;PSAP;CTSD;LAPTM5;FTL;GRN;C1QA;C1QC,IGHG3;IGHG1;IGKC;JCHAIN;IGHA1;TXNDC5;IGHM;XBP1;MZB1;ITM2C;SSR4;IGLC1;MT-CO2;PIM2;POU2AF1,False
29,1705,T/NK,上皮,0.08489347388267621,上皮=+0.231;T/NK=+0.316;B/浆=+0.216;髓系=+0.039;成纤维=+0.006;内皮=-0.213,T/NK,T cells proliferating,0.4715542521994135,0.4171827608068206,0.02463343108504399,B/浆,0.047619047619047616,上皮=0.000;T/NK=0.000;B/浆=0.048;髓系=0.000;成纤维=0.000;内皮=0.000,HIST1H1B;HIST1H1C;HIST1H1D;MKI67;HIST1H1E;HIST1H4C;HMGB2;TOP2A;LMNB1;RRM2;PFN1;NUSAP1;TUBB;TYMS;CORO1A,IGKC;TXNDC5;JCHAIN;MZB1;XBP1;DERL3;ITM2C;PIM2;IGHG1;POU2AF1;SSR4;TENT5C;HERPUD1;SEC11C;CD79A,False
30,1615,上皮,B/浆,0.0815279639109997,上皮=+0.488;T/NK=-0.287;B/浆=+0.406;髓系=-0.114;成纤维=-0.140;内皮=-0.253,上皮,AT2,0.8303405572755418,0.30607955208422943,0.013622291021671827,B/浆,0.060240963855421686,上皮=0.007;T/NK=0.026;B/浆=0.060;髓系=0.028;成纤维=0.000;内皮=0.000,EGFR;AGR2;ATP1B1;ANXA4;PIGR;CLU;KRT8;TSPAN8;EPCAM;KRT19;CD24;LGALS4;S100A6;PDZK1IP1;LGALS3BP,IGHM;IGKC;CD79A;JCHAIN;CXCR4;IGHG1;POU2AF1;IGHA1;CD37;CYBA;MS4A1;CD79B;MT-CO2;CD74;MT-CO3,False
31,1437,髓系,上皮,0.5606390280861854,上皮=+0.167;T/NK=-0.012;B/浆=+0.110;髓系=+0.728;成纤维=-0.063;内皮=-0.163,髓系,DC2,0.6256089074460682,0.28389780082517285,0.05219206680584551,上皮,0.020833333333333332,上皮=0.021;T/NK=0.000;B/浆=0.000;髓系=0.000;成纤维=0.000;内皮=0.000,FCGBP;CD74;CSF1R;SPI1;CST3;LCP1;GSN;MS4A6A;CYBB;CD4;FGL2;FCER1A;CIITA;ALOX5;CD207,KRT15;KRT17;GPC1;COL7A1;LAMA5;KRT5;F3;OBSCN;IGFBP2;BCAM;TRIM29;FGFR3;ITGB4;TP63;CELSR1,False
32,1147,上皮,T/NK,0.6818333219938149,上皮=+1.115;T/NK=+0.434;B/浆=+0.097;髓系=-0.044;成纤维=+0.055;内皮=-0.127,T/NK,CD4 T cells,0.3156059285091543,0.7051064705018663,0.0034873583260680036,髓系,0.061611374407582936,上皮=0.010;T/NK=0.035;B/浆=0.011;髓系=0.062;成纤维=0.000;内皮=0.000,SFTPC;SFTPA1;SFTPB;TRAC;EVL;CD2;AKNA;CORO1A;TRBC2;IKZF1;ITGAL;IL32;SFTPD;SLC34A2;CD96,CXCL10;CD74;TYMP;CYBB;IFI30;CTSZ;GBP1;SPI1;CTSB;STAT1;LYZ;PSAP;CTSS;LAP3;FGL2,False
33,1050,T/NK,B/浆,0.3496974344545546,上皮=+0.095;T/NK=+0.877;B/浆=+0.527;髓系=+0.097;成纤维=+0.278;内皮=-0.230,T/NK,CD4 T cells,0.9038095238095238,0.8341843772767831,0.005714285714285714,B/浆,0.047619047619047616,上皮=0.000;T/NK=0.000;B/浆=0.048;髓系=0.000;成纤维=0.000;内皮=0.000,CXCL13;TRAC;SRGN;TRBC2;CXCR4;ETS1;SLA;IGKC;SPOCK2;IL2RG;RGS1;LAPTM5;CD2;CD6;ITM2A,IGHA1;IGKC;TXNDC5;JCHAIN;MZB1;DERL3;SSR4;PIM2;POU2AF1;TENT5C;ITM2C;HERPUD1;SEC11C;XBP1;CD79A,False
34,30143,成纤维,上皮,1.2068082152703015,上皮=+0.159;T/NK=-0.212;B/浆=-0.069;髓系=-0.156;成纤维=+1.365;内皮=-0.146,成纤维,Alveolar fibroblasts,0.9793650267060345,0.9194748286674271,0.0011943071359851376,髓系,0.07692307692307693,上皮=0.021;T/NK=0.054;B/浆=0.011;髓系=0.077;成纤维=0.000;内皮=0.007,TNXB;ELN;FN1;MACF1;PLEKHH2;A2M;COL6A2;PTGDS;LTBP4;COL6A1;NKD2;DST;COL6A3;MYH10;DCN,SPP1;CTSB;IFI30;CD68;PSAP;CTSZ;GPNMB;FTL;APOE;LAPTM5;CTSD;GRN;TYROBP;FCER1G;CAPG,False
35,807,B/浆,成纤维,1.816799078503089,上皮=+0.245;T/NK=+0.044;B/浆=+2.380;髓系=+0.287;成纤维=+0.563;内皮=-0.029,B/浆,Plasma cells,0.9083023543990086,0.8875808778629435,0.0024783147459727386,T/NK,0.008620689655172414,上皮=0.007;T/NK=0.009;B/浆=0.000;髓系=0.004;成纤维=0.000;内皮=0.007,IGHG1;IGKC;JCHAIN;TXNDC5;XBP1;IGHG3;PIM2;MZB1;ITM2C;SSR4;POU2AF1;DERL3;IGHM;HERPUD1;CXCR4,HIST1H1B;HIST1H1C;HIST1H1D;HIST1H1E;MKI67;HIST1H4C;TOP2A;HMGB2;LMNB1;NUSAP1;RRM2;PFN1;TACC3;CDK1;NCAPG2,False
36,615,B/浆,成纤维,1.9913769558882146,上皮=+0.180;T/NK=-0.081;B/浆=+2.208;髓系=+0.099;成纤维=+0.217;内皮=-0.012,B/浆,Plasma cells,0.9414634146341463,0.895052910407673,0.0016260162601626016,上皮,0.027972027972027972,上皮=0.028;T/NK=0.000;B/浆=0.000;髓系=0.004;成纤维=0.006;内皮=0.014,IGHG1;IGLC1;MZB1;TXNDC5;JCHAIN;XBP1;ITM2C;PIM2;SSR4;DERL3;CD79A;TENT5C;HERPUD1;SEC11C;POU2AF1,AGR2;ATP1B1;EPCAM;EGFR;ANXA4;KRT19;TSPAN8;KRT8;CD24;ITGB4;GOLM1;LGALS4;S100A6;SLC44A4;FXYD3,False
37,536,成纤维,B/浆,1.3541665852933256,上皮=+0.554;T/NK=+0.035;B/浆=+0.716;髓系=+0.621;成纤维=+2.070;内皮=-0.035,成纤维,Peribronchial fibroblasts,0.5242537313432836,0.32846652611697125,0.03171641791044776,髓系,0.03225806451612903,上皮=0.007;T/NK=0.026;B/浆=0.011;髓系=0.032;成纤维=0.006;内皮=0.014,COL3A1;COL1A1;COL1A2;IGKC;SPARC;LUM;COL6A3;IGHG1;MMP2;IGHG3;COL5A1;TIMP1;FN1;BGN;SFRP2,CD74;CSF1R;SPI1;FCGBP;CST3;CD4;GSN;FGL2;CYBB;ALOX5;LCP1;MS4A6A;ITGB2;SLC8A1;CIITA,False
38,418,B/浆,成纤维,1.60878456744407,上皮=+0.213;T/NK=-0.057;B/浆=+1.844;髓系=+0.050;成纤维=+0.235;内皮=-0.027,B/浆,Plasma cells,0.9138755980861244,0.8959963213393614,0.007177033492822967,T/NK,0.044642857142857144,上皮=0.021;T/NK=0.045;B/浆=0.000;髓系=0.014;成纤维=0.006;内皮=0.020,IGHA1;IGLC1;JCHAIN;TXNDC5;MZB1;DERL3;PIM2;ITM2C;XBP1;SSR4;HERPUD1;SEC11C;TENT5C;CD79A;POU2AF1,SFTPC;SFTPA1;TRAC;EVL;SFTPB;AKNA;CD2;CORO1A;ITGAL;IKZF1;CD96;ACAP1;TMC8;IL32;TRBC2,False
39,404,内皮,T/NK,0.04503697286898978,上皮=+0.291;T/NK=+0.399;B/浆=+0.067;髓系=-0.082;成纤维=+0.042;内皮=+0.444,T/NK,CD4 T cells,0.13613861386138615,0.5430334891408843,0.01485148514851485,T/NK,0.06363636363636363,上皮=0.003;T/NK=0.064;B/浆=0.011;髓系=0.028;成纤维=0.000;内皮=0.007,IL7R;TRAC;EVL;AKNA;TMC8;CD2;TRBC2;NLRC5;CORO1A;CD96;ACAP1;ARHGAP4;ITGAL;IKZF1;CXCR4,CXCL13;SRGN;TRAC;ETS1;SLA;B2M;TRBC2;CXCR4;SPOCK2;IL2RG;CD6;CD2;CD3E;ITM2A;MT-CO2,False
40,21299,髓系,成纤维,1.8916509762947762,上皮=+0.061;T/NK=-0.107;B/浆=+0.037;髓系=+2.008;成纤维=+0.117;内皮=-0.126,髓系,Monocyte-derived Mph,0.8692896380111742,0.4790261997340008,0.01619794356542561,B/浆,0.047619047619047616,上皮=0.000;T/NK=0.009;B/浆=0.048;髓系=0.000;成纤维=0.000;内皮=0.000,LYZ;APOE;IFI30;CD68;CTSB;C1QA;C1QB;GRN;CTSD;GPNMB;FTL;PSAP;CTSZ;CD74;C1QC,IGHG1;IGKC;TXNDC5;XBP1;MZB1;IGHG3;JCHAIN;SSR4;PIM2;DERL3;POU2AF1;ITM2C;IGHM;CD79A;FCRL5,False
41,19965,成纤维,上皮,1.9095713173184106,上皮=+0.190;T/NK=-0.173;B/浆=+0.126;髓系=-0.038;成纤维=+2.100;内皮=-0.119,成纤维,Peribronchial fibroblasts,0.8819934886050589,0.6218981979870777,0.024793388429752067,B/浆,0.047619047619047616,上皮=0.000;T/NK=0.000;B/浆=0.048;髓系=0.000;成纤维=0.000;内皮=0.000,COL3A1;COL1A2;COL1A1;DCN;COL6A2;COL6A3;LUM;FBLN1;FN1;C1S;MMP2;AEBP1;COL6A1;MGP;SPARC,IGLC1;IGHG1;MZB1;TXNDC5;XBP1;SSR4;ITM2C;DERL3;PIM2;CD79A;POU2AF1;TENT5C;JCHAIN;PDK1;SEC11C,False
42,19347,上皮,B/浆,0.7744901824399699,上皮=+0.972;T/NK=-0.275;B/浆=+0.198;髓系=-0.164;成纤维=+0.008;内皮=-0.197,上皮,AT2,0.8546027807928878,0.3698979937291286,0.010130769628366156,髓系,0.037037037037037035,上皮=0.024;T/NK=0.000;B/浆=0.011;髓系=0.037;成纤维=0.030;内皮=0.014,CEACAM6;MUC1;SLC34A2;SFTPB;KRT7;KRT8;CLDN4;WFDC2;NAPSA;NKX2-1;LPCAT1;TACSTD2;PIGR;ELF3;LGALS3BP,COL1A1;COL3A1;COL1A2;SPARC;LUM;COL6A3;IGKC;IGHG1;MMP2;BGN;COL5A1;IGHG3;SFRP2;TIMP1;DCN,False
43,19146,上皮,B/浆,1.2791245285492814,上皮=+1.360;T/NK=-0.234;B/浆=+0.081;髓系=-0.159;成纤维=-0.063;内皮=-0.137,上皮,AT2,0.9712211427974512,0.8070518801426604,0.002924892928026742,B/浆,0.047619047619047616,上皮=0.000;T/NK=0.000;B/浆=0.048;髓系=0.000;成纤维=0.000;内皮=0.000,SFTPB;SFTPC;LRRK2;MUC1;SFTPA1;MLPH;SLC34A2;NKX2-1;ABCA3;SFTPD;SELENBP1;CTSH;SLC22A31;LPCAT1;NAPSA,IGLC1;IGHA1;JCHAIN;TXNDC5;MZB1;DERL3;SSR4;XBP1;PIM2;ITM2C;SEC11C;HERPUD1;POU2AF1;TENT5C;CD79A,False
44,14698,T/NK,B/浆,0.830404004072082,上皮=+0.157;T/NK=+1.017;B/浆=+0.186;髓系=-0.079;成纤维=-0.008;内皮=-0.191,T/NK,CD8 T cells,0.9594502653422234,0.6949361911888524,0.003878078650156484,T/NK,0.02631578947368421,上皮=0.000;T/NK=0.026;B/浆=0.000;髓系=0.009;成纤维=0.000;内皮=0.020,CCL5;TRAC;TRBC2;KLRK1;NKG7;AKNA;CD8A;CORO1A;CXCR4;GZMA;IL32;ITGAL;IKZF1;WIPF1;CD2,EVL;IL7R;AKNA;TMC8;TRAC;NLRC5;ACAP1;CD2;CD96;CORO1A;ARHGAP4;ITGAL;IKZF1;ARHGEF1;TRBC2,True
