object,res,seed,reading,n_clusters,n_pass,coverage,passes,panels_hit
full,0.5,0,R_any,37,37,1.0,True,上皮:37;T/NK:9;B/浆:34;髓系:18;成纤维:23;内皮:5
full,0.5,0,R_mean,37,35,0.9459459459459459,True,上皮:26;T/NK:4;B/浆:11;髓系:8;成纤维:14;内皮:3
full,0.5,0,R_all,37,3,0.08108108108108109,False,髓系:1;成纤维:1;内皮:1
full,0.5,1,R_any,39,39,1.0,True,上皮:39;T/NK:10;B/浆:37;髓系:21;成纤维:23;内皮:5
full,0.5,1,R_mean,39,37,0.9487179487179487,True,上皮:26;T/NK:5;B/浆:12;髓系:9;成纤维:15;内皮:3
full,0.5,1,R_all,39,3,0.07692307692307693,False,髓系:1;成纤维:1;内皮:1
full,0.5,2,R_any,40,40,1.0,True,上皮:40;T/NK:10;B/浆:37;髓系:21;成纤维:25;内皮:5
full,0.5,2,R_mean,40,38,0.95,True,上皮:26;T/NK:5;B/浆:12;髓系:9;成纤维:16;内皮:3
full,0.5,2,R_all,40,3,0.075,False,髓系:1;成纤维:1;内皮:1
full,0.5,3,R_any,38,38,1.0,True,上皮:38;T/NK:9;B/浆:36;髓系:21;成纤维:24;内皮:5
full,0.5,3,R_mean,38,36,0.9473684210526315,True,上皮:26;T/NK:4;B/浆:12;髓系:9;成纤维:15;内皮:3
full,0.5,3,R_all,38,3,0.07894736842105263,False,髓系:1;成纤维:1;内皮:1
full,0.5,4,R_any,41,41,1.0,True,上皮:41;T/NK:10;B/浆:39;髓系:22;成纤维:25;内皮:5
full,0.5,4,R_mean,41,39,0.9512195121951219,True,上皮:28;T/NK:5;B/浆:13;髓系:10;成纤维:16;内皮:3
full,0.5,4,R_all,41,3,0.07317073170731707,False,髓系:1;成纤维:1;内皮:1
full,0.6,0,R_any,45,45,1.0,True,上皮:45;T/NK:12;B/浆:42;髓系:23;成纤维:29;内皮:6
full,0.6,0,R_mean,45,43,0.9555555555555556,True,上皮:30;T/NK:7;B/浆:15;髓系:10;成纤维:17;内皮:4
full,0.6,0,R_all,45,3,0.06666666666666667,False,髓系:1;成纤维:1;内皮:1
full,0.6,1,R_any,44,44,1.0,True,上皮:44;T/NK:11;B/浆:42;髓系:23;成纤维:28;内皮:5
full,0.6,1,R_mean,44,42,0.9545454545454546,True,上皮:29;T/NK:6;B/浆:14;髓系:10;成纤维:18;内皮:3
full,0.6,1,R_all,44,2,0.045454545454545456,False,髓系:1;内皮:1
full,0.6,2,R_any,45,45,1.0,True,上皮:45;T/NK:11;B/浆:42;髓系:24;成纤维:30;内皮:5
full,0.6,2,R_mean,45,43,0.9555555555555556,True,上皮:31;T/NK:6;B/浆:14;髓系:11;成纤维:18;内皮:3
full,0.6,2,R_all,45,3,0.06666666666666667,False,髓系:1;成纤维:1;内皮:1
full,0.6,3,R_any,43,43,1.0,True,上皮:43;T/NK:11;B/浆:40;髓系:22;成纤维:26;内皮:6
full,0.6,3,R_mean,43,41,0.9534883720930233,True,上皮:29;T/NK:6;B/浆:13;髓系:10;成纤维:17;内皮:3
full,0.6,3,R_all,43,3,0.06976744186046512,False,髓系:1;成纤维:1;内皮:1
full,0.6,4,R_any,44,44,1.0,True,上皮:44;T/NK:11;B/浆:41;髓系:23;成纤维:26;内皮:5
full,0.6,4,R_mean,44,42,0.9545454545454546,True,上皮:30;T/NK:6;B/浆:14;髓系:10;成纤维:18;内皮:3
full,0.6,4,R_all,44,3,0.06818181818181818,False,髓系:1;成纤维:1;内皮:1
full,0.7,0,R_any,48,48,1.0,True,上皮:48;T/NK:12;B/浆:45;髓系:25;成纤维:31;内皮:5
full,0.7,0,R_mean,48,46,0.9583333333333334,True,上皮:32;T/NK:7;B/浆:15;髓系:12;成纤维:21;内皮:3
full,0.7,0,R_all,48,3,0.0625,False,髓系:1;成纤维:1;内皮:1
full,0.7,1,R_any,47,47,1.0,True,上皮:47;T/NK:11;B/浆:44;髓系:24;成纤维:29;内皮:6
full,0.7,1,R_mean,47,45,0.9574468085106383,True,上皮:31;T/NK:6;B/浆:15;髓系:11;成纤维:21;内皮:3
full,0.7,1,R_all,47,3,0.06382978723404255,False,髓系:1;成纤维:1;内皮:1
full,0.7,2,R_any,47,47,1.0,True,上皮:47;T/NK:11;B/浆:44;髓系:24;成纤维:31;内皮:6
full,0.7,2,R_mean,47,45,0.9574468085106383,True,上皮:32;T/NK:6;B/浆:15;髓系:11;成纤维:21;内皮:3
full,0.7,2,R_all,47,2,0.0425531914893617,False,髓系:1;内皮:1
full,0.7,3,R_any,48,48,1.0,True,上皮:48;T/NK:11;B/浆:45;髓系:25;成纤维:30;内皮:5
full,0.7,3,R_mean,48,46,0.9583333333333334,True,上皮:33;T/NK:7;B/浆:16;髓系:12;成纤维:21;内皮:3
full,0.7,3,R_all,48,2,0.041666666666666664,False,髓系:1;内皮:1
full,0.7,4,R_any,47,47,1.0,True,上皮:47;T/NK:12;B/浆:44;髓系:24;成纤维:31;内皮:6
full,0.7,4,R_mean,47,45,0.9574468085106383,True,上皮:32;T/NK:7;B/浆:15;髓系:11;成纤维:20;内皮:4
full,0.7,4,R_all,47,3,0.06382978723404255,False,髓系:1;成纤维:1;内皮:1
full,0.8,0,R_any,49,49,1.0,True,上皮:49;T/NK:12;B/浆:46;髓系:25;成纤维:31;内皮:5
full,0.8,0,R_mean,49,47,0.9591836734693877,True,上皮:33;T/NK:7;B/浆:16;髓系:12;成纤维:22;内皮:3
full,0.8,0,R_all,49,3,0.061224489795918366,False,髓系:1;成纤维:1;内皮:1
full,0.8,1,R_any,49,49,1.0,True,上皮:49;T/NK:12;B/浆:45;髓系:26;成纤维:32;内皮:6
full,0.8,1,R_mean,49,47,0.9591836734693877,True,上皮:33;T/NK:7;B/浆:16;髓系:11;成纤维:22;内皮:4
full,0.8,1,R_all,49,3,0.061224489795918366,False,髓系:1;成纤维:1;内皮:1
full,0.8,2,R_any,50,50,1.0,True,上皮:50;T/NK:13;B/浆:47;髓系:25;成纤维:33;内皮:6
full,0.8,2,R_mean,50,48,0.96,True,上皮:32;T/NK:8;B/浆:16;髓系:12;成纤维:22;内皮:4
full,0.8,2,R_all,50,2,0.04,False,髓系:1;内皮:1
full,0.8,3,R_any,51,51,1.0,True,上皮:51;T/NK:13;B/浆:48;髓系:26;成纤维:34;内皮:6
full,0.8,3,R_mean,51,49,0.9607843137254902,True,上皮:34;T/NK:8;B/浆:16;髓系:12;成纤维:22;内皮:4
full,0.8,3,R_all,51,3,0.058823529411764705,False,髓系:1;成纤维:1;内皮:1
full,0.8,4,R_any,51,51,1.0,True,上皮:51;T/NK:13;B/浆:47;髓系:27;成纤维:34;内皮:7
full,0.8,4,R_mean,51,49,0.9607843137254902,True,上皮:35;T/NK:8;B/浆:16;髓系:12;成纤维:23;内皮:5
full,0.8,4,R_all,51,3,0.058823529411764705,False,髓系:1;成纤维:1;内皮:1
epiA,0.5,0,R_any,24,24,1.0,True,上皮:24;T/NK:6;B/浆:23;髓系:10;成纤维:17;内皮:14
epiA,0.5,0,R_mean,24,23,0.9583333333333334,True,上皮:23;T/NK:1;B/浆:5;髓系:2;成纤维:4
epiA,0.5,0,R_all,24,0,0.0,False,-
epiA,0.5,0,R_mean_own,24,23,0.9583333333333334,True,上皮:23
epiA,0.5,1,R_any,24,24,1.0,True,上皮:24;T/NK:5;B/浆:23;髓系:9;成纤维:17;内皮:14
epiA,0.5,1,R_mean,24,23,0.9583333333333334,True,上皮:23;T/NK:1;B/浆:4;髓系:3;成纤维:4
epiA,0.5,1,R_all,24,0,0.0,False,-
epiA,0.5,1,R_mean_own,24,23,0.9583333333333334,True,上皮:23
epiA,0.5,2,R_any,23,23,1.0,True,上皮:23;T/NK:6;B/浆:22;髓系:9;成纤维:16;内皮:13
epiA,0.5,2,R_mean,23,22,0.9565217391304348,True,上皮:22;T/NK:1;B/浆:4;髓系:3;成纤维:4
epiA,0.5,2,R_all,23,0,0.0,False,-
epiA,0.5,2,R_mean_own,23,22,0.9565217391304348,True,上皮:22
epiA,0.5,3,R_any,24,24,1.0,True,上皮:24;T/NK:5;B/浆:23;髓系:9;成纤维:17;内皮:14
epiA,0.5,3,R_mean,24,23,0.9583333333333334,True,上皮:23;T/NK:1;B/浆:5;髓系:3;成纤维:5
epiA,0.5,3,R_all,24,0,0.0,False,-
epiA,0.5,3,R_mean_own,24,23,0.9583333333333334,True,上皮:23
epiA,0.5,4,R_any,24,24,1.0,True,上皮:24;T/NK:6;B/浆:23;髓系:10;成纤维:17;内皮:14
epiA,0.5,4,R_mean,24,23,0.9583333333333334,True,上皮:23;T/NK:1;B/浆:5;髓系:3;成纤维:5
epiA,0.5,4,R_all,24,0,0.0,False,-
epiA,0.5,4,R_mean_own,24,23,0.9583333333333334,True,上皮:23
epiA,0.6,0,R_any,26,26,1.0,True,上皮:26;T/NK:5;B/浆:26;髓系:10;成纤维:18;内皮:15
epiA,0.6,0,R_mean,26,25,0.9615384615384616,True,上皮:25;T/NK:1;B/浆:5;髓系:3;成纤维:5
epiA,0.6,0,R_all,26,0,0.0,False,-
epiA,0.6,0,R_mean_own,26,25,0.9615384615384616,True,上皮:25
epiA,0.6,1,R_any,27,27,1.0,True,上皮:27;T/NK:6;B/浆:26;髓系:11;成纤维:18;内皮:17
epiA,0.6,1,R_mean,27,26,0.9629629629629629,True,上皮:26;T/NK:1;B/浆:7;髓系:3;成纤维:6
epiA,0.6,1,R_all,27,0,0.0,False,-
epiA,0.6,1,R_mean_own,27,26,0.9629629629629629,True,上皮:26
epiA,0.6,2,R_any,27,27,1.0,True,上皮:27;T/NK:6;B/浆:26;髓系:11;成纤维:18;内皮:17
epiA,0.6,2,R_mean,27,26,0.9629629629629629,True,上皮:26;T/NK:1;B/浆:6;髓系:3;成纤维:6
epiA,0.6,2,R_all,27,0,0.0,False,-
epiA,0.6,2,R_mean_own,27,26,0.9629629629629629,True,上皮:26
epiA,0.6,3,R_any,25,25,1.0,True,上皮:25;T/NK:5;B/浆:24;髓系:8;成纤维:16;内皮:14
epiA,0.6,3,R_mean,25,24,0.96,True,上皮:24;T/NK:1;B/浆:6;髓系:3;成纤维:4
epiA,0.6,3,R_all,25,0,0.0,False,-
epiA,0.6,3,R_mean_own,25,24,0.96,True,上皮:24
epiA,0.6,4,R_any,26,26,1.0,True,上皮:26;T/NK:5;B/浆:25;髓系:10;成纤维:17;内皮:16
epiA,0.6,4,R_mean,26,25,0.9615384615384616,True,上皮:25;T/NK:1;B/浆:6;髓系:3;成纤维:6
epiA,0.6,4,R_all,26,0,0.0,False,-
epiA,0.6,4,R_mean_own,26,25,0.9615384615384616,True,上皮:25
epiA,0.7,0,R_any,28,28,1.0,True,上皮:28;T/NK:5;B/浆:27;髓系:12;成纤维:18;内皮:18
epiA,0.7,0,R_mean,28,27,0.9642857142857143,True,上皮:27;T/NK:1;B/浆:7;髓系:3;成纤维:6
epiA,0.7,0,R_all,28,0,0.0,False,-
epiA,0.7,0,R_mean_own,28,27,0.9642857142857143,True,上皮:27
epiA,0.7,1,R_any,28,28,1.0,True,上皮:28;T/NK:6;B/浆:28;髓系:12;成纤维:18;内皮:18
epiA,0.7,1,R_mean,28,27,0.9642857142857143,True,上皮:27;T/NK:1;B/浆:7;髓系:3;成纤维:6
epiA,0.7,1,R_all,28,0,0.0,False,-
epiA,0.7,1,R_mean_own,28,27,0.9642857142857143,True,上皮:27
epiA,0.7,2,R_any,28,28,1.0,True,上皮:28;T/NK:5;B/浆:27;髓系:12;成纤维:18;内皮:17
epiA,0.7,2,R_mean,28,27,0.9642857142857143,True,上皮:27;T/NK:1;B/浆:5;髓系:3;成纤维:6
epiA,0.7,2,R_all,28,0,0.0,False,-
epiA,0.7,2,R_mean_own,28,27,0.9642857142857143,True,上皮:27
epiA,0.7,3,R_any,28,28,1.0,True,上皮:28;T/NK:6;B/浆:28;髓系:12;成纤维:18;内皮:17
epiA,0.7,3,R_mean,28,27,0.9642857142857143,True,上皮:27;T/NK:1;B/浆:7;髓系:3;成纤维:6
epiA,0.7,3,R_all,28,0,0.0,False,-
epiA,0.7,3,R_mean_own,28,27,0.9642857142857143,True,上皮:27
epiA,0.7,4,R_any,28,28,1.0,True,上皮:28;T/NK:7;B/浆:27;髓系:11;成纤维:19;内皮:17
epiA,0.7,4,R_mean,28,27,0.9642857142857143,True,上皮:27;T/NK:1;B/浆:7;髓系:3;成纤维:6
epiA,0.7,4,R_all,28,0,0.0,False,-
epiA,0.7,4,R_mean_own,28,27,0.9642857142857143,True,上皮:27
epiA,0.8,0,R_any,29,29,1.0,True,上皮:29;T/NK:6;B/浆:29;髓系:11;成纤维:18;内皮:17
epiA,0.8,0,R_mean,29,28,0.9655172413793104,True,上皮:28;T/NK:1;B/浆:5;髓系:3;成纤维:6
epiA,0.8,0,R_all,29,0,0.0,False,-
epiA,0.8,0,R_mean_own,29,28,0.9655172413793104,True,上皮:28
epiA,0.8,1,R_any,28,28,1.0,True,上皮:28;T/NK:6;B/浆:28;髓系:12;成纤维:18;内皮:17
epiA,0.8,1,R_mean,28,27,0.9642857142857143,True,上皮:27;T/NK:1;B/浆:6;髓系:3;成纤维:6
epiA,0.8,1,R_all,28,0,0.0,False,-
epiA,0.8,1,R_mean_own,28,27,0.9642857142857143,True,上皮:27
epiA,0.8,2,R_any,29,29,1.0,True,上皮:29;T/NK:6;B/浆:28;髓系:11;成纤维:18;内皮:18
epiA,0.8,2,R_mean,29,28,0.9655172413793104,True,上皮:28;T/NK:1;B/浆:6;髓系:3;成纤维:6
epiA,0.8,2,R_all,29,0,0.0,False,-
epiA,0.8,2,R_mean_own,29,28,0.9655172413793104,True,上皮:28
epiA,0.8,3,R_any,28,28,1.0,True,上皮:28;T/NK:6;B/浆:28;髓系:11;成纤维:18;内皮:17
epiA,0.8,3,R_mean,28,27,0.9642857142857143,True,上皮:27;T/NK:1;B/浆:6;髓系:3;成纤维:6
epiA,0.8,3,R_all,28,0,0.0,False,-
epiA,0.8,3,R_mean_own,28,27,0.9642857142857143,True,上皮:27
epiA,0.8,4,R_any,28,28,1.0,True,上皮:28;T/NK:6;B/浆:27;髓系:11;成纤维:18;内皮:17
epiA,0.8,4,R_mean,28,27,0.9642857142857143,True,上皮:27;T/NK:1;B/浆:6;髓系:3;成纤维:6
epiA,0.8,4,R_all,28,0,0.0,False,-
epiA,0.8,4,R_mean_own,28,27,0.9642857142857143,True,上皮:27
tnkA,0.5,0,R_any,32,32,1.0,True,上皮:32;T/NK:30;B/浆:31;髓系:10;成纤维:15;内皮:7
tnkA,0.5,0,R_mean,32,31,0.96875,True,上皮:6;T/NK:30;B/浆:2;髓系:3;成纤维:4
tnkA,0.5,0,R_all,32,0,0.0,False,-
tnkA,0.5,0,R_mean_own,32,30,0.9375,True,T/NK:30
tnkA,0.5,1,R_any,32,32,1.0,True,上皮:32;T/NK:30;B/浆:31;髓系:10;成纤维:15;内皮:7
tnkA,0.5,1,R_mean,32,31,0.96875,True,上皮:6;T/NK:30;B/浆:2;髓系:3;成纤维:4
tnkA,0.5,1,R_all,32,0,0.0,False,-
tnkA,0.5,1,R_mean_own,32,30,0.9375,True,T/NK:30
tnkA,0.5,2,R_any,32,32,1.0,True,上皮:32;T/NK:30;B/浆:31;髓系:10;成纤维:15;内皮:7
tnkA,0.5,2,R_mean,32,31,0.96875,True,上皮:6;T/NK:30;B/浆:2;髓系:3;成纤维:4
tnkA,0.5,2,R_all,32,0,0.0,False,-
tnkA,0.5,2,R_mean_own,32,30,0.9375,True,T/NK:30
tnkA,0.5,3,R_any,33,33,1.0,True,上皮:33;T/NK:31;B/浆:32;髓系:11;成纤维:16;内皮:7
tnkA,0.5,3,R_mean,33,32,0.9696969696969697,True,上皮:6;T/NK:31;B/浆:2;髓系:3;成纤维:3
tnkA,0.5,3,R_all,33,0,0.0,False,-
tnkA,0.5,3,R_mean_own,33,31,0.9393939393939394,True,T/NK:31
tnkA,0.5,4,R_any,32,32,1.0,True,上皮:32;T/NK:30;B/浆:31;髓系:10;成纤维:15;内皮:7
tnkA,0.5,4,R_mean,32,31,0.96875,True,上皮:6;T/NK:30;B/浆:2;髓系:3;成纤维:4
tnkA,0.5,4,R_all,32,0,0.0,False,-
tnkA,0.5,4,R_mean_own,32,30,0.9375,True,T/NK:30
tnkA,0.6,0,R_any,35,35,1.0,True,上皮:35;T/NK:33;B/浆:34;髓系:12;成纤维:17;内皮:8
tnkA,0.6,0,R_mean,35,34,0.9714285714285714,True,上皮:7;T/NK:33;B/浆:2;髓系:3;成纤维:5
tnkA,0.6,0,R_all,35,0,0.0,False,-
tnkA,0.6,0,R_mean_own,35,33,0.9428571428571428,True,T/NK:33
tnkA,0.6,1,R_any,35,35,1.0,True,上皮:35;T/NK:33;B/浆:34;髓系:12;成纤维:17;内皮:8
tnkA,0.6,1,R_mean,35,34,0.9714285714285714,True,上皮:7;T/NK:33;B/浆:2;髓系:3;成纤维:4
tnkA,0.6,1,R_all,35,0,0.0,False,-
tnkA,0.6,1,R_mean_own,35,33,0.9428571428571428,True,T/NK:33
tnkA,0.6,2,R_any,35,35,1.0,True,上皮:35;T/NK:33;B/浆:34;髓系:12;成纤维:17;内皮:8
tnkA,0.6,2,R_mean,35,34,0.9714285714285714,True,上皮:7;T/NK:33;B/浆:2;髓系:3;成纤维:4
tnkA,0.6,2,R_all,35,0,0.0,False,-
tnkA,0.6,2,R_mean_own,35,33,0.9428571428571428,True,T/NK:33
tnkA,0.6,3,R_any,35,35,1.0,True,上皮:35;T/NK:33;B/浆:34;髓系:12;成纤维:17;内皮:8
tnkA,0.6,3,R_mean,35,34,0.9714285714285714,True,上皮:7;T/NK:33;B/浆:2;髓系:3;成纤维:4
tnkA,0.6,3,R_all,35,0,0.0,False,-
tnkA,0.6,3,R_mean_own,35,33,0.9428571428571428,True,T/NK:33
tnkA,0.6,4,R_any,35,35,1.0,True,上皮:35;T/NK:33;B/浆:34;髓系:12;成纤维:17;内皮:8
tnkA,0.6,4,R_mean,35,34,0.9714285714285714,True,上皮:7;T/NK:33;B/浆:2;髓系:3;成纤维:4
tnkA,0.6,4,R_all,35,0,0.0,False,-
tnkA,0.6,4,R_mean_own,35,33,0.9428571428571428,True,T/NK:33
tnkA,0.7,0,R_any,36,36,1.0,True,上皮:36;T/NK:34;B/浆:35;髓系:11;成纤维:16;内皮:9
tnkA,0.7,0,R_mean,36,35,0.9722222222222222,True,上皮:7;T/NK:34;B/浆:2;髓系:3;成纤维:3
tnkA,0.7,0,R_all,36,0,0.0,False,-
tnkA,0.7,0,R_mean_own,36,34,0.9444444444444444,True,T/NK:34
tnkA,0.7,1,R_any,36,36,1.0,True,上皮:36;T/NK:34;B/浆:35;髓系:11;成纤维:16;内皮:8
tnkA,0.7,1,R_mean,36,35,0.9722222222222222,True,上皮:7;T/NK:34;B/浆:2;髓系:3;成纤维:3
tnkA,0.7,1,R_all,36,0,0.0,False,-
tnkA,0.7,1,R_mean_own,36,34,0.9444444444444444,True,T/NK:34
tnkA,0.7,2,R_any,35,35,1.0,True,上皮:35;T/NK:33;B/浆:34;髓系:11;成纤维:15;内皮:9
tnkA,0.7,2,R_mean,35,34,0.9714285714285714,True,上皮:7;T/NK:33;B/浆:2;髓系:3;成纤维:3
tnkA,0.7,2,R_all,35,0,0.0,False,-
tnkA,0.7,2,R_mean_own,35,33,0.9428571428571428,True,T/NK:33
tnkA,0.7,3,R_any,35,35,1.0,True,上皮:35;T/NK:33;B/浆:34;髓系:11;成纤维:16;内皮:8
tnkA,0.7,3,R_mean,35,34,0.9714285714285714,True,上皮:7;T/NK:33;B/浆:2;髓系:3;成纤维:4
tnkA,0.7,3,R_all,35,0,0.0,False,-
tnkA,0.7,3,R_mean_own,35,33,0.9428571428571428,True,T/NK:33
tnkA,0.7,4,R_any,35,35,1.0,True,上皮:35;T/NK:33;B/浆:34;髓系:11;成纤维:16;内皮:8
tnkA,0.7,4,R_mean,35,34,0.9714285714285714,True,上皮:7;T/NK:33;B/浆:2;髓系:3;成纤维:4
tnkA,0.7,4,R_all,35,0,0.0,False,-
tnkA,0.7,4,R_mean_own,35,33,0.9428571428571428,True,T/NK:33
tnkA,0.8,0,R_any,39,39,1.0,True,上皮:39;T/NK:37;B/浆:38;髓系:13;成纤维:18;内皮:9
tnkA,0.8,0,R_mean,39,37,0.9487179487179487,True,上皮:8;T/NK:35;B/浆:2;髓系:3;成纤维:4
tnkA,0.8,0,R_all,39,0,0.0,False,-
tnkA,0.8,0,R_mean_own,39,35,0.8974358974358975,False,T/NK:35
tnkA,0.8,1,R_any,37,37,1.0,True,上皮:37;T/NK:35;B/浆:36;髓系:12;成纤维:17;内皮:8
tnkA,0.8,1,R_mean,37,36,0.972972972972973,True,上皮:7;T/NK:35;B/浆:2;髓系:3;成纤维:3
tnkA,0.8,1,R_all,37,0,0.0,False,-
tnkA,0.8,1,R_mean_own,37,35,0.9459459459459459,True,T/NK:35
tnkA,0.8,2,R_any,38,38,1.0,True,上皮:38;T/NK:36;B/浆:37;髓系:13;成纤维:19;内皮:10
tnkA,0.8,2,R_mean,38,36,0.9473684210526315,True,上皮:8;T/NK:34;B/浆:2;髓系:3;成纤维:4
tnkA,0.8,2,R_all,38,0,0.0,False,-
tnkA,0.8,2,R_mean_own,38,34,0.8947368421052632,False,T/NK:34
tnkA,0.8,3,R_any,38,38,1.0,True,上皮:38;T/NK:36;B/浆:37;髓系:12;成纤维:17;内皮:8
tnkA,0.8,3,R_mean,38,36,0.9473684210526315,True,上皮:7;T/NK:35;B/浆:2;髓系:3;成纤维:3
tnkA,0.8,3,R_all,38,0,0.0,False,-
tnkA,0.8,3,R_mean_own,38,35,0.9210526315789473,True,T/NK:35
tnkA,0.8,4,R_any,38,38,1.0,True,上皮:38;T/NK:36;B/浆:37;髓系:12;成纤维:17;内皮:8
tnkA,0.8,4,R_mean,38,36,0.9473684210526315,True,上皮:7;T/NK:35;B/浆:2;髓系:3;成纤维:3
tnkA,0.8,4,R_all,38,0,0.0,False,-
tnkA,0.8,4,R_mean_own,38,35,0.9210526315789473,True,T/NK:35
myeloidA,0.5,0,R_any,24,24,1.0,True,上皮:24;T/NK:11;B/浆:10;髓系:24;成纤维:23;内皮:9
myeloidA,0.5,0,R_mean,24,24,1.0,True,上皮:11;T/NK:1;B/浆:2;髓系:24;成纤维:10;内皮:1
myeloidA,0.5,0,R_all,24,3,0.125,False,髓系:3
myeloidA,0.5,0,R_mean_own,24,24,1.0,True,髓系:24
myeloidA,0.5,1,R_any,24,24,1.0,True,上皮:24;T/NK:11;B/浆:10;髓系:24;成纤维:23;内皮:9
myeloidA,0.5,1,R_mean,24,24,1.0,True,上皮:11;T/NK:1;B/浆:2;髓系:24;成纤维:10;内皮:1
myeloidA,0.5,1,R_all,24,3,0.125,False,髓系:3
myeloidA,0.5,1,R_mean_own,24,24,1.0,True,髓系:24
myeloidA,0.5,2,R_any,24,24,1.0,True,上皮:24;T/NK:11;B/浆:11;髓系:24;成纤维:21;内皮:9
myeloidA,0.5,2,R_mean,24,24,1.0,True,上皮:12;T/NK:1;B/浆:2;髓系:24;成纤维:10;内皮:1
myeloidA,0.5,2,R_all,24,3,0.125,False,髓系:3
myeloidA,0.5,2,R_mean_own,24,24,1.0,True,髓系:24
myeloidA,0.5,3,R_any,24,24,1.0,True,上皮:24;T/NK:11;B/浆:10;髓系:24;成纤维:23;内皮:9
myeloidA,0.5,3,R_mean,24,24,1.0,True,上皮:11;T/NK:1;B/浆:2;髓系:24;成纤维:10;内皮:1
myeloidA,0.5,3,R_all,24,3,0.125,False,髓系:3
myeloidA,0.5,3,R_mean_own,24,24,1.0,True,髓系:24
myeloidA,0.5,4,R_any,24,24,1.0,True,上皮:24;T/NK:11;B/浆:11;髓系:24;成纤维:23;内皮:9
myeloidA,0.5,4,R_mean,24,24,1.0,True,上皮:11;T/NK:1;B/浆:2;髓系:24;成纤维:10;内皮:1
myeloidA,0.5,4,R_all,24,3,0.125,False,髓系:3
myeloidA,0.5,4,R_mean_own,24,24,1.0,True,髓系:24
myeloidA,0.6,0,R_any,25,25,1.0,True,上皮:25;T/NK:12;B/浆:10;髓系:25;成纤维:23;内皮:9
myeloidA,0.6,0,R_mean,25,25,1.0,True,上皮:11;T/NK:1;B/浆:2;髓系:25;成纤维:10;内皮:1
myeloidA,0.6,0,R_all,25,3,0.12,False,髓系:3
myeloidA,0.6,0,R_mean_own,25,25,1.0,True,髓系:25
myeloidA,0.6,1,R_any,24,24,1.0,True,上皮:24;T/NK:11;B/浆:10;髓系:24;成纤维:23;内皮:9
myeloidA,0.6,1,R_mean,24,24,1.0,True,上皮:11;T/NK:1;B/浆:2;髓系:24;成纤维:10;内皮:1
myeloidA,0.6,1,R_all,24,3,0.125,False,髓系:3
myeloidA,0.6,1,R_mean_own,24,24,1.0,True,髓系:24
myeloidA,0.6,2,R_any,25,25,1.0,True,上皮:25;T/NK:12;B/浆:10;髓系:25;成纤维:23;内皮:9
myeloidA,0.6,2,R_mean,25,25,1.0,True,上皮:11;T/NK:1;B/浆:2;髓系:25;成纤维:10;内皮:1
myeloidA,0.6,2,R_all,25,3,0.12,False,髓系:3
myeloidA,0.6,2,R_mean_own,25,25,1.0,True,髓系:25
myeloidA,0.6,3,R_any,24,24,1.0,True,上皮:24;T/NK:11;B/浆:10;髓系:24;成纤维:22;内皮:9
myeloidA,0.6,3,R_mean,24,24,1.0,True,上皮:11;T/NK:1;B/浆:2;髓系:24;成纤维:10;内皮:1
myeloidA,0.6,3,R_all,24,3,0.125,False,髓系:3
myeloidA,0.6,3,R_mean_own,24,24,1.0,True,髓系:24
myeloidA,0.6,4,R_any,24,24,1.0,True,上皮:24;T/NK:11;B/浆:10;髓系:24;成纤维:23;内皮:9
myeloidA,0.6,4,R_mean,24,24,1.0,True,上皮:11;T/NK:1;B/浆:2;髓系:24;成纤维:10;内皮:1
myeloidA,0.6,4,R_all,24,3,0.125,False,髓系:3
myeloidA,0.6,4,R_mean_own,24,24,1.0,True,髓系:24
myeloidA,0.7,0,R_any,26,26,1.0,True,上皮:26;T/NK:11;B/浆:11;髓系:26;成纤维:24;内皮:10
myeloidA,0.7,0,R_mean,26,26,1.0,True,上皮:12;T/NK:1;B/浆:2;髓系:26;成纤维:10;内皮:1
myeloidA,0.7,0,R_all,26,3,0.11538461538461539,False,髓系:3
myeloidA,0.7,0,R_mean_own,26,26,1.0,True,髓系:26
myeloidA,0.7,1,R_any,27,27,1.0,True,上皮:27;T/NK:12;B/浆:10;髓系:27;成纤维:25;内皮:10
myeloidA,0.7,1,R_mean,27,27,1.0,True,上皮:12;T/NK:1;B/浆:2;髓系:27;成纤维:10;内皮:1
myeloidA,0.7,1,R_all,27,3,0.1111111111111111,False,髓系:3
myeloidA,0.7,1,R_mean_own,27,27,1.0,True,髓系:27
myeloidA,0.7,2,R_any,26,26,1.0,True,上皮:26;T/NK:12;B/浆:10;髓系:26;成纤维:24;内皮:10
myeloidA,0.7,2,R_mean,26,26,1.0,True,上皮:12;T/NK:1;B/浆:2;髓系:26;成纤维:10;内皮:1
myeloidA,0.7,2,R_all,26,3,0.11538461538461539,False,髓系:3
myeloidA,0.7,2,R_mean_own,26,26,1.0,True,髓系:26
myeloidA,0.7,3,R_any,26,26,1.0,True,上皮:26;T/NK:13;B/浆:11;髓系:26;成纤维:24;内皮:10
myeloidA,0.7,3,R_mean,26,26,1.0,True,上皮:12;T/NK:1;B/浆:2;髓系:26;成纤维:11;内皮:1
myeloidA,0.7,3,R_all,26,3,0.11538461538461539,False,髓系:3
myeloidA,0.7,3,R_mean_own,26,26,1.0,True,髓系:26
myeloidA,0.7,4,R_any,26,26,1.0,True,上皮:26;T/NK:12;B/浆:10;髓系:26;成纤维:24;内皮:9
myeloidA,0.7,4,R_mean,26,26,1.0,True,上皮:12;T/NK:1;B/浆:2;髓系:26;成纤维:10;内皮:1
myeloidA,0.7,4,R_all,26,3,0.11538461538461539,False,髓系:3
myeloidA,0.7,4,R_mean_own,26,26,1.0,True,髓系:26
myeloidA,0.8,0,R_any,30,30,1.0,True,上皮:30;T/NK:13;B/浆:13;髓系:30;成纤维:27;内皮:10
myeloidA,0.8,0,R_mean,30,30,1.0,True,上皮:13;T/NK:1;B/浆:2;髓系:30;成纤维:11;内皮:1
myeloidA,0.8,0,R_all,30,3,0.1,False,髓系:3
myeloidA,0.8,0,R_mean_own,30,30,1.0,True,髓系:30
myeloidA,0.8,1,R_any,30,30,1.0,True,上皮:30;T/NK:14;B/浆:12;髓系:30;成纤维:25;内皮:11
myeloidA,0.8,1,R_mean,30,30,1.0,True,上皮:13;T/NK:1;B/浆:2;髓系:30;成纤维:11;内皮:1
myeloidA,0.8,1,R_all,30,3,0.1,False,髓系:3
myeloidA,0.8,1,R_mean_own,30,30,1.0,True,髓系:30
myeloidA,0.8,2,R_any,29,29,1.0,True,上皮:29;T/NK:13;B/浆:13;髓系:29;成纤维:27;内皮:12
myeloidA,0.8,2,R_mean,29,29,1.0,True,上皮:14;T/NK:1;B/浆:2;髓系:29;成纤维:12;内皮:1
myeloidA,0.8,2,R_all,29,3,0.10344827586206896,False,髓系:3
myeloidA,0.8,2,R_mean_own,29,29,1.0,True,髓系:29
myeloidA,0.8,3,R_any,28,28,1.0,True,上皮:28;T/NK:12;B/浆:12;髓系:28;成纤维:26;内皮:10
myeloidA,0.8,3,R_mean,28,28,1.0,True,上皮:13;T/NK:1;B/浆:2;髓系:28;成纤维:11;内皮:1
myeloidA,0.8,3,R_all,28,3,0.10714285714285714,False,髓系:3
myeloidA,0.8,3,R_mean_own,28,28,1.0,True,髓系:28
myeloidA,0.8,4,R_any,28,28,1.0,True,上皮:28;T/NK:13;B/浆:12;髓系:28;成纤维:25;内皮:11
myeloidA,0.8,4,R_mean,28,28,1.0,True,上皮:13;T/NK:1;B/浆:2;髓系:28;成纤维:12;内皮:1
myeloidA,0.8,4,R_all,28,3,0.10714285714285714,False,髓系:3
myeloidA,0.8,4,R_mean_own,28,28,1.0,True,髓系:28
endoA,0.5,0,R_any,27,27,1.0,True,上皮:27;T/NK:5;B/浆:17;髓系:8;成纤维:19;内皮:27
endoA,0.5,0,R_mean,27,27,1.0,True,上皮:14;B/浆:1;髓系:1;成纤维:5;内皮:27
endoA,0.5,0,R_all,27,5,0.18518518518518517,False,内皮:5
endoA,0.5,0,R_mean_own,27,27,1.0,True,内皮:27
endoA,0.5,1,R_any,27,27,1.0,True,上皮:27;T/NK:5;B/浆:17;髓系:8;成纤维:19;内皮:27
endoA,0.5,1,R_mean,27,27,1.0,True,上皮:14;B/浆:1;髓系:1;成纤维:4;内皮:27
endoA,0.5,1,R_all,27,5,0.18518518518518517,False,内皮:5
endoA,0.5,1,R_mean_own,27,27,1.0,True,内皮:27
endoA,0.5,2,R_any,27,27,1.0,True,上皮:27;T/NK:5;B/浆:17;髓系:8;成纤维:19;内皮:27
endoA,0.5,2,R_mean,27,27,1.0,True,上皮:14;B/浆:1;髓系:1;成纤维:5;内皮:27
endoA,0.5,2,R_all,27,5,0.18518518518518517,False,内皮:5
endoA,0.5,2,R_mean_own,27,27,1.0,True,内皮:27
endoA,0.5,3,R_any,27,27,1.0,True,上皮:27;T/NK:5;B/浆:17;髓系:8;成纤维:19;内皮:27
endoA,0.5,3,R_mean,27,27,1.0,True,上皮:14;B/浆:1;髓系:1;成纤维:5;内皮:27
endoA,0.5,3,R_all,27,5,0.18518518518518517,False,内皮:5
endoA,0.5,3,R_mean_own,27,27,1.0,True,内皮:27
endoA,0.5,4,R_any,27,27,1.0,True,上皮:27;T/NK:5;B/浆:17;髓系:8;成纤维:19;内皮:27
endoA,0.5,4,R_mean,27,27,1.0,True,上皮:14;B/浆:1;髓系:1;成纤维:5;内皮:27
endoA,0.5,4,R_all,27,5,0.18518518518518517,False,内皮:5
endoA,0.5,4,R_mean_own,27,27,1.0,True,内皮:27
endoA,0.6,0,R_any,30,30,1.0,True,上皮:30;T/NK:6;B/浆:19;髓系:9;成纤维:22;内皮:30
endoA,0.6,0,R_mean,30,30,1.0,True,上皮:16;B/浆:1;髓系:1;成纤维:5;内皮:30
endoA,0.6,0,R_all,30,5,0.16666666666666666,False,内皮:5
endoA,0.6,0,R_mean_own,30,30,1.0,True,内皮:30
endoA,0.6,1,R_any,29,29,1.0,True,上皮:29;T/NK:6;B/浆:18;髓系:9;成纤维:20;内皮:29
endoA,0.6,1,R_mean,29,29,1.0,True,上皮:15;B/浆:1;髓系:1;成纤维:4;内皮:29
endoA,0.6,1,R_all,29,5,0.1724137931034483,False,内皮:5
endoA,0.6,1,R_mean_own,29,29,1.0,True,内皮:29
endoA,0.6,2,R_any,30,30,1.0,True,上皮:30;T/NK:6;B/浆:19;髓系:9;成纤维:22;内皮:30
endoA,0.6,2,R_mean,30,30,1.0,True,上皮:16;B/浆:1;髓系:1;成纤维:4;内皮:30
endoA,0.6,2,R_all,30,5,0.16666666666666666,False,内皮:5
endoA,0.6,2,R_mean_own,30,30,1.0,True,内皮:30
endoA,0.6,3,R_any,30,30,1.0,True,上皮:30;T/NK:6;B/浆:19;髓系:9;成纤维:22;内皮:30
endoA,0.6,3,R_mean,30,30,1.0,True,上皮:16;B/浆:1;髓系:1;成纤维:5;内皮:30
endoA,0.6,3,R_all,30,5,0.16666666666666666,False,内皮:5
endoA,0.6,3,R_mean_own,30,30,1.0,True,内皮:30
endoA,0.6,4,R_any,29,29,1.0,True,上皮:29;T/NK:6;B/浆:18;髓系:9;成纤维:20;内皮:29
endoA,0.6,4,R_mean,29,29,1.0,True,上皮:15;B/浆:1;髓系:1;成纤维:5;内皮:29
endoA,0.6,4,R_all,29,5,0.1724137931034483,False,内皮:5
endoA,0.6,4,R_mean_own,29,29,1.0,True,内皮:29
endoA,0.7,0,R_any,31,31,1.0,True,上皮:31;T/NK:5;B/浆:19;髓系:9;成纤维:23;内皮:31
endoA,0.7,0,R_mean,31,31,1.0,True,上皮:17;B/浆:1;髓系:1;成纤维:5;内皮:31
endoA,0.7,0,R_all,31,5,0.16129032258064516,False,内皮:5
endoA,0.7,0,R_mean_own,31,31,1.0,True,内皮:31
endoA,0.7,1,R_any,31,31,1.0,True,上皮:31;T/NK:6;B/浆:19;髓系:9;成纤维:23;内皮:31
endoA,0.7,1,R_mean,31,31,1.0,True,上皮:17;B/浆:1;髓系:1;成纤维:5;内皮:31
endoA,0.7,1,R_all,31,5,0.16129032258064516,False,内皮:5
endoA,0.7,1,R_mean_own,31,31,1.0,True,内皮:31
endoA,0.7,2,R_any,31,31,1.0,True,上皮:31;T/NK:5;B/浆:19;髓系:9;成纤维:23;内皮:31
endoA,0.7,2,R_mean,31,31,1.0,True,上皮:17;B/浆:1;髓系:1;成纤维:5;内皮:31
endoA,0.7,2,R_all,31,5,0.16129032258064516,False,内皮:5
endoA,0.7,2,R_mean_own,31,31,1.0,True,内皮:31
endoA,0.7,3,R_any,31,31,1.0,True,上皮:31;T/NK:5;B/浆:19;髓系:9;成纤维:23;内皮:31
endoA,0.7,3,R_mean,31,31,1.0,True,上皮:17;B/浆:1;髓系:1;成纤维:5;内皮:31
endoA,0.7,3,R_all,31,5,0.16129032258064516,False,内皮:5
endoA,0.7,3,R_mean_own,31,31,1.0,True,内皮:31
endoA,0.7,4,R_any,31,31,1.0,True,上皮:31;T/NK:5;B/浆:19;髓系:9;成纤维:23;内皮:31
endoA,0.7,4,R_mean,31,31,1.0,True,上皮:17;B/浆:1;髓系:1;成纤维:5;内皮:31
endoA,0.7,4,R_all,31,5,0.16129032258064516,False,内皮:5
endoA,0.7,4,R_mean_own,31,31,1.0,True,内皮:31
endoA,0.8,0,R_any,33,33,1.0,True,上皮:33;T/NK:6;B/浆:20;髓系:9;成纤维:24;内皮:33
endoA,0.8,0,R_mean,33,33,1.0,True,上皮:18;B/浆:1;髓系:1;成纤维:5;内皮:33
endoA,0.8,0,R_all,33,6,0.18181818181818182,False,内皮:6
endoA,0.8,0,R_mean_own,33,33,1.0,True,内皮:33
endoA,0.8,1,R_any,33,33,1.0,True,上皮:33;T/NK:6;B/浆:20;髓系:9;成纤维:24;内皮:33
endoA,0.8,1,R_mean,33,33,1.0,True,上皮:18;B/浆:1;髓系:1;成纤维:5;内皮:33
endoA,0.8,1,R_all,33,6,0.18181818181818182,False,内皮:6
endoA,0.8,1,R_mean_own,33,33,1.0,True,内皮:33
endoA,0.8,2,R_any,33,33,1.0,True,上皮:33;T/NK:6;B/浆:20;髓系:9;成纤维:24;内皮:33
endoA,0.8,2,R_mean,33,33,1.0,True,上皮:18;B/浆:1;髓系:1;成纤维:5;内皮:33
endoA,0.8,2,R_all,33,6,0.18181818181818182,False,内皮:6
endoA,0.8,2,R_mean_own,33,33,1.0,True,内皮:33
endoA,0.8,3,R_any,33,33,1.0,True,上皮:33;T/NK:6;B/浆:20;髓系:9;成纤维:23;内皮:33
endoA,0.8,3,R_mean,33,33,1.0,True,上皮:18;B/浆:1;髓系:1;成纤维:5;内皮:33
endoA,0.8,3,R_all,33,6,0.18181818181818182,False,内皮:6
endoA,0.8,3,R_mean_own,33,33,1.0,True,内皮:33
endoA,0.8,4,R_any,33,33,1.0,True,上皮:33;T/NK:6;B/浆:20;髓系:9;成纤维:24;内皮:33
endoA,0.8,4,R_mean,33,33,1.0,True,上皮:18;B/浆:1;髓系:1;成纤维:5;内皮:33
endoA,0.8,4,R_all,33,6,0.18181818181818182,False,内皮:6
endoA,0.8,4,R_mean_own,33,33,1.0,True,内皮:33
bplasmaA,0.5,0,R_any,32,32,1.0,True,上皮:32;T/NK:13;B/浆:30;髓系:19;成纤维:31;内皮:14
bplasmaA,0.5,0,R_mean,32,30,0.9375,True,上皮:21;T/NK:3;B/浆:29;髓系:10;成纤维:18;内皮:1
bplasmaA,0.5,0,R_all,32,1,0.03125,False,内皮:1
bplasmaA,0.5,0,R_mean_own,32,29,0.90625,True,B/浆:29
bplasmaA,0.5,1,R_any,32,32,1.0,True,上皮:32;T/NK:12;B/浆:30;髓系:20;成纤维:31;内皮:15
bplasmaA,0.5,1,R_mean,32,30,0.9375,True,上皮:21;T/NK:4;B/浆:29;髓系:10;成纤维:17;内皮:1
bplasmaA,0.5,1,R_all,32,1,0.03125,False,内皮:1
bplasmaA,0.5,1,R_mean_own,32,29,0.90625,True,B/浆:29
bplasmaA,0.5,2,R_any,32,32,1.0,True,上皮:32;T/NK:12;B/浆:30;髓系:20;成纤维:31;内皮:14
bplasmaA,0.5,2,R_mean,32,30,0.9375,True,上皮:21;T/NK:3;B/浆:29;髓系:10;成纤维:18;内皮:1
bplasmaA,0.5,2,R_all,32,1,0.03125,False,内皮:1
bplasmaA,0.5,2,R_mean_own,32,29,0.90625,True,B/浆:29
bplasmaA,0.5,3,R_any,32,32,1.0,True,上皮:32;T/NK:13;B/浆:30;髓系:20;成纤维:31;内皮:14
bplasmaA,0.5,3,R_mean,32,30,0.9375,True,上皮:21;T/NK:3;B/浆:29;髓系:11;成纤维:17;内皮:1
bplasmaA,0.5,3,R_all,32,1,0.03125,False,内皮:1
bplasmaA,0.5,3,R_mean_own,32,29,0.90625,True,B/浆:29
bplasmaA,0.5,4,R_any,29,29,1.0,True,上皮:29;T/NK:11;B/浆:27;髓系:19;成纤维:28;内皮:15
bplasmaA,0.5,4,R_mean,29,27,0.9310344827586207,True,上皮:20;T/NK:3;B/浆:26;髓系:9;成纤维:15;内皮:1
bplasmaA,0.5,4,R_all,29,1,0.034482758620689655,False,内皮:1
bplasmaA,0.5,4,R_mean_own,29,26,0.896551724137931,False,B/浆:26
bplasmaA,0.6,0,R_any,34,34,1.0,True,上皮:34;T/NK:14;B/浆:32;髓系:22;成纤维:33;内皮:14
bplasmaA,0.6,0,R_mean,34,32,0.9411764705882353,True,上皮:23;T/NK:3;B/浆:31;髓系:12;成纤维:19;内皮:1
bplasmaA,0.6,0,R_all,34,1,0.029411764705882353,False,内皮:1
bplasmaA,0.6,0,R_mean_own,34,31,0.9117647058823529,True,B/浆:31
bplasmaA,0.6,1,R_any,33,33,1.0,True,上皮:33;T/NK:12;B/浆:31;髓系:21;成纤维:32;内皮:15
bplasmaA,0.6,1,R_mean,33,31,0.9393939393939394,True,上皮:22;T/NK:3;B/浆:30;髓系:11;成纤维:18;内皮:1
bplasmaA,0.6,1,R_all,33,1,0.030303030303030304,False,内皮:1
bplasmaA,0.6,1,R_mean_own,33,30,0.9090909090909091,True,B/浆:30
bplasmaA,0.6,2,R_any,32,32,1.0,True,上皮:32;T/NK:12;B/浆:30;髓系:20;成纤维:31;内皮:16
bplasmaA,0.6,2,R_mean,32,30,0.9375,True,上皮:21;T/NK:3;B/浆:29;髓系:11;成纤维:17;内皮:1
bplasmaA,0.6,2,R_all,32,1,0.03125,False,内皮:1
bplasmaA,0.6,2,R_mean_own,32,29,0.90625,True,B/浆:29
bplasmaA,0.6,3,R_any,33,33,1.0,True,上皮:33;T/NK:13;B/浆:31;髓系:21;成纤维:32;内皮:15
bplasmaA,0.6,3,R_mean,33,31,0.9393939393939394,True,上皮:22;T/NK:3;B/浆:30;髓系:11;成纤维:18;内皮:1
bplasmaA,0.6,3,R_all,33,1,0.030303030303030304,False,内皮:1
bplasmaA,0.6,3,R_mean_own,33,30,0.9090909090909091,True,B/浆:30
bplasmaA,0.6,4,R_any,32,32,1.0,True,上皮:32;T/NK:12;B/浆:30;髓系:21;成纤维:31;内皮:14
bplasmaA,0.6,4,R_mean,32,30,0.9375,True,上皮:21;T/NK:3;B/浆:29;髓系:11;成纤维:17;内皮:1
bplasmaA,0.6,4,R_all,32,1,0.03125,False,内皮:1
bplasmaA,0.6,4,R_mean_own,32,29,0.90625,True,B/浆:29
bplasmaA,0.7,0,R_any,33,33,1.0,True,上皮:33;T/NK:12;B/浆:31;髓系:21;成纤维:32;内皮:16
bplasmaA,0.7,0,R_mean,33,31,0.9393939393939394,True,上皮:23;T/NK:3;B/浆:30;髓系:11;成纤维:18;内皮:1
bplasmaA,0.7,0,R_all,33,1,0.030303030303030304,False,内皮:1
bplasmaA,0.7,0,R_mean_own,33,30,0.9090909090909091,True,B/浆:30
bplasmaA,0.7,1,R_any,34,34,1.0,True,上皮:33;T/NK:12;B/浆:32;髓系:21;成纤维:33;内皮:16
bplasmaA,0.7,1,R_mean,34,32,0.9411764705882353,True,上皮:22;T/NK:3;B/浆:31;髓系:11;成纤维:18;内皮:1
bplasmaA,0.7,1,R_all,34,1,0.029411764705882353,False,内皮:1
bplasmaA,0.7,1,R_mean_own,34,31,0.9117647058823529,True,B/浆:31
bplasmaA,0.7,2,R_any,33,33,1.0,True,上皮:32;T/NK:12;B/浆:31;髓系:21;成纤维:32;内皮:16
bplasmaA,0.7,2,R_mean,33,31,0.9393939393939394,True,上皮:21;T/NK:3;B/浆:30;髓系:11;成纤维:17;内皮:1
bplasmaA,0.7,2,R_all,33,1,0.030303030303030304,False,内皮:1
bplasmaA,0.7,2,R_mean_own,33,30,0.9090909090909091,True,B/浆:30
bplasmaA,0.7,3,R_any,33,33,1.0,True,上皮:33;T/NK:12;B/浆:31;髓系:21;成纤维:32;内皮:15
bplasmaA,0.7,3,R_mean,33,31,0.9393939393939394,True,上皮:22;T/NK:3;B/浆:30;髓系:11;成纤维:18;内皮:1
bplasmaA,0.7,3,R_all,33,1,0.030303030303030304,False,内皮:1
bplasmaA,0.7,3,R_mean_own,33,30,0.9090909090909091,True,B/浆:30
bplasmaA,0.7,4,R_any,34,34,1.0,True,上皮:34;T/NK:12;B/浆:32;髓系:22;成纤维:33;内皮:15
bplasmaA,0.7,4,R_mean,34,32,0.9411764705882353,True,上皮:23;T/NK:3;B/浆:31;髓系:12;成纤维:19;内皮:1
bplasmaA,0.7,4,R_all,34,1,0.029411764705882353,False,内皮:1
bplasmaA,0.7,4,R_mean_own,34,31,0.9117647058823529,True,B/浆:31
bplasmaA,0.8,0,R_any,35,35,1.0,True,上皮:34;T/NK:12;B/浆:33;髓系:21;成纤维:34;内皮:16
bplasmaA,0.8,0,R_mean,35,33,0.9428571428571428,True,上皮:22;T/NK:3;B/浆:32;髓系:11;成纤维:18;内皮:1
bplasmaA,0.8,0,R_all,35,1,0.02857142857142857,False,内皮:1
bplasmaA,0.8,0,R_mean_own,35,32,0.9142857142857143,True,B/浆:32
bplasmaA,0.8,1,R_any,35,35,1.0,True,上皮:35;T/NK:12;B/浆:33;髓系:22;成纤维:34;内皮:16
bplasmaA,0.8,1,R_mean,35,33,0.9428571428571428,True,上皮:24;T/NK:3;B/浆:32;髓系:12;成纤维:19;内皮:1
bplasmaA,0.8,1,R_all,35,1,0.02857142857142857,False,内皮:1
bplasmaA,0.8,1,R_mean_own,35,32,0.9142857142857143,True,B/浆:32
bplasmaA,0.8,2,R_any,34,34,1.0,True,上皮:34;T/NK:12;B/浆:32;髓系:22;成纤维:33;内皮:15
bplasmaA,0.8,2,R_mean,34,32,0.9411764705882353,True,上皮:22;T/NK:3;B/浆:31;髓系:11;成纤维:18;内皮:1
bplasmaA,0.8,2,R_all,34,1,0.029411764705882353,False,内皮:1
bplasmaA,0.8,2,R_mean_own,34,31,0.9117647058823529,True,B/浆:31
bplasmaA,0.8,3,R_any,34,34,1.0,True,上皮:34;T/NK:11;B/浆:32;髓系:22;成纤维:33;内皮:15
bplasmaA,0.8,3,R_mean,34,32,0.9411764705882353,True,上皮:21;T/NK:3;B/浆:31;髓系:11;成纤维:18;内皮:1
bplasmaA,0.8,3,R_all,34,1,0.029411764705882353,False,内皮:1
bplasmaA,0.8,3,R_mean_own,34,31,0.9117647058823529,True,B/浆:31
bplasmaA,0.8,4,R_any,36,36,1.0,True,上皮:35;T/NK:13;B/浆:34;髓系:23;成纤维:35;内皮:16
bplasmaA,0.8,4,R_mean,36,34,0.9444444444444444,True,上皮:24;T/NK:3;B/浆:33;髓系:13;成纤维:19;内皮:1
bplasmaA,0.8,4,R_all,36,1,0.027777777777777776,False,内皮:1
bplasmaA,0.8,4,R_mean_own,36,33,0.9166666666666666,True,B/浆:33
fibroA,0.5,0,R_any,23,23,1.0,True,上皮:23;T/NK:6;B/浆:11;髓系:8;成纤维:23;内皮:2
fibroA,0.5,0,R_mean,23,23,1.0,True,上皮:7;T/NK:1;B/浆:1;髓系:2;成纤维:23
fibroA,0.5,0,R_all,23,5,0.21739130434782608,False,成纤维:5
fibroA,0.5,0,R_mean_own,23,23,1.0,True,成纤维:23
fibroA,0.5,1,R_any,24,24,1.0,True,上皮:24;T/NK:6;B/浆:11;髓系:8;成纤维:24;内皮:2
fibroA,0.5,1,R_mean,24,24,1.0,True,上皮:7;T/NK:1;B/浆:1;髓系:2;成纤维:24
fibroA,0.5,1,R_all,24,5,0.20833333333333334,False,成纤维:5
fibroA,0.5,1,R_mean_own,24,24,1.0,True,成纤维:24
fibroA,0.5,2,R_any,23,23,1.0,True,上皮:23;T/NK:4;B/浆:11;髓系:8;成纤维:23;内皮:2
fibroA,0.5,2,R_mean,23,23,1.0,True,上皮:6;T/NK:1;B/浆:1;髓系:1;成纤维:23
fibroA,0.5,2,R_all,23,5,0.21739130434782608,False,成纤维:5
fibroA,0.5,2,R_mean_own,23,23,1.0,True,成纤维:23
fibroA,0.5,3,R_any,24,24,1.0,True,上皮:24;T/NK:5;B/浆:10;髓系:8;成纤维:24;内皮:2
fibroA,0.5,3,R_mean,24,24,1.0,True,上皮:7;T/NK:1;B/浆:1;髓系:2;成纤维:24
fibroA,0.5,3,R_all,24,5,0.20833333333333334,False,成纤维:5
fibroA,0.5,3,R_mean_own,24,24,1.0,True,成纤维:24
fibroA,0.5,4,R_any,23,23,1.0,True,上皮:23;T/NK:4;B/浆:11;髓系:8;成纤维:23;内皮:2
fibroA,0.5,4,R_mean,23,23,1.0,True,上皮:7;T/NK:1;B/浆:1;髓系:2;成纤维:23
fibroA,0.5,4,R_all,23,5,0.21739130434782608,False,成纤维:5
fibroA,0.5,4,R_mean_own,23,23,1.0,True,成纤维:23
fibroA,0.6,0,R_any,29,29,1.0,True,上皮:29;T/NK:6;B/浆:14;髓系:10;成纤维:29;内皮:2
fibroA,0.6,0,R_mean,29,29,1.0,True,上皮:8;T/NK:1;B/浆:2;髓系:2;成纤维:29
fibroA,0.6,0,R_all,29,6,0.20689655172413793,False,成纤维:6
fibroA,0.6,0,R_mean_own,29,29,1.0,True,成纤维:29
fibroA,0.6,1,R_any,30,30,1.0,True,上皮:30;T/NK:7;B/浆:16;髓系:11;成纤维:30;内皮:2
fibroA,0.6,1,R_mean,30,30,1.0,True,上皮:7;T/NK:1;B/浆:2;髓系:2;成纤维:30
fibroA,0.6,1,R_all,30,6,0.2,False,成纤维:6
fibroA,0.6,1,R_mean_own,30,30,1.0,True,成纤维:30
fibroA,0.6,2,R_any,27,27,1.0,True,上皮:27;T/NK:6;B/浆:13;髓系:9;成纤维:27;内皮:2
fibroA,0.6,2,R_mean,27,27,1.0,True,上皮:7;T/NK:1;B/浆:1;髓系:2;成纤维:27
fibroA,0.6,2,R_all,27,5,0.18518518518518517,False,成纤维:5
fibroA,0.6,2,R_mean_own,27,27,1.0,True,成纤维:27
fibroA,0.6,3,R_any,30,30,1.0,True,上皮:30;T/NK:6;B/浆:15;髓系:10;成纤维:30;内皮:2
fibroA,0.6,3,R_mean,30,30,1.0,True,上皮:8;T/NK:1;B/浆:2;髓系:3;成纤维:30
fibroA,0.6,3,R_all,30,6,0.2,False,成纤维:6
fibroA,0.6,3,R_mean_own,30,30,1.0,True,成纤维:30
fibroA,0.6,4,R_any,30,30,1.0,True,上皮:30;T/NK:7;B/浆:16;髓系:11;成纤维:30;内皮:2
fibroA,0.6,4,R_mean,30,30,1.0,True,上皮:8;T/NK:1;B/浆:2;髓系:3;成纤维:30
fibroA,0.6,4,R_all,30,6,0.2,False,成纤维:6
fibroA,0.6,4,R_mean_own,30,30,1.0,True,成纤维:30
fibroA,0.7,0,R_any,31,31,1.0,True,上皮:31;T/NK:7;B/浆:15;髓系:10;成纤维:31;内皮:2
fibroA,0.7,0,R_mean,31,31,1.0,True,上皮:8;T/NK:1;B/浆:2;髓系:2;成纤维:31
fibroA,0.7,0,R_all,31,7,0.22580645161290322,False,成纤维:7
fibroA,0.7,0,R_mean_own,31,31,1.0,True,成纤维:31
fibroA,0.7,1,R_any,31,31,1.0,True,上皮:31;T/NK:7;B/浆:15;髓系:11;成纤维:31;内皮:2
fibroA,0.7,1,R_mean,31,31,1.0,True,上皮:7;T/NK:1;B/浆:2;髓系:2;成纤维:31
fibroA,0.7,1,R_all,31,6,0.1935483870967742,False,成纤维:6
fibroA,0.7,1,R_mean_own,31,31,1.0,True,成纤维:31
fibroA,0.7,2,R_any,32,32,1.0,True,上皮:32;T/NK:7;B/浆:15;髓系:10;成纤维:32;内皮:3
fibroA,0.7,2,R_mean,32,32,1.0,True,上皮:8;T/NK:1;B/浆:2;髓系:2;成纤维:32
fibroA,0.7,2,R_all,32,6,0.1875,False,成纤维:6
fibroA,0.7,2,R_mean_own,32,32,1.0,True,成纤维:32
fibroA,0.7,3,R_any,30,30,1.0,True,上皮:30;T/NK:6;B/浆:14;髓系:11;成纤维:30;内皮:2
fibroA,0.7,3,R_mean,30,30,1.0,True,上皮:8;T/NK:1;B/浆:2;髓系:2;成纤维:30
fibroA,0.7,3,R_all,30,6,0.2,False,成纤维:6
fibroA,0.7,3,R_mean_own,30,30,1.0,True,成纤维:30
fibroA,0.7,4,R_any,30,30,1.0,True,上皮:30;T/NK:7;B/浆:15;髓系:11;成纤维:30;内皮:2
fibroA,0.7,4,R_mean,30,30,1.0,True,上皮:6;T/NK:1;B/浆:2;髓系:2;成纤维:30
fibroA,0.7,4,R_all,30,5,0.16666666666666666,False,成纤维:5
fibroA,0.7,4,R_mean_own,30,30,1.0,True,成纤维:30
fibroA,0.8,0,R_any,34,34,1.0,True,上皮:34;T/NK:7;B/浆:17;髓系:13;成纤维:34;内皮:4
fibroA,0.8,0,R_mean,34,34,1.0,True,上皮:10;T/NK:1;B/浆:2;髓系:3;成纤维:34;内皮:1
fibroA,0.8,0,R_all,34,5,0.14705882352941177,False,成纤维:5
fibroA,0.8,0,R_mean_own,34,34,1.0,True,成纤维:34
fibroA,0.8,1,R_any,33,33,1.0,True,上皮:33;T/NK:7;B/浆:16;髓系:10;成纤维:33;内皮:3
fibroA,0.8,1,R_mean,33,33,1.0,True,上皮:8;T/NK:1;B/浆:2;髓系:2;成纤维:33
fibroA,0.8,1,R_all,33,6,0.18181818181818182,False,成纤维:6
fibroA,0.8,1,R_mean_own,33,33,1.0,True,成纤维:33
fibroA,0.8,2,R_any,33,33,1.0,True,上皮:33;T/NK:7;B/浆:17;髓系:11;成纤维:33;内皮:2
fibroA,0.8,2,R_mean,33,33,1.0,True,上皮:9;T/NK:1;B/浆:2;髓系:3;成纤维:33;内皮:1
fibroA,0.8,2,R_all,33,7,0.21212121212121213,False,成纤维:7
fibroA,0.8,2,R_mean_own,33,33,1.0,True,成纤维:33
fibroA,0.8,3,R_any,33,33,1.0,True,上皮:33;T/NK:7;B/浆:16;髓系:11;成纤维:33;内皮:2
fibroA,0.8,3,R_mean,33,33,1.0,True,上皮:9;T/NK:1;B/浆:2;髓系:2;成纤维:33
fibroA,0.8,3,R_all,33,7,0.21212121212121213,False,成纤维:7
fibroA,0.8,3,R_mean_own,33,33,1.0,True,成纤维:33
fibroA,0.8,4,R_any,33,33,1.0,True,上皮:33;T/NK:7;B/浆:16;髓系:11;成纤维:33;内皮:4
fibroA,0.8,4,R_mean,33,33,1.0,True,上皮:9;T/NK:1;B/浆:2;髓系:2;成纤维:33
fibroA,0.8,4,R_all,33,7,0.21212121212121213,False,成纤维:7
fibroA,0.8,4,R_mean_own,33,33,1.0,True,成纤维:33
