cluster,top_genes
0,MARCO;FBP1;MCEMP1;ALDH2;LTA4H;SERPINA1;OLR1;FABP4;TSPO;TREM1;S100A6;PPARG;CRIP1;CD52;ADAMTSL4
1,STAB1;SELENOP;MS4A7;DAB2;F13A1;SLCO2B1;FCGRT;CSF1R;MS4A6A;CD163;LILRB5;MAF;ADAP2;HSPA6;FOLR2
2,CPA3;HDC;KIT;MS4A2;IL1RL1;SLC18A2;VWA5A;GATA2;SLC45A3;RGS13;MLPH;TPSG1;ATP6V0A2;SIGLEC6;STX3
3,APOE;GPNMB;PSAP;PLD3;LIPA;CTSD;CTSB;FTL;CD68;CTSZ;FUCA1;LGMN;C1QC;ACP5;C1QB
4,CIITA;CLEC10A;VASH1;HSPA6;FGL2;JAML;SLC8A1;SAMHD1;MS4A6A;CSF2RA;PLEKHO1;CTNND1;AOAH;PLCB2;PLD4
5,TNFAIP2;ITGAX;NPL;SAT1;SGK1;DMXL2;GPNMB;FCHO2;ABCC5;HS3ST2;TNFRSF14;LILRB5;LGMN;NABP1;FMN1
6,SFTPB;COL1A1;SLC34A2;COL1A2;SFTPA1;COL3A1;MUC1;LUM;DCN;IGKC;NAPSA;SPARC;COL6A2;MT-ATP6;COL6A3
7,CXCL10;GBP1;CXCL9;GBP5;STAT1;TAP1;TYMP;LAP3;IL4I1;CALHM6;HAPLN3;SLAMF8;SOD2;GBP4;WARS
8,MCL1;ZFP36;NAMPT;METRNL;VEGFA;MAT2A;PLAUR;FOSL2;NR4A3;SAT1;PFKFB3;SOCS3;GRASP;GPR183;ZNF331
9,LILRB2;FGR;TNFRSF1B;HK3;ITGAL;UTRN;CORO1A;SPI1;MYO1G;LYST;CD300E;EHBP1L1;LST1;PLXNB2;LILRB1
10,SPP1;CTSB;LGALS1;GPNMB;LAPTM5;NPC2;CTSD;TREM2;APOE;IFI30;FTL;CD68;ANXA2;CSTB;CTSL
11,VCAN;CSF3R;CD300E;S100A8;S100A9;FGR;CORO1A;LILRB2;DPYD;CFP;SLC11A1;FCAR;UBXN11;HK3;SELL
12,CHIT1;GPNMB;CYP27A1;LIPA;ACP5;CTSD;PLA2G7;PLD3;PLPP3;APOE;HTRA4;NPL;HS3ST2;GM2A;SLC26A11
13,FCGBP;GSN;S100B;CTNND1;NDRG2;CSF1R;CD74;CKLF;CORO1A;PLD4;CD4;LTB;CD207;CD1A;CLDN1
14,CD83;CXCL8;CCL3;CCL4L2;SGK1;CCL4;FOSB;KLF6;NR4A2;SAT1;ATF3;RASGEF1B;EGR2;DUSP1;SOD2
15,CHI3L1;LIPA;GM2A;APOE;CTSS;GPNMB;PSAP;CHIT1;B2M;CAPG;LYZ;CYP27A1;CTSB;GRN;CD68
16,WDFY4;IRF8;CPVL;CLNK;XCR1;CLEC9A;APOBR;LSP1;CCSER1;RAB7B;FGL2;CST3;MPEG1;NAAA;FNBP1
17,MMP9;TMEM176B;MMP14;ADAMDEC1;CTSB;PLA2G2D;CTSZ;CD4;CTSC;NPC2;APOE;PSAP;FUCA1;PLTP;ENPP2
18,IRF7;PTPRS;IRF8;CLEC4C;UGCG;PLD4;GZMB;NIBAN3;IL3RA;MPEG1;ITM2C;BCL11A;JCHAIN;SERPINF1;CCDC50
19,CSF3R;NAMPT;S100A9;S100A8;MXD1;SLC25A37;DUSP1;SOD2;LRRK2;FCAR;FPR1;RNF149;SRGN;SELL;APOBEC3A
20,LAMP3;KDM2B;FSCN1;BIRC3;CCR7;LY75;CD83;TRAF1;LSP1;CSF2RA;MARCKSL1;BTG1;DAPP1;RASSF4;NUB1
21,LYZ;GRN;ALDH2;SERPINA1;MARCO;CFD;S100A9;CST3;OLR1;SRGN;VSIG4;ADAMTSL4;IFI30;TXNIP;TMSB4X
22,CCL8;STAB1;CCL2;LILRB5;DAB2;F13A1;SLCO2B1;FCGRT;CD14;MAF;CD163;MS4A7;ITPR2;SELENOP;RNASE1
23,SLC11A1;GPCPD1;PPARG;OLR1;ALOX5;ADAMTSL4;TAGLN;EVL;LTA4H;EML4;MS4A7;HK3;UBXN11;MARCO;GGA2
24,IGKC;IGHG1;IGHA1;IGHG3;COL1A1;COL3A1;MT-ATP6;MT-CO2;MT-CO3;JCHAIN;IGHM;CTSB;FTL;MT-ND4;MT-ND2
25,TRAC;SYNE2;TRBC2;CD2;CD96;ETS1;IL32;ACAP1;CORO1A;ZAP70;TMC8;CXCR4;AKNA;RESF1;IKZF1
26,HIST1H1B;MKI67;HIST1H1C;TOP2A;NUSAP1;CDK1;PHF19;HMGB2;TYMS;TACC3;NCAPG2;LMNB1;CENPM;HIST1H1D;NCAPG
27,CXCL10;GBP1;IL32;WARS;TAP1;IDO1;GBP4;CXCL11;STAT1;IFITM3;SYNE2;TNFSF10;LAP3;GBP2;CX3CL1
