cluster,n_cells,Neutrophil,Megakaryocyte,Macrophage,pDC,mDC1,mDC2,Classical Monocyte,Intermediate Monocyte,Basophil/Mast
0,9579,0.3601793545670597,0.024631244663340816,1.8314626056698229,-0.03397877141541359,-0.06848314773178979,-0.218307333950466,0.18988240032905898,0.5911846210084024,-0.5707801356667133
1,8532,-0.2995468891202095,-0.03520380571220833,0.27176910529138104,0.04926188495964294,-0.041848237728722,-0.07178325476595564,0.6384713022945278,0.5428713435151643,-0.4254705802416552
2,6368,-0.22000302746639244,-0.04041109228258651,-0.4616774899624866,-0.31403692857479315,-0.046488203877143336,-0.1857649207871461,-0.4931202415485467,-0.49442455189411655,3.4594799554774824
3,4800,-0.03668113762177547,-0.00015942724378158342,0.330544451359079,0.12529629436830705,-0.04194587743558606,-0.1350583099754526,0.4392963509455333,0.5616276523043705,-0.461600620434681
4,4636,-0.25755587938083346,0.00415006841226732,-0.25599721902740885,-0.0043567722932957,-0.010320729447964272,0.7506950381777482,-0.021740407791756844,0.06891946334639337,-0.42895699167632206
5,2573,-0.35613786651404283,-0.03482733020801466,0.029050940832243584,0.07033636982630283,-0.06092108945252591,-0.15581364771803632,0.11644422552046318,-0.018614621384802753,-0.45955544743517585
6,2569,0.2743637513775637,0.048253579236865726,-0.038511323860118025,-0.1029636812945957,0.11702065572774858,-0.105304379450783,0.27026374856893903,0.29478680739223895,-0.24159210448722823
7,2487,0.0939402216396085,5.3600905096863575e-05,0.038571876816800015,0.20913939320263036,0.10975148709048256,-0.023342885119779718,0.2965931542999634,0.5494916383070682,-0.5012985412385812
8,2476,-0.16507872201634752,-0.0019506408478793867,0.008124825547122794,-0.06444201177657138,-0.004751731486139459,0.1867723566731844,0.29734876111655323,0.1761674296900861,-0.43772977690945214
9,2327,0.3291048664999562,0.07109578896142602,-0.6696445734834546,-0.1643829700048934,-0.07011189541285988,0.010310222873577076,-0.005562184755003986,0.5939775729804374,-0.4294688685441354
10,2000,0.12415450258299703,-0.003985071493797009,0.4792803208629283,-0.018306682759324695,-0.051861387044712874,-0.024116883551404053,0.43255179451793524,0.6102473056479298,-0.4505627081055942
11,1985,1.2380379298658153,0.13912668663023087,-0.6675124644140157,-0.11971165494694605,-0.07189125081153598,-0.06603038260498331,1.9052349761018812,1.1660053618236497,-0.41874730342581545
12,1753,-0.1427332896534809,-0.010854082441523735,0.19763369695069033,0.05249693572147187,-0.03910942374588887,-0.15879656607968376,0.009877512187564698,-0.05137722185445064,-0.43314049376541347
13,1464,-0.2963701761289012,-0.0131084178304656,-0.5543660412651435,-0.10357006598420046,0.09647118427734708,0.91319311906202,-0.06680747545604167,-0.020346117179793212,-0.4371523120596274
14,1312,-0.24896587580351598,-0.02707967798293726,0.051658029907602564,0.1131325135398203,-0.0471884795296483,-0.093631216898197,0.34224271393948935,0.18741878707900742,-0.4432059635140184
15,1190,0.18116864381943448,0.01183840229412337,0.5262390449367651,0.13442070506934692,-0.01874185651315361,-0.1566778036990838,0.1966331032489531,0.28208258888000176,-0.515706779062247
16,1167,-0.37012698275928557,-0.04261069466006381,-0.7343423011329511,0.9959195679727542,0.8245296812506944,-0.10368149567692315,-0.5895537157684891,-0.5875159874615479,-0.3868098193774801
17,978,-0.06435346457733937,-0.007701094818352919,-0.2837827359277047,0.20850506242798875,0.01965879822648864,-0.12314237853409317,0.506206838153379,0.47704077275821605,-0.4720367983632659
18,925,-0.2761319471591223,-0.018910500955581673,-0.7724331309258402,1.7793766360274286,-0.07268281736373916,1.232417220101484,-0.5195580576239406,-0.5174395976195462,-0.43006363335557907
19,840,1.941738789443459,0.027175540461426683,-0.48494470491485026,-0.20661214497732752,-0.010605510887645558,-0.07163929094870884,1.4991661066526467,1.3008394887239214,-0.30686827358177715
20,786,-0.2342086944746151,-0.02061843320272351,-0.6643246917344428,0.14566678248895637,1.459672553533208,0.03717323358201494,-0.4906511561728001,-0.4939421022555092,-0.4142364823621039
21,686,0.5115078566399326,0.043459540256258346,0.9612456239717923,0.007740998387452634,-0.04792179830480934,-0.11706442480010822,0.5221626972179024,0.6570927554166245,-0.43664456549434566
22,661,-0.30383087526832114,-0.038087041837004044,0.36685555229869915,0.05513241384586061,-0.04279492745060423,-0.09119199815568332,0.7750740144797419,0.5891504341871877,-0.4259531913781123
23,572,-0.08760098669912425,-0.014553590679502156,0.9772349832330286,0.06449824326521879,-0.036980890933867146,-0.16840103669183237,-0.05113307858888918,0.09052780684057651,-0.4493649623235617
24,558,0.24814066248768962,0.027330678655735893,0.10584152886802009,0.03033891416934797,0.018755838466160635,-0.08205365307602402,0.4378159550654844,0.6180102323061532,-0.35813566768468486
25,351,0.2700110555017777,0.0005306828497481856,-0.34576808332151593,-0.1871580591545939,-0.020171644714822804,-0.13570096401747134,0.2538262345070853,0.23763105486193287,0.05801047744574369
26,294,0.04463733579633998,0.05726303827549734,0.3964788708503016,-0.014979507896094637,-0.030057026842216214,0.29833330136578123,0.15148083702642096,0.2634250333709239,-0.4610432028973189
27,215,0.1257603697859963,-0.024278033065241424,-0.4197539916519043,-0.18375314966283107,0.03767100853143738,-0.13238004397237021,-0.04871676907982936,-0.07819471314895983,-0.3542097602112348
