cluster,n_cells,argmax,win_margin,n_patients,top_patient_frac,flag,donor_flag,decision,reason,excluded,excluded_reason
0,9579,Macrophage,1.2403,23,0.212,,,,,False,
1,8532,Classical Monocyte,0.0956,23,0.186,thin_panel,,,,False,
2,6368,Basophil/Mast,3.4999,23,0.183,thin_panel,,,,False,
3,4800,Intermediate Monocyte,0.1223,23,0.274,,,,,False,
4,4636,mDC2,0.6818,23,0.197,thin_panel,,,,False,
5,2573,Classical Monocyte,0.0461,23,0.336,thin_panel,,,,False,
6,2569,Intermediate Monocyte,0.0204,23,0.406,,,,,False,
7,2487,Intermediate Monocyte,0.2529,23,0.38,,,,,False,
8,2476,Classical Monocyte,0.1106,23,0.177,thin_panel,,,,False,
9,2327,Intermediate Monocyte,0.2649,23,0.107,,,,,False,
10,2000,Intermediate Monocyte,0.131,22,0.206,,,,,False,
11,1985,Classical Monocyte,0.6672,23,0.112,thin_panel,,,,False,
12,1753,Macrophage,0.1451,23,0.327,,,,,False,
13,1464,mDC2,0.8167,23,0.199,thin_panel,,,,False,
14,1312,Classical Monocyte,0.1548,23,0.29,thin_panel,,,,False,
15,1190,Macrophage,0.2442,22,0.313,,,,,False,
16,1167,pDC,0.1714,23,0.277,,,,,False,
17,978,Classical Monocyte,0.0292,23,0.375,thin_panel,,,,False,
18,925,pDC,0.547,23,0.324,,,,,False,
19,840,Neutrophil,0.4426,23,0.245,,,,,False,
20,786,mDC1,1.314,23,0.169,thin_panel,,,,False,
21,686,Macrophage,0.3042,22,0.133,,,,,False,
22,661,Classical Monocyte,0.1859,23,0.213,thin_panel,,,,False,
23,572,Macrophage,0.8867,23,0.213,,,,,False,
24,558,Intermediate Monocyte,0.1802,20,0.654,,,,,False,
25,351,Neutrophil,0.0162,21,0.259,,,,,False,
26,294,Macrophage,0.0981,23,0.197,,,,,False,
27,215,Neutrophil,0.0881,19,0.256,,,,,True,跨谱系污染（面板+CellTypist 命中）；判据见 results/05_annotation/myeloidA_contamination.csv
