patient_id,n_cells,plasma_ge3,ig_umi_frac_median
P24,38416,0.3770043731778426,0.0043127459626857
P25,15041,0.1352968552622831,0.0036003600360036
P10,11049,0.13376776178839714,0.0035142522452167
P17,16938,0.08885346558035187,0.0011029413255489
P11,7217,0.07995011777746987,0.0021218551076083
P21,17240,0.07354988399071925,0.0013452914798206
P4,58512,0.057543751709051134,0.0005844535359438
P12,4208,0.0563212927756654,0.0006499133753890001
P5,23105,0.05613503570655702,0.0002781641168289
P13,3619,0.055816523901630284,0.0007942811755361
P7,15722,0.05253784505788068,0.0
P6,6034,0.04988399071925754,0.00070003508751295
P19,24978,0.04668107934982785,0.0
P22,13443,0.03578070371196906,0.0002950722927117
P20,14999,0.03333555570371358,0.0007027406886858
P8,4303,0.02835231234022775,0.0
P23,58301,0.026431793622750895,0.0
P15,6910,0.02604920405209841,0.0
P9,8377,0.0241136445028053,0.0
P16,4650,0.023870967741935485,0.0
P14,5263,0.02299068972069162,0.0
P18,21343,0.013119055428009183,0.0
P3,5194,0.005968425105891413,0.0
