run,tag,resolution,seed_a,seed_b,n_cells,n_clusters_a,n_clusters_b,matched_churn_frac,raw_mismatch_frac,cells_changing_matched,is_rstar_res,is_registered_pair
new,epiA,0.5,0,1,133384,22,22,0.121311,0.513562,16181,False,False
new,epiA,0.5,0,2,133384,22,22,0.094959,0.375427,12666,False,False
new,epiA,0.5,0,3,133384,22,22,0.075264,0.145595,10039,False,False
new,epiA,0.5,0,4,133384,22,22,0.052398,0.227816,6989,False,False
new,epiA,0.5,1,2,133384,22,22,0.126282,0.417749,16844,False,False
new,epiA,0.5,1,3,133384,22,22,0.079335,0.482352,10582,False,False
new,epiA,0.5,1,4,133384,22,22,0.087267,0.438044,11640,False,False
new,epiA,0.5,2,3,133384,22,22,0.102051,0.412741,13612,False,False
new,epiA,0.5,2,4,133384,22,22,0.090805,0.459036,12112,False,False
new,epiA,0.5,3,4,133384,22,22,0.042569,0.198832,5678,False,False
new,epiA,0.6,0,1,133384,24,25,0.130443,0.417419,17399,False,False
new,epiA,0.6,0,2,133384,24,24,0.150993,0.695496,20140,False,False
new,epiA,0.6,0,3,133384,24,25,0.147334,0.71052,19652,False,False
new,epiA,0.6,0,4,133384,24,26,0.127392,0.456547,16992,False,False
new,epiA,0.6,1,2,133384,25,24,0.069559,0.501732,9278,False,False
new,epiA,0.6,1,3,133384,25,25,0.053365,0.435135,7118,False,False
new,epiA,0.6,1,4,133384,25,26,0.073592,0.418379,9816,False,False
new,epiA,0.6,2,3,133384,24,25,0.057661,0.192204,7691,False,False
new,epiA,0.6,2,4,133384,24,26,0.101916,0.70342,13594,False,False
new,epiA,0.6,3,4,133384,25,26,0.071065,0.724967,9479,False,False
new,epiA,0.7,0,1,133384,27,26,0.055749,0.226137,7436,True,False
new,epiA,0.7,0,2,133384,27,28,0.086877,0.609856,11588,True,False
new,epiA,0.7,0,3,133384,27,27,0.084313,0.447385,11246,True,False
new,epiA,0.7,0,4,133384,27,29,0.081232,0.737202,10835,True,True
new,epiA,0.7,1,2,133384,26,28,0.086607,0.509589,11552,True,False
new,epiA,0.7,1,3,133384,26,27,0.076059,0.381725,10145,True,False
new,epiA,0.7,1,4,133384,26,29,0.070548,0.741393,9410,True,False
new,epiA,0.7,2,3,133384,28,27,0.092695,0.602254,12364,True,False
new,epiA,0.7,2,4,133384,28,29,0.091915,0.768698,12260,True,False
new,epiA,0.7,3,4,133384,27,29,0.052533,0.544203,7007,True,False
new,epiA,0.8,0,1,133384,32,31,0.107194,0.523983,14298,False,False
new,epiA,0.8,0,2,133384,32,28,0.087792,0.771517,11710,False,False
new,epiA,0.8,0,3,133384,32,30,0.104503,0.843077,13939,False,False
new,epiA,0.8,0,4,133384,32,31,0.118875,0.571538,15856,False,False
new,epiA,0.8,1,2,133384,31,28,0.140782,0.77678,18778,False,False
new,epiA,0.8,1,3,133384,31,30,0.133584,0.806978,17818,False,False
new,epiA,0.8,1,4,133384,31,31,0.084343,0.424331,11250,False,False
new,epiA,0.8,2,3,133384,28,30,0.097156,0.700384,12959,False,False
new,epiA,0.8,2,4,133384,28,31,0.161841,0.789345,21587,False,False
new,epiA,0.8,3,4,133384,30,31,0.108799,0.71121,14512,False,False
old_vs_new_same_cells,epiA,0.5,0,0,133384,24,22,0.17116,0.508599,22830,False,False
old_vs_new_same_cells,epiA,0.5,1,1,133384,24,22,0.178215,0.455047,23771,False,False
old_vs_new_same_cells,epiA,0.5,2,2,133384,23,22,0.190008,0.385106,25344,False,False
old_vs_new_same_cells,epiA,0.5,3,3,133384,24,22,0.139275,0.47403,18577,False,False
old_vs_new_same_cells,epiA,0.5,4,4,133384,24,22,0.154786,0.417494,20646,False,False
old_vs_new_same_cells,epiA,0.6,0,0,133384,26,24,0.162328,0.483919,21652,False,False
old_vs_new_same_cells,epiA,0.6,1,1,133384,27,25,0.228836,0.744475,30523,False,False
old_vs_new_same_cells,epiA,0.6,2,2,133384,27,24,0.189843,0.457199,25322,False,False
old_vs_new_same_cells,epiA,0.6,3,3,133384,25,25,0.248553,0.659607,33153,False,False
old_vs_new_same_cells,epiA,0.6,4,4,133384,26,26,0.213909,0.785049,28532,False,False
old_vs_new_same_cells,epiA,0.7,0,0,133384,28,27,0.218047,0.690113,29084,False,False
old_vs_new_same_cells,epiA,0.7,1,1,133384,28,26,0.199717,0.740636,26639,False,False
old_vs_new_same_cells,epiA,0.7,2,2,133384,28,28,0.215273,0.824852,28714,False,False
old_vs_new_same_cells,epiA,0.7,3,3,133384,28,27,0.190263,0.831247,25378,False,False
old_vs_new_same_cells,epiA,0.7,4,4,133384,28,29,0.208436,0.548964,27802,False,False
old_vs_new_same_cells,epiA,0.8,0,0,133384,29,32,0.228596,0.882085,30491,False,False
old_vs_new_same_cells,epiA,0.8,1,1,133384,28,31,0.215611,0.70285,28759,False,False
old_vs_new_same_cells,epiA,0.8,2,2,133384,29,28,0.243635,0.894553,32497,False,False
old_vs_new_same_cells,epiA,0.8,3,3,133384,28,30,0.221053,0.67727,29485,False,False
old_vs_new_same_cells,epiA,0.8,4,4,133384,28,31,0.216818,0.572707,28920,False,False
old,epiA,0.5,0,1,141105,24,24,0.027441,0.204925,3872,True,False
old,epiA,0.5,0,2,141105,24,23,0.039751,0.167358,5609,True,False
old,epiA,0.5,0,3,141105,24,24,0.051905,0.183771,7324,True,False
old,epiA,0.5,0,4,141105,24,24,0.03216,0.133177,4538,True,False
old,epiA,0.5,1,2,141105,24,23,0.039517,0.246915,5576,True,False
old,epiA,0.5,1,3,141105,24,24,0.052436,0.290124,7399,True,False
old,epiA,0.5,1,4,141105,24,24,0.039141,0.255384,5523,True,False
old,epiA,0.5,2,3,141105,23,24,0.045016,0.162489,6352,True,False
old,epiA,0.5,2,4,141105,23,24,0.029276,0.205344,4131,True,False
old,epiA,0.5,3,4,141105,24,24,0.034783,0.187747,4908,True,False
old,epiA,0.6,0,1,141105,26,27,0.117012,0.595131,16511,False,False
old,epiA,0.6,0,2,141105,26,27,0.112866,0.646986,15926,False,False
old,epiA,0.6,0,3,141105,26,25,0.118692,0.283023,16748,False,False
old,epiA,0.6,0,4,141105,26,26,0.129946,0.586556,18336,False,False
old,epiA,0.6,1,2,141105,27,27,0.118486,0.300081,16719,False,False
old,epiA,0.6,1,3,141105,27,25,0.085164,0.56628,12017,False,False
old,epiA,0.6,1,4,141105,27,26,0.121278,0.282556,17113,False,False
old,epiA,0.6,2,3,141105,27,25,0.153148,0.61411,21610,False,False
old,epiA,0.6,2,4,141105,27,26,0.047241,0.226484,6666,False,False
old,epiA,0.6,3,4,141105,25,26,0.165834,0.604911,23400,False,False
old,epiA,0.7,0,1,141105,28,28,0.1023,0.740498,14435,False,False
old,epiA,0.7,0,2,141105,28,28,0.097863,0.364615,13809,False,False
old,epiA,0.7,0,3,141105,28,28,0.100081,0.524333,14122,False,False
old,epiA,0.7,0,4,141105,28,28,0.098182,0.608703,13854,False,False
old,epiA,0.7,1,2,141105,28,28,0.065334,0.709287,9219,False,False
old,epiA,0.7,1,3,141105,28,28,0.053712,0.347365,7579,False,False
old,epiA,0.7,1,4,141105,28,28,0.099678,0.437646,14065,False,False
old,epiA,0.7,2,3,141105,28,28,0.041692,0.417398,5883,False,False
old,epiA,0.7,2,4,141105,28,28,0.072712,0.533886,10260,False,False
old,epiA,0.7,3,4,141105,28,28,0.082088,0.227504,11583,False,False
old,epiA,0.8,0,1,141105,29,28,0.12456,0.790504,17576,False,False
old,epiA,0.8,0,2,141105,29,29,0.054484,0.227972,7688,False,False
old,epiA,0.8,0,3,141105,29,28,0.115085,0.706949,16239,False,False
old,epiA,0.8,0,4,141105,29,28,0.126891,0.791049,17905,False,False
old,epiA,0.8,1,2,141105,28,29,0.11422,0.709706,16117,False,False
old,epiA,0.8,1,3,141105,28,28,0.047489,0.39516,6701,False,False
old,epiA,0.8,1,4,141105,28,28,0.065235,0.586691,9205,False,False
old,epiA,0.8,2,3,141105,29,28,0.105283,0.666341,14856,False,False
old,epiA,0.8,2,4,141105,29,28,0.120244,0.769732,16967,False,False
old,epiA,0.8,3,4,141105,28,28,0.043443,0.329343,6130,False,False
