dataset,role,path,sample_id,size_bytes,mtime_utc,sha256,hash_note
GSE131907,cell_annotation,/home/eto/luad_invasion/data/GSE131907/GSE131907_Lung_Cancer_cell_annotation.txt.gz,,1886187,2020-05-07T01:44:06Z,9d017652a31a489c1f62cacc436936d48a5b07bb554fc0dbe602da7474532205,
GSE131907,raw_UMI_matrix_gz,/home/eto/luad_invasion/data/GSE131907/GSE131907_Lung_Cancer_raw_UMI_matrix.rds.gz,,633500069,2026-07-29T05:00:57Z,9cabf08710b871de6395850d74450d7a2fd76d67aee5bb81115925b5aa84e242,
GSE131907,derived_matrix_rds,/home/eto/luad_invasion/data/GSE131907/GSE131907_matrix.rds,,24724326022,2026-07-29T08:16:57Z,,skipped:size>2.0GiB (use --hash-large)
GSE189357,barcodes:TD1,/home/eto/luad_invasion/data/GSE189357/extracted/GSM5699777_TD1_barcodes.tsv.gz,TD1,75472,2021-11-18T05:26:53Z,2b4e69d7c2ddcfdf7ffc76e9578b3f79e91ac06553bc4afb28cb9e1ddfc9caa9,
GSE189357,features:TD1,/home/eto/luad_invasion/data/GSE189357/extracted/GSM5699777_TD1_features.tsv.gz,TD1,304728,2021-11-18T05:26:54Z,ea031567e6c04d40eb7bd9b1ae0ffbc6882bdbb14162f0602ffb984fb1bffdbd,
GSE189357,matrix:TD1,/home/eto/luad_invasion/data/GSE189357/extracted/GSM5699777_TD1_matrix.mtx.gz,TD1,74919642,2021-11-18T05:28:52Z,b57fb3e5c00cbaab1fa7bf74dbf8e8844c26b760173c275590253436123e4fdc,
GSE189357,barcodes:TD2,/home/eto/luad_invasion/data/GSE189357/extracted/GSM5699778_TD2_barcodes.tsv.gz,TD2,88076,2021-11-18T05:26:56Z,8c54f713904726e0dc781750fb15fafb6a17fbff0b6748ad4c47ed1fe25058ed,
GSE189357,features:TD2,/home/eto/luad_invasion/data/GSE189357/extracted/GSM5699778_TD2_features.tsv.gz,TD2,304728,2021-11-18T05:26:59Z,a72f417365737486cbe8533b4399fc6e620a25f2b1157ebdfca7e842f2a73a1e,
GSE189357,matrix:TD2,/home/eto/luad_invasion/data/GSE189357/extracted/GSM5699778_TD2_matrix.mtx.gz,TD2,81049816,2021-11-18T05:29:36Z,ab1deb6cf4eb6810621cde35c30a4f971f3197b7e64ce9d581c86454f8329774,
GSE189357,barcodes:TD3,/home/eto/luad_invasion/data/GSE189357/extracted/GSM5699779_TD3_barcodes.tsv.gz,TD3,63300,2021-11-18T05:28:54Z,e28053e499dee0cbb033ca80332c7dd6857691b240aaa76b332469a0228e935a,
GSE189357,features:TD3,/home/eto/luad_invasion/data/GSE189357/extracted/GSM5699779_TD3_features.tsv.gz,TD3,304728,2021-11-18T05:28:58Z,fb135ba1ccf8a6b4ede5b5c880a3dad06a75b49a56fa26e0f393ee1624fae9c0,
GSE189357,matrix:TD3,/home/eto/luad_invasion/data/GSE189357/extracted/GSM5699779_TD3_matrix.mtx.gz,TD3,79485347,2021-11-18T05:31:42Z,953038ba33b0653bff118b48339edbb1d4c12a35671c8cd00c05ec89cbaac4a4,
GSE189357,barcodes:TD4,/home/eto/luad_invasion/data/GSE189357/extracted/GSM5699780_TD4_barcodes.tsv.gz,TD4,59027,2021-11-18T05:29:38Z,57eafbe3c42103c8016598f24647c5f5323410f9df1c6c77bb1075d5ecf4e3de,
GSE189357,features:TD4,/home/eto/luad_invasion/data/GSE189357/extracted/GSM5699780_TD4_features.tsv.gz,TD4,304728,2021-11-18T05:29:41Z,2cbe5b80a8fea8ba396348d968b3ac8bb236c056e1eb2e82805acb2c0ccf7b57,
GSE189357,matrix:TD4,/home/eto/luad_invasion/data/GSE189357/extracted/GSM5699780_TD4_matrix.mtx.gz,TD4,79962340,2021-11-18T05:31:33Z,d3ad688047ca25e3b411a0b7ff3daacf0d5af7a7cafa6e11848658547f08123e,
GSE189357,barcodes:TD5,/home/eto/luad_invasion/data/GSE189357/extracted/GSM5699781_TD5_barcodes.tsv.gz,TD5,92775,2021-11-18T05:31:36Z,dea20fcd42b0a2edfc94c7a92e148783e607e2680941915adc22ec1ecb44607e,
GSE189357,features:TD5,/home/eto/luad_invasion/data/GSE189357/extracted/GSM5699781_TD5_features.tsv.gz,TD5,304728,2021-11-18T05:31:39Z,2f42a0a72779d94a5605c336e29db144588b735daed9dcc2a9e2e89d3df5e2cf,
GSE189357,matrix:TD5,/home/eto/luad_invasion/data/GSE189357/extracted/GSM5699781_TD5_matrix.mtx.gz,TD5,90884406,2021-11-18T05:35:32Z,92a7e6641710ce99d709c08b17717cad4b628c710c5c2b048eb479a6fbe766f0,
GSE189357,barcodes:TD6,/home/eto/luad_invasion/data/GSE189357/extracted/GSM5699782_TD6_barcodes.tsv.gz,TD6,46076,2021-11-18T05:31:44Z,d8f97ca629027e2f98e09a82812009a602067a125818be52c3d7ed116308d21d,
GSE189357,features:TD6,/home/eto/luad_invasion/data/GSE189357/extracted/GSM5699782_TD6_features.tsv.gz,TD6,304728,2021-11-18T05:31:47Z,9b8054fbdf59c693411a934a30f2a64311c8fc2d48ad2fd3f42022b2a87b1d6b,
GSE189357,matrix:TD6,/home/eto/luad_invasion/data/GSE189357/extracted/GSM5699782_TD6_matrix.mtx.gz,TD6,57632330,2021-11-18T05:33:02Z,907aa456957f119b35eaf32a26a4a94cce1c1ba2bd87fcc8adb4bd0dfc0dded5,
GSE189357,barcodes:TD7,/home/eto/luad_invasion/data/GSE189357/extracted/GSM5699783_TD7_barcodes.tsv.gz,TD7,18993,2021-11-18T05:33:04Z,45587d0bd6173f0e3f67a5f6176f8f9b012f65db8149172f2e65b8af7cc27eba,
GSE189357,features:TD7,/home/eto/luad_invasion/data/GSE189357/extracted/GSM5699783_TD7_features.tsv.gz,TD7,304728,2021-11-18T05:33:07Z,1602fdc480a3e0d7fd49a750fc57779ecd81c39c4a68c2a24e37697df2dd9b26,
GSE189357,matrix:TD7,/home/eto/luad_invasion/data/GSE189357/extracted/GSM5699783_TD7_matrix.mtx.gz,TD7,15127080,2021-11-18T05:33:24Z,42ac578fdc561d3abc8f3f19d72baa1e61f03dfd33a0c0582c12b920e08b9c95,
GSE189357,barcodes:TD8,/home/eto/luad_invasion/data/GSE189357/extracted/GSM5699784_TD8_barcodes.tsv.gz,TD8,76554,2021-11-18T05:33:26Z,9d8f60035068d6c507b7f73249dc93f2b1d2ba043277406fa0a879a4e1b7b0a7,
GSE189357,features:TD8,/home/eto/luad_invasion/data/GSE189357/extracted/GSM5699784_TD8_features.tsv.gz,TD8,304728,2021-11-18T05:33:29Z,be6f0ae660a4d8cf1d883410a12dafd1bab5745ff7825e0bec911aefac0a496d,
GSE189357,matrix:TD8,/home/eto/luad_invasion/data/GSE189357/extracted/GSM5699784_TD8_matrix.mtx.gz,TD8,88130797,2021-11-18T05:35:58Z,1861e5aa15aca33d751e9408f8779adb40bb3cacac17afa880ddbe7969d30e48,
GSE189357,barcodes:TD9,/home/eto/luad_invasion/data/GSE189357/extracted/GSM5699785_TD9_barcodes.tsv.gz,TD9,85963,2021-11-18T05:35:34Z,2d1d6ce11830a19ac7afe7a1f9aac239be0eb7b0685ea7d0909d988cbad12e68,
GSE189357,features:TD9,/home/eto/luad_invasion/data/GSE189357/extracted/GSM5699785_TD9_features.tsv.gz,TD9,304728,2021-11-18T05:35:38Z,cd07dd196da744886c0f84769c8a9aeb8f477538b4a66d6287a7bd4d1a2bae44,
GSE189357,matrix:TD9,/home/eto/luad_invasion/data/GSE189357/extracted/GSM5699785_TD9_matrix.mtx.gz,TD9,83634315,2021-11-18T05:37:19Z,ed48cfbd781f38e3e14d8469f6dc95202a47efa80916ee854cd55bc91948ff17,
GSE148071,expr:P1,/home/eto/luad_invasion/data/GSE148071/extracted/GSM4453576_P1_exp.txt.gz,P1,13265649,2020-04-03T19:16:51Z,6332183bae82e76b206015b1188d1a651b0135d99466ea4c3c301024a859101c,
GSE148071,expr:P2,/home/eto/luad_invasion/data/GSE148071/extracted/GSM4453577_P2_exp.txt.gz,P2,1066988,2020-04-03T19:16:52Z,95670a6c70126b487efeb724ea02ad8cfa7f1eb6f0641f7ba1ffe43cd85bc31f,
GSE148071,expr:P3,/home/eto/luad_invasion/data/GSE148071/extracted/GSM4453578_P3_exp.txt.gz,P3,15363167,2020-04-03T19:17:02Z,6f97a4196ae3d428c95f760d20d3e369e64814f0086a638cc9a4a84167e11dd9,
GSE148071,expr:P4,/home/eto/luad_invasion/data/GSE148071/extracted/GSM4453579_P4_exp.txt.gz,P4,8057819,2020-04-03T19:17:07Z,e8a491a64f2f9038c271d4c02c7079a41986dfe04ede2975f4f9f4906a7fbe7c,
GSE148071,expr:P5,/home/eto/luad_invasion/data/GSE148071/extracted/GSM4453580_P5_exp.txt.gz,P5,5284148,2020-04-03T19:17:10Z,a77e111c61f1586276e9f1dda2e4b2022a368dc87d9d159b4e552afa7c4a9c2f,
GSE148071,expr:P6,/home/eto/luad_invasion/data/GSE148071/extracted/GSM4453581_P6_exp.txt.gz,P6,5640469,2020-04-03T19:17:13Z,d758ee963ecf999c458ff954b3d73e9dfafbb607dcde68bd8e19a58f19fb0513,
GSE148071,expr:P7,/home/eto/luad_invasion/data/GSE148071/extracted/GSM4453582_P7_exp.txt.gz,P7,4671070,2020-04-03T19:17:16Z,31b2b052242150253a64193cc0534043153e87c443210bda65f9ab5b114d162d,
GSE148071,expr:P8,/home/eto/luad_invasion/data/GSE148071/extracted/GSM4453583_P8_exp.txt.gz,P8,2928178,2020-04-03T19:17:18Z,ac6002d61e77aef8b5c99aef84a68cfa50a76772d60f115a52faa1a3fbf7774a,
GSE148071,expr:P9,/home/eto/luad_invasion/data/GSE148071/extracted/GSM4453584_P9_exp.txt.gz,P9,8111338,2020-04-03T19:17:23Z,30e3025d95c72c3407122c98d93f61ec3a4b96ad2096ad23bd4476cbd30c75d3,
GSE148071,expr:P10,/home/eto/luad_invasion/data/GSE148071/extracted/GSM4453585_P10_exp.txt.gz,P10,9005946,2020-04-03T19:17:28Z,07106cd5734b0ae45d3cff3c1270b75efe6075a23c06eac5829a3c4d524a7217,
GSE148071,expr:P11,/home/eto/luad_invasion/data/GSE148071/extracted/GSM4453586_P11_exp.txt.gz,P11,1405703,2020-04-03T19:17:29Z,068fe191bf56c0b6536e7388b008c2192d7dc5d4076ed964a7244232fad56759,
GSE148071,expr:P12,/home/eto/luad_invasion/data/GSE148071/extracted/GSM4453587_P12_exp.txt.gz,P12,1803927,2020-04-03T19:17:30Z,d18eacc24f9caa60698ef4c79544d1d185892543d7a44808949a001b910e3cd7,
GSE148071,expr:P13,/home/eto/luad_invasion/data/GSE148071/extracted/GSM4453588_P13_exp.txt.gz,P13,1949829,2020-04-03T19:17:31Z,23dc86807c198e0b2dfdfe6a804ec486f42bb6ac3d24bd317c32f05681dec59c,
GSE148071,expr:P14,/home/eto/luad_invasion/data/GSE148071/extracted/GSM4453589_P14_exp.txt.gz,P14,3976177,2020-04-03T19:17:34Z,a64704802053cc78eb5c0b51351324619a3ba29d34afa02a7326dc4dd6933a6d,
GSE148071,expr:P15,/home/eto/luad_invasion/data/GSE148071/extracted/GSM4453590_P15_exp.txt.gz,P15,4481605,2020-04-03T19:17:37Z,6eefe13f18ad9087a1fe22f150f2fc7cb6d60537851af7bcfca6fca660f1c932,
GSE148071,expr:P16,/home/eto/luad_invasion/data/GSE148071/extracted/GSM4453591_P16_exp.txt.gz,P16,2336560,2020-04-03T19:17:39Z,9a0fa9451bb9e70afa1ece0e27b1c47eb6752e41f0459e9314ff1b216bc4830e,
GSE148071,expr:P17,/home/eto/luad_invasion/data/GSE148071/extracted/GSM4453592_P17_exp.txt.gz,P17,16085112,2020-04-03T19:17:49Z,5b089e5c591b6f73d972faf4ba4b9b90a27a3b2903c6906cfe45b2c67a74dccb,
GSE148071,expr:P18,/home/eto/luad_invasion/data/GSE148071/extracted/GSM4453593_P18_exp.txt.gz,P18,5995598,2020-04-03T19:17:53Z,0cdbd8315e587f3234403613e92d0649a30f40ef52d10960b9f8ad9bd080473d,
GSE148071,expr:P19,/home/eto/luad_invasion/data/GSE148071/extracted/GSM4453594_P19_exp.txt.gz,P19,944347,2020-04-03T19:17:53Z,92d99e02151e333d39ca2aa6b33eeb480baa46c0a9455d132bd08c60caca31dd,
GSE148071,expr:P20,/home/eto/luad_invasion/data/GSE148071/extracted/GSM4453595_P20_exp.txt.gz,P20,1259507,2020-04-03T19:17:54Z,434cacc11a2f20e7f64cbd31754442c62e7f10c4db37181aecd043da9a97c89c,
GSE148071,expr:P21,/home/eto/luad_invasion/data/GSE148071/extracted/GSM4453596_P21_exp.txt.gz,P21,5404691,2020-04-03T19:17:57Z,51ad2a9cc9552f6d5f7624c1d0575a9bc90cbc866937d43cb71ee532a4da0eaf,
GSE148071,expr:P22,/home/eto/luad_invasion/data/GSE148071/extracted/GSM4453597_P22_exp.txt.gz,P22,1045980,2020-04-03T19:17:58Z,c86c41e4c6c51905fc301e0fe07eb589d507567d7d60750ebc410184140038d0,
GSE148071,expr:P23,/home/eto/luad_invasion/data/GSE148071/extracted/GSM4453598_P23_exp.txt.gz,P23,5354364,2020-04-03T19:18:01Z,fa3d20b8943d72ecb5361ac65b68e21aa84ccebcde67d506645cd04cc525f143,
GSE148071,expr:P24,/home/eto/luad_invasion/data/GSE148071/extracted/GSM4453599_P24_exp.txt.gz,P24,740241,2020-04-03T19:18:01Z,870a16649928d101a94a9dacfff3445f94fe55e37951bc7906047775781b912c,
GSE148071,expr:P25,/home/eto/luad_invasion/data/GSE148071/extracted/GSM4453600_P25_exp.txt.gz,P25,6612570,2020-04-03T19:18:06Z,7af3fe581174a5c02535ee4806b4a3cc6033b8d6ba0da5493e448a3030344c26,
GSE148071,expr:P26,/home/eto/luad_invasion/data/GSE148071/extracted/GSM4453601_P26_exp.txt.gz,P26,701195,2020-04-03T19:18:06Z,76cfe51ae736f3a2c44f7c2c6a4dc8b8b59b14985b7851cde6db7f42c78ad19e,
GSE148071,expr:P27,/home/eto/luad_invasion/data/GSE148071/extracted/GSM4453602_P27_exp.txt.gz,P27,799034,2020-04-03T19:18:06Z,76cf137fc61bf8069c74438780d66097b8ab9b8498fa284c1277f405a7e2e9d6,
GSE148071,expr:P28,/home/eto/luad_invasion/data/GSE148071/extracted/GSM4453603_P28_exp.txt.gz,P28,4367081,2020-04-03T19:18:09Z,d2e3021e14840cd5f7b4ce09181306ddd1861462bc5deff3f86095b26b4a9c4e,
GSE148071,expr:P29,/home/eto/luad_invasion/data/GSE148071/extracted/GSM4453604_P29_exp.txt.gz,P29,2259382,2020-04-03T19:18:11Z,6f2022125d523263a42465029736c850871d24f38f5550fe886bda26bcc297c0,
GSE148071,expr:P30,/home/eto/luad_invasion/data/GSE148071/extracted/GSM4453605_P30_exp.txt.gz,P30,2178513,2020-04-03T19:18:12Z,0b6a64be36ccbfb562c4085ba68618fef655baeaffdd405c272424a4bc2ba0e4,
GSE148071,expr:P31,/home/eto/luad_invasion/data/GSE148071/extracted/GSM4453606_P31_exp.txt.gz,P31,1190567,2020-04-03T19:18:12Z,2d11d4deaf4c5acfe91fb68b157ff457255d9ba4ef9fc2d42ab560061792dba2,
GSE148071,expr:P32,/home/eto/luad_invasion/data/GSE148071/extracted/GSM4453607_P32_exp.txt.gz,P32,1269934,2020-04-03T19:18:13Z,48332b2039705d65b1a4f7c69078bbe8286464078d6a8940f8e2e0cc688f4805,
GSE148071,expr:P33,/home/eto/luad_invasion/data/GSE148071/extracted/GSM4453608_P33_exp.txt.gz,P33,1209866,2020-04-03T19:18:14Z,99019454953ef936421f4ef2d72cb92b708fbb59e2095f2fd26efe3fa710ce84,
GSE148071,expr:P34,/home/eto/luad_invasion/data/GSE148071/extracted/GSM4453609_P34_exp.txt.gz,P34,2308460,2020-04-03T19:18:15Z,8087951c55962465831fce685e47c67682174a87c70a369dc70e2aaf9b87a797,
GSE148071,expr:P35,/home/eto/luad_invasion/data/GSE148071/extracted/GSM4453610_P35_exp.txt.gz,P35,2215756,2020-04-03T19:18:16Z,a1db9f5afa32b5d638b4cbf0b811b08edfce3ee45954b51d189e3d5218d7cfce,
GSE148071,expr:P36,/home/eto/luad_invasion/data/GSE148071/extracted/GSM4453611_P36_exp.txt.gz,P36,876984,2020-04-03T19:18:17Z,636479ffa813bdec8fa953800d745fe94e442606f0ee6970eeb6756d765fa177,
GSE148071,expr:P37,/home/eto/luad_invasion/data/GSE148071/extracted/GSM4453612_P37_exp.txt.gz,P37,4334884,2020-04-03T19:18:19Z,15d3f3a48fd8803296c8350fb00c03bcb4b2b7594648068c499aee263e7640b4,
GSE148071,expr:P38,/home/eto/luad_invasion/data/GSE148071/extracted/GSM4453613_P38_exp.txt.gz,P38,2642375,2020-04-03T19:18:21Z,e53dff83a4bb2833ee96061e11c156b41bb62aae6cb44b024b82e65a34552f04,
GSE148071,expr:P39,/home/eto/luad_invasion/data/GSE148071/extracted/GSM4453614_P39_exp.txt.gz,P39,4121598,2020-04-03T19:18:23Z,e52989bd60419192822e9da7b67402d730cd104ba707690c991c3547289e61dd,
GSE148071,expr:P40,/home/eto/luad_invasion/data/GSE148071/extracted/GSM4453615_P40_exp.txt.gz,P40,1802099,2020-04-03T19:18:24Z,5c902e8b349fdb1fb71f4e17d01664c63e3eeff1170881a8457155b9b7b49ee0,
GSE148071,expr:P41,/home/eto/luad_invasion/data/GSE148071/extracted/GSM4453616_P41_exp.txt.gz,P41,13441498,2020-04-03T19:18:33Z,20ede676338430584eed4431123bda146fcbbaada6763262140c6e447739bf94,
GSE148071,expr:P42,/home/eto/luad_invasion/data/GSE148071/extracted/GSM4453617_P42_exp.txt.gz,P42,1648490,2020-04-03T19:18:34Z,8acd92d7fd52427be0c9a45c81d1ed9342806adfff74d77d2c037ce5b0fb0cf0,
