sample_key,dataset,sample_id,patient_id,stage,stage_token,lesion_ordinal,modality
GSE307534:P1_AAH,GSE307534,P1_AAH,P1,AAH,AAH,1,spatial
GSE307534:P1_LUAD,GSE307534,P1_LUAD,P1,IAC,LUAD,1,spatial
GSE307534:P10_LUAD,GSE307534,P10_LUAD,P10,IAC,LUAD,1,spatial
GSE307534:P10_MIA,GSE307534,P10_MIA,P10,MIA,MIA,1,spatial
GSE307534:P11_AAH,GSE307534,P11_AAH,P11,AAH,AAH,1,spatial
GSE307534:P11_LUAD,GSE307534,P11_LUAD,P11,IAC,LUAD,1,spatial
GSE307534:P12_AIS,GSE307534,P12_AIS,P12,AIS,AIS,1,spatial
GSE307534:P12_LUAD,GSE307534,P12_LUAD,P12,IAC,LUAD,1,spatial
GSE307534:P13_LUAD,GSE307534,P13_LUAD,P13,IAC,LUAD,1,spatial
GSE307534:P13_MIA,GSE307534,P13_MIA,P13,MIA,MIA,1,spatial
GSE307534:P14_AIS,GSE307534,P14_AIS,P14,AIS,AIS,1,spatial
GSE307534:P14_LUAD,GSE307534,P14_LUAD,P14,IAC,LUAD,1,spatial
GSE307534:P15_LUAD,GSE307534,P15_LUAD,P15,IAC,LUAD,1,spatial
GSE307534:P15_MIA,GSE307534,P15_MIA,P15,MIA,MIA,1,spatial
GSE307534:P16_AIS,GSE307534,P16_AIS,P16,AIS,AIS,1,spatial
GSE307534:P16_LUAD,GSE307534,P16_LUAD,P16,IAC,LUAD,1,spatial
GSE307534:P17_AIS,GSE307534,P17_AIS,P17,AIS,AIS,1,spatial
GSE307534:P17_LUAD,GSE307534,P17_LUAD,P17,IAC,LUAD,1,spatial
GSE307534:P18_LUAD,GSE307534,P18_LUAD,P18,IAC,LUAD,1,spatial
GSE307534:P18_MIA,GSE307534,P18_MIA,P18,MIA,MIA,1,spatial
GSE307534:P19_AIS,GSE307534,P19_AIS,P19,AIS,AIS,1,spatial
GSE307534:P19_LUAD,GSE307534,P19_LUAD,P19,IAC,LUAD,1,spatial
GSE307534:P2_AAH,GSE307534,P2_AAH,P2,AAH,AAH,1,spatial
GSE307534:P2_LUAD,GSE307534,P2_LUAD,P2,IAC,LUAD,1,spatial
GSE307534:P20_AAH,GSE307534,P20_AAH,P20,AAH,AAH,1,spatial
GSE307534:P20_LUAD,GSE307534,P20_LUAD,P20,IAC,LUAD,1,spatial
GSE307534:P21_AIS,GSE307534,P21_AIS,P21,AIS,AIS,1,spatial
GSE307534:P21_AIS-1,GSE307534,P21_AIS-1,P21,AIS,AIS-1,2,spatial
GSE307534:P21_LUAD,GSE307534,P21_LUAD,P21,IAC,LUAD,1,spatial
GSE307534:P22_AAH,GSE307534,P22_AAH,P22,AAH,AAH,1,spatial
GSE307534:P22_AIS,GSE307534,P22_AIS,P22,AIS,AIS,1,spatial
GSE307534:P22_LUAD,GSE307534,P22_LUAD,P22,IAC,LUAD,1,spatial
GSE307534:P23_AIS,GSE307534,P23_AIS,P23,AIS,AIS,1,spatial
GSE307534:P23_AIS-1,GSE307534,P23_AIS-1,P23,AIS,AIS-1,2,spatial
GSE307534:P23_LUAD,GSE307534,P23_LUAD,P23,IAC,LUAD,1,spatial
GSE307534:P24_AAH,GSE307534,P24_AAH,P24,AAH,AAH,1,spatial
GSE307534:P24_LUAD,GSE307534,P24_LUAD,P24,IAC,LUAD,1,spatial
GSE307534:P25_AAH,GSE307534,P25_AAH,P25,AAH,AAH,1,spatial
GSE307534:P25_LUAD,GSE307534,P25_LUAD,P25,IAC,LUAD,1,spatial
GSE307534:P3_AIS,GSE307534,P3_AIS,P3,AIS,AIS,1,spatial
GSE307534:P3_LUAD,GSE307534,P3_LUAD,P3,IAC,LUAD,1,spatial
GSE307534:P4_AAH,GSE307534,P4_AAH,P4,AAH,AAH,1,spatial
GSE307534:P4_AAH-1,GSE307534,P4_AAH-1,P4,AAH,AAH-1,2,spatial
GSE307534:P4_LUAD,GSE307534,P4_LUAD,P4,IAC,LUAD,1,spatial
GSE307534:P4_Normal,GSE307534,P4_Normal,P4,Normal,Normal,1,spatial
GSE307534:P5_AIS,GSE307534,P5_AIS,P5,AIS,AIS,1,spatial
GSE307534:P5_LUAD,GSE307534,P5_LUAD,P5,IAC,LUAD,1,spatial
GSE307534:P6_AAH,GSE307534,P6_AAH,P6,AAH,AAH,1,spatial
GSE307534:P6_LUAD,GSE307534,P6_LUAD,P6,IAC,LUAD,1,spatial
GSE307534:P7_LUAD,GSE307534,P7_LUAD,P7,IAC,LUAD,1,spatial
GSE307534:P7_LUAD-1,GSE307534,P7_LUAD-1,P7,IAC,LUAD-1,2,spatial
GSE307534:P8_AIS,GSE307534,P8_AIS,P8,AIS,AIS,1,spatial
GSE307534:P8_LUAD,GSE307534,P8_LUAD,P8,IAC,LUAD,1,spatial
GSE307534:P9_AAH,GSE307534,P9_AAH,P9,AAH,AAH,1,spatial
GSE307534:P9_AIS,GSE307534,P9_AIS,P9,AIS,AIS,1,spatial
GSE307534:P9_LUAD,GSE307534,P9_LUAD,P9,IAC,LUAD,1,spatial
GSE308103:P10_LUAD,GSE308103,P10_LUAD,P10,IAC,LUAD,1,snRNA
GSE308103:P10_MIA,GSE308103,P10_MIA,P10,MIA,MIA,1,snRNA
GSE308103:P10_Normal,GSE308103,P10_Normal,P10,Normal,Normal,1,snRNA
GSE308103:P11_AAH,GSE308103,P11_AAH,P11,AAH,AAH,1,snRNA
GSE308103:P11_LUAD,GSE308103,P11_LUAD,P11,IAC,LUAD,1,snRNA
GSE308103:P11_Normal,GSE308103,P11_Normal,P11,Normal,Normal,1,snRNA
GSE308103:P12_AIS,GSE308103,P12_AIS,P12,AIS,AIS,1,snRNA
GSE308103:P12_LUAD,GSE308103,P12_LUAD,P12,IAC,LUAD,1,snRNA
GSE308103:P12_Normal,GSE308103,P12_Normal,P12,Normal,Normal,1,snRNA
GSE308103:P13_LUAD,GSE308103,P13_LUAD,P13,IAC,LUAD,1,snRNA
GSE308103:P13_MIA,GSE308103,P13_MIA,P13,MIA,MIA,1,snRNA
GSE308103:P13_Normal,GSE308103,P13_Normal,P13,Normal,Normal,1,snRNA
GSE308103:P14_AIS,GSE308103,P14_AIS,P14,AIS,AIS,1,snRNA
GSE308103:P14_LUAD,GSE308103,P14_LUAD,P14,IAC,LUAD,1,snRNA
GSE308103:P14_Normal,GSE308103,P14_Normal,P14,Normal,Normal,1,snRNA
GSE308103:P15_LUAD,GSE308103,P15_LUAD,P15,IAC,LUAD,1,snRNA
GSE308103:P15_MIA,GSE308103,P15_MIA,P15,MIA,MIA,1,snRNA
GSE308103:P15_Normal,GSE308103,P15_Normal,P15,Normal,Normal,1,snRNA
GSE308103:P16_AIS,GSE308103,P16_AIS,P16,AIS,AIS,1,snRNA
GSE308103:P16_LUAD,GSE308103,P16_LUAD,P16,IAC,LUAD,1,snRNA
GSE308103:P16_Normal,GSE308103,P16_Normal,P16,Normal,Normal,1,snRNA
GSE308103:P17_AIS,GSE308103,P17_AIS,P17,AIS,AIS,1,snRNA
GSE308103:P17_LUAD,GSE308103,P17_LUAD,P17,IAC,LUAD,1,snRNA
GSE308103:P17_Normal,GSE308103,P17_Normal,P17,Normal,Normal,1,snRNA
GSE308103:P18_LUAD,GSE308103,P18_LUAD,P18,IAC,LUAD,1,snRNA
GSE308103:P18_MIA,GSE308103,P18_MIA,P18,MIA,MIA,1,snRNA
GSE308103:P18_Normal,GSE308103,P18_Normal,P18,Normal,Normal,1,snRNA
GSE308103:P19_AIS,GSE308103,P19_AIS,P19,AIS,AIS,1,snRNA
GSE308103:P19_LUAD,GSE308103,P19_LUAD,P19,IAC,LUAD,1,snRNA
GSE308103:P19_Normal,GSE308103,P19_Normal,P19,Normal,Normal,1,snRNA
GSE308103:P20_AAH,GSE308103,P20_AAH,P20,AAH,AAH,1,snRNA
GSE308103:P20_LUAD,GSE308103,P20_LUAD,P20,IAC,LUAD,1,snRNA
GSE308103:P20_Normal,GSE308103,P20_Normal,P20,Normal,Normal,1,snRNA
GSE308103:P21_AIS,GSE308103,P21_AIS,P21,AIS,AIS,1,snRNA
GSE308103:P21_AIS1,GSE308103,P21_AIS1,P21,AIS,AIS1,2,snRNA
GSE308103:P21_LUAD,GSE308103,P21_LUAD,P21,IAC,LUAD,1,snRNA
GSE308103:P21_Normal,GSE308103,P21_Normal,P21,Normal,Normal,1,snRNA
GSE308103:P22_AAH,GSE308103,P22_AAH,P22,AAH,AAH,1,snRNA
GSE308103:P22_AIS,GSE308103,P22_AIS,P22,AIS,AIS,1,snRNA
GSE308103:P22_LUAD,GSE308103,P22_LUAD,P22,IAC,LUAD,1,snRNA
GSE308103:P22_Normal,GSE308103,P22_Normal,P22,Normal,Normal,1,snRNA
GSE308103:P23_AIS,GSE308103,P23_AIS,P23,AIS,AIS,1,snRNA
GSE308103:P23_AIS1,GSE308103,P23_AIS1,P23,AIS,AIS1,2,snRNA
GSE308103:P23_LUAD,GSE308103,P23_LUAD,P23,IAC,LUAD,1,snRNA
GSE308103:P23_Normal,GSE308103,P23_Normal,P23,Normal,Normal,1,snRNA
GSE308103:P24_AAH,GSE308103,P24_AAH,P24,AAH,AAH,1,snRNA
GSE308103:P24_LUAD,GSE308103,P24_LUAD,P24,IAC,LUAD,1,snRNA
GSE308103:P24_Normal,GSE308103,P24_Normal,P24,Normal,Normal,1,snRNA
GSE308103:P25_AAH,GSE308103,P25_AAH,P25,AAH,AAH,1,snRNA
GSE308103:P25_LUAD,GSE308103,P25_LUAD,P25,IAC,LUAD,1,snRNA
GSE308103:P25_Normal,GSE308103,P25_Normal,P25,Normal,Normal,1,snRNA
GSE308103:P3_AIS,GSE308103,P3_AIS,P3,AIS,AIS,1,snRNA
GSE308103:P3_LUAD,GSE308103,P3_LUAD,P3,IAC,LUAD,1,snRNA
GSE308103:P3_Normal,GSE308103,P3_Normal,P3,Normal,Normal,1,snRNA
GSE308103:P4_AAH,GSE308103,P4_AAH,P4,AAH,AAH,1,snRNA
GSE308103:P4_AAH1,GSE308103,P4_AAH1,P4,AAH,AAH1,2,snRNA
GSE308103:P4_LUAD,GSE308103,P4_LUAD,P4,IAC,LUAD,1,snRNA
GSE308103:P4_Normal,GSE308103,P4_Normal,P4,Normal,Normal,1,snRNA
GSE308103:P4_Normal1,GSE308103,P4_Normal1,P4,Normal,Normal1,2,snRNA
GSE308103:P5_AIS,GSE308103,P5_AIS,P5,AIS,AIS,1,snRNA
GSE308103:P5_LUAD,GSE308103,P5_LUAD,P5,IAC,LUAD,1,snRNA
GSE308103:P5_Normal,GSE308103,P5_Normal,P5,Normal,Normal,1,snRNA
GSE308103:P6_AAH,GSE308103,P6_AAH,P6,AAH,AAH,1,snRNA
GSE308103:P6_LUAD,GSE308103,P6_LUAD,P6,IAC,LUAD,1,snRNA
GSE308103:P6_Normal,GSE308103,P6_Normal,P6,Normal,Normal,1,snRNA
GSE308103:P7_LUAD,GSE308103,P7_LUAD,P7,IAC,LUAD,1,snRNA
GSE308103:P7_LUAD1,GSE308103,P7_LUAD1,P7,IAC,LUAD1,2,snRNA
GSE308103:P7_Normal,GSE308103,P7_Normal,P7,Normal,Normal,1,snRNA
GSE308103:P8_AIS,GSE308103,P8_AIS,P8,AIS,AIS,1,snRNA
GSE308103:P8_LUAD,GSE308103,P8_LUAD,P8,IAC,LUAD,1,snRNA
GSE308103:P8_Normal,GSE308103,P8_Normal,P8,Normal,Normal,1,snRNA
GSE308103:P9_AAH,GSE308103,P9_AAH,P9,AAH,AAH,1,snRNA
GSE308103:P9_AIS,GSE308103,P9_AIS,P9,AIS,AIS,1,snRNA
GSE308103:P9_LUAD,GSE308103,P9_LUAD,P9,IAC,LUAD,1,snRNA
GSE308103:P9_Normal,GSE308103,P9_Normal,P9,Normal,Normal,1,snRNA
