slide,gsm,patient,stage,source,s,s_pred,s_ratio,theta,mirror,y0,x0,ncc4,sep4,outline_iou,scale_peak,verdict,shift_native,ncc_fine_before,ncc_fine_after,polish_win
GSM9226168_P1_AAH,GSM9226168,P1,AAH,v7,1.2264,1.2264,1.0,0.25,1,252.0,45.0,0.5114,44.7,,,PASS,"(-2,-1)",2.8616,6.4624,9
GSM9226169_P1_LUAD,GSM9226169,P1,LUAD,v7,1.1221,1.1221,1.0,-0.25,1,531.0,349.0,0.4323,38.7,,,PASS,"(1,-1)",3.0671,3.3574,9
GSM9226170_P2_AAH,GSM9226170,P2,AAH,v7,1.3779,1.3779,1.0,0.3,1,216.0,43.0,0.5171,48.6,,,PASS,"(0,-1)",4.7951,5.0091,7
GSM9226171_P2_LUAD,GSM9226171,P2,LUAD,v7,1.3279,1.3279,1.0,-0.25,1,187.0,185.0,0.4728,25.0,,,PASS,"(0,0)",3.9337,3.9337,8
GSM9226172_P3_AIS,GSM9226172,P3,AIS,v7,1.2363,1.2363,1.0,0.45,1,194.0,319.0,0.4956,19.0,,,PASS,"(2,-1)",3.1449,5.7116,9
GSM9226173_P3_LUAD,GSM9226173,P3,LUAD,v7,1.4303,1.4303,1.0,-0.5,1,-37.0,63.0,0.3165,21.9,,,PASS,"(-1,-1)",1.6554,1.7299,9
GSM9226174_P4_Normal,GSM9226174,P4,Normal,v7,1.2545,1.2545,1.0,-0.25,1,136.0,313.0,0.4829,43.9,,,PASS,"(0,-1)",2.9032,3.254,9
GSM9226175_P4_AAH,GSM9226175,P4,AAH,v7,1.4457,1.4457,1.0,-0.3,0,25.0,0.0,0.3072,13.3,,,PASS,"(1,0)",1.6311,1.7824,9
GSM9226176_P4_AAH-1,GSM9226176,P4,AAH-1,v7,1.3315,1.3315,1.0,-0.5,1,83.0,128.0,0.4151,35.7,,,PASS,"(-1,0)",2.0394,2.0534,9
GSM9226177_P4_LUAD,GSM9226177,P4,LUAD,v7,1.495,1.495,1.0,-0.3,0,-176.0,56.0,0.2866,23.4,,,PASS,"(0,0)",1.4953,1.4953,9
GSM9226178_P5_AIS,GSM9226178,P5,AIS,v7,1.3323,1.3323,1.0,180.5,1,70.0,190.0,0.3092,26.7,,,PASS,"(-2,-2)",1.0349,1.1195,9
GSM9226179_P5_LUAD,GSM9226179,P5,LUAD,v9,1.3874,1.3919,0.9968,181.5,1,155.3,39.0,0.337,,0.9895,1.0,PASS,"(2,-1)",1.7957,2.8705,9
GSM9226180_P6_AAH,GSM9226180,P6,AAH,v7,1.3294,1.3294,1.0,0.2,1,334.0,134.0,0.4361,17.1,,,PASS,"(2,0)",1.8575,3.7708,9
GSM9226181_P6_LUAD,GSM9226181,P6,LUAD,v7,1.6064,1.6064,1.0,0.95,0,87.0,-185.0,0.2804,21.5,,,PASS,"(-1,-1)",3.551,4.532,8
GSM9226182_P7_LUAD,GSM9226182,P7,LUAD,v7,1.3656,1.3656,1.0,-0.2,1,83.0,212.0,0.2823,8.1,,,PASS,"(1,0)",1.796,1.8786,9
GSM9226183_P7_LUAD-1,GSM9226183,P7,LUAD-1,v7,1.3337,1.3337,1.0,-0.5,1,40.0,200.0,0.3684,18.5,,,PASS,"(0,0)",5.0128,5.0128,7
GSM9226184_P8_AIS,GSM9226184,P8,AIS,v7,1.3534,1.3534,1.0,180.0,1,543.0,238.0,0.4081,22.3,,,PASS,"(1,0)",2.8585,3.2303,8
GSM9226185_P8_LUAD,GSM9226185,P8,LUAD,v7,1.5752,1.5752,1.0,359.25,1,-162.0,-153.0,0.3039,28.5,,,PASS,"(0,-1)",3.1655,3.6143,9
GSM9226186_P9_AAH,GSM9226186,P9,AAH,v7,1.2861,1.2861,1.0,179.75,1,116.0,164.0,0.2991,18.1,,,PASS,"(0,0)",1.7365,1.7365,9
GSM9226187_P9_AIS,GSM9226187,P9,AIS,v7,1.3588,1.3588,1.0,-0.5,1,234.0,36.0,0.3188,30.5,,,PASS,"(0,0)",2.3733,2.3733,8
GSM9226188_P9_LUAD,GSM9226188,P9,LUAD,v7,1.4277,1.4277,1.0,179.75,1,13.0,170.0,0.3131,9.6,,,PASS,"(1,2)",1.9361,2.3194,8
GSM9226189_P10_MIA,GSM9226189,P10,MIA,v7,1.2906,1.2906,1.0,1.25,1,49.0,105.0,0.4625,47.2,,,PASS,"(1,-1)",3.3239,4.2843,9
GSM9226190_P10_LUAD,GSM9226190,P10,LUAD,v7,1.3387,1.3387,1.0,179.75,1,27.0,98.0,0.2575,9.2,,,PASS,"(1,0)",2.2544,2.3528,9
GSM9226191_P11_AAH,GSM9226191,P11,AAH,v7,1.3566,1.3566,1.0,0.5,1,33.0,-11.0,0.4403,19.5,,,PASS,"(1,1)",3.429,3.5575,9
GSM9226192_P11_LUAD,GSM9226192,P11,LUAD,v7,1.2999,1.2999,1.0,179.25,1,-76.0,188.0,0.1912,7.0,,,PASS,"(0,0)",1.3079,1.3079,8
GSM9226193_P12_AIS,GSM9226193,P12,AIS,v7,1.3092,1.3092,1.0,179.3,1,-86.0,232.0,0.5084,29.6,,,PASS,"(0,0)",3.4425,3.4425,8
GSM9226194_P12_LUAD,GSM9226194,P12,LUAD,v7,1.322,1.322,1.0,-0.45,1,136.0,56.0,0.4929,26.2,,,PASS,"(0,-2)",3.1197,5.2028,9
GSM9226195_P13_MIA,GSM9226195,P13,MIA,v7,1.2683,1.2683,1.0,1.2,1,131.0,158.0,0.4909,14.0,,,PASS,"(-1,0)",3.8762,4.362,8
GSM9226196_P13_LUAD,GSM9226196,P13,LUAD,v7,0.9534,0.9534,1.0,0.0,1,599.0,527.0,0.322,8.6,,,PASS,"(0,0)",2.5969,2.5969,8
GSM9226197_P14_AIS,GSM9226197,P14,AIS,v7,1.4013,1.4013,1.0,1.2,1,-62.0,207.0,0.5028,15.6,,,PASS,"(0,1)",5.5263,6.1943,8
GSM9226198_P14_LUAD,GSM9226198,P14,LUAD,v7,1.3006,1.3006,1.0,-0.5,1,67.0,219.0,0.3629,18.8,,,PASS,"(-1,1)",2.1925,2.687,9
GSM9226199_P15_MIA,GSM9226199,P15,MIA,v7,1.3131,1.3131,1.0,0.3,1,56.0,168.0,0.4898,23.2,,,PASS,"(0,0)",3.9393,3.9393,8
GSM9226200_P15_LUAD,GSM9226200,P15,LUAD,v9,1.542,1.5473,0.9966,-0.25,1,-166.7,146.7,0.4674,,0.9118,1.0,PASS,"(0,0)",2.4189,2.4189,8
GSM9226201_P16_AIS,GSM9226201,P16,AIS,v7,1.3976,1.3976,1.0,358.45,1,-155.0,161.0,0.3117,18.9,,,PASS,"(1,1)",1.4773,1.5157,8
GSM9226202_P16_LUAD,GSM9226202,P16,LUAD,v7,1.3677,1.3677,1.0,1.0,1,0.0,143.0,0.2002,7.2,,,PASS,"(0,1)",2.3544,2.6281,8
GSM9226203_P17_AIS,GSM9226203,P17,AIS,v7,1.4067,1.4067,1.0,-0.25,1,113.0,170.0,0.328,21.7,,,PASS,"(-1,2)",1.6297,2.2118,9
GSM9226204_P17_LUAD,GSM9226204,P17,LUAD,v9,1.5558,1.5558,1.0,0.25,1,-61.0,28.7,0.1883,,0.9804,1.0,PASS,"(-1,2)",1.9265,4.1321,9
GSM9226205_P18_MIA,GSM9226205,P18,MIA,v7,1.405,1.405,1.0,0.45,1,73.0,27.0,0.3575,25.7,,,PASS,"(0,0)",4.2262,4.2262,8
GSM9226206_P18_LUAD,GSM9226206,P18,LUAD,v7,1.3674,1.3674,1.0,359.25,1,-51.0,211.0,0.3347,22.1,,,PASS,"(1,1)",1.7715,1.9492,9
GSM9226207_P19_AIS,GSM9226207,P19,AIS,v7,1.4075,1.4075,1.0,181.45,1,-6.0,15.0,0.3604,39.6,,,PASS,"(0,-1)",2.5543,2.7207,9
GSM9226208_P19_LUAD,GSM9226208,P19,LUAD,v7,1.3482,1.3482,1.0,179.8,1,139.0,96.0,0.408,16.0,,,PASS,"(1,0)",2.5337,2.8595,9
GSM9226209_P20_AAH,GSM9226209,P20,AAH,v7,1.3935,1.3935,1.0,0.45,1,-48.0,169.0,0.3835,38.7,,,PASS,"(0,-1)",1.9365,2.13,9
GSM9226210_P20_LUAD,GSM9226210,P20,LUAD,v7,1.4171,1.4171,1.0,180.5,1,85.0,74.0,0.3045,12.8,,,PASS,"(1,0)",4.855,5.1233,8
GSM9226211_P21_AIS,GSM9226211,P21,AIS,v7,1.3972,1.3972,1.0,179.75,1,36.0,100.0,0.3849,14.4,,,PASS,"(0,0)",1.9232,1.9232,9
GSM9226212_P21_AIS-1,GSM9226212,P21,AIS-1,v7,1.324,1.324,1.0,0.25,1,38.0,21.0,0.5017,21.9,,,PASS,"(0,1)",3.7366,5.2523,9
GSM9226213_P21_LUAD,GSM9226213,P21,LUAD,v7,1.5028,1.5028,1.0,179.3,1,-124.0,8.0,0.2347,7.9,,,PASS,"(0,0)",1.4095,1.4095,9
GSM9226214_P22_AAH,GSM9226214,P22,AAH,v7,1.2631,1.2631,1.0,359.25,1,386.0,211.0,0.4547,15.4,,,PASS,"(0,0)",2.9767,2.9767,8
GSM9226215_P22_AIS,GSM9226215,P22,AIS,v7,1.3803,1.3803,1.0,0.25,1,-54.0,250.0,0.4871,17.2,,,PASS,"(0,0)",5.5474,5.5474,4
GSM9226216_P22_LUAD,GSM9226216,P22,LUAD,v7,1.3756,1.3756,1.0,-0.05,1,-93.0,128.0,0.3497,21.9,,,PASS,"(0,0)",2.1182,2.1182,4
GSM9226217_P23_AIS,GSM9226217,P23,AIS,v7,1.3096,1.3096,1.0,0.45,1,365.0,34.0,0.5771,40.5,,,PASS,"(-1,0)",5.0213,5.497,7
GSM9226218_P23_AIS-1,GSM9226218,P23,AIS-1,v7,1.2193,1.2193,1.0,179.75,1,75.0,242.0,0.4304,25.5,,,PASS,"(-1,0)",1.8922,2.1928,9
GSM9226219_P23_LUAD,GSM9226219,P23,LUAD,v7,1.2387,1.2387,1.0,180.25,1,232.0,254.0,0.5435,31.4,,,PASS,"(0,0)",4.4662,4.4662,8
GSM9226220_P24_AAH,GSM9226220,P24,AAH,v7,1.2824,1.2824,1.0,0.25,1,98.0,321.0,0.4476,19.8,,,PASS,"(0,1)",4.1471,4.3848,7
GSM9226221_P24_LUAD,GSM9226221,P24,LUAD,v7,1.2631,1.2631,1.0,179.2,1,456.0,165.0,0.1989,26.1,,,PASS,"(2,-1)",1.6951,2.462,9
GSM9226222_P25_AAH,GSM9226222,P25,AAH,v7,1.3009,1.3009,1.0,181.0,1,169.0,100.0,0.4808,52.1,,,PASS,"(-1,0)",5.6639,5.9862,6
GSM9226223_P25_LUAD,GSM9226223,P25,LUAD,v9,1.0302,1.0354,0.995,-0.25,1,881.7,507.7,0.3267,,0.8408,1.0,PASS,"(0,0)",4.0376,4.0376,8
