slide,a00,a01,a10,a11,t0,t1,fitres999
GSM9226168_P1_AAH,1.2264884429417853,0.005351596162255256,0.00535188597109354,-1.2265548585044108,252.28898423257655,2491.026260476359,0.0319
GSM9226169_P1_LUAD,1.1218715009068616,-0.004895111470813511,-0.004895628662898388,-1.1219893959563687,540.9634431395011,2600.7434484479672,0.026
GSM9226170_P2_AAH,1.378051083037241,0.007215518394584165,0.007215140084509186,-1.3779813122952231,215.9937821310592,2797.978743069321,0.0709
GSM9226171_P2_LUAD,1.3276681173870764,-0.005793155249279199,-0.005794450388234007,-1.3279875640313996,198.96672781376864,2850.615617168092,0.0682
GSM9226172_P3_AIS,1.236240114010017,0.009709610800922643,0.009711353825784252,-1.236462005074815,193.94795268561208,2790.561386968642,0.0429
GSM9226173_P3_LUAD,1.4302862101747735,-0.012481942973428656,-0.012483300583020798,-1.4304457551030245,-11.755099341132876,2946.819292805595,0.0108
GSM9226174_P4_Normal,1.2544882295582143,-0.005473737243951568,-0.0054731679063220184,-1.254347207010227,146.97261737095545,2768.8323539486814,0.0553
GSM9226175_P4_AAH,1.445685476849073,-0.007569609372320357,0.007568562978587011,1.4454803865673707,25.176172348085665,14.244242977631256,0.0557
GSM9226176_P4_AAH-1,1.331449497275567,-0.01161937663922342,-0.011620496560232493,-1.331574284733568,106.04621201354449,2747.8984875486963,0.0552
GSM9226177_P4_LUAD,1.4947767162089742,-0.007826710855708543,0.007827759202045065,1.4949796133156736,-175.55685206852527,71.28539941591947,0.0003
GSM9226178_P5_AIS,-1.3321934867749934,-0.011625885240037256,-0.011628120789943797,1.3324494709836554,2537.9098226893257,211.38350345213263,0.0613
GSM9226179_P5_LUAD,-1.3871711627232832,-0.03632435828921872,-0.03632051876676101,1.3870247426118025,2831.6624942217773,107.25918022349876,0.0634
GSM9226180_P6_AAH,1.3292102570029236,0.004639852244376968,0.0046408154539024915,-1.329492042004018,334.03276351269614,2791.8834210865125,0.0486
GSM9226181_P6_LUAD,1.6062152586311218,0.026634498270740003,-0.02663558187337005,1.6062791777701837,140.60344235169353,-184.48339542326002,0.0005
GSM9226182_P7_LUAD,1.3653665967480608,-0.004766056659525744,-0.004766499013716299,-1.365491813022422,92.95460971519381,2950.917844438682,0.0485
GSM9226183_P7_LUAD-1,1.3338160959278367,-0.011640027806806176,-0.011636862676427079,-1.333449429176326,63.3453632552605,2887.689411962801,0.0648
GSM9226184_P8_AIS,-1.3535615860610448,3.487591485016389e-13,-1.056044141023449e-12,1.3535000008355231,1835.8264706194122,238.17674917572378,0.1735
GSM9226185_P8_LUAD,1.5748650942647093,-0.02061611070069074,-0.02061771434198867,-1.5749890533754212,-124.35676781703208,2748.695904301748,0.0003
GSM9226186_P9_AAH,-1.2861481592305706,0.005611873845504915,0.005611202868048171,1.2859879461648756,2586.736897534859,164.26484242497747,0.0503
GSM9226187_P9_AIS,1.3588636917158101,-0.011858624093256326,-0.011859356333644933,-1.3589484694795047,258.07747108445676,2773.038569671267,0.0691
GSM9226188_P9_LUAD,-1.42760360734198,0.006229108029671031,0.006228618032763311,1.427486533976295,2575.5487330434185,170.1365457740983,0.0256
GSM9226189_P10_MIA,1.290193052514351,0.028152114280899747,0.028155468218943186,-1.2903467477488988,49.40823624040336,2492.432701767246,0.0484
GSM9226190_P10_LUAD,-1.3386971200515825,0.005841217287367297,0.005840265680341794,1.33848745510064,2681.980844335934,98.39022162128649,0.0567
GSM9226191_P11_AAH,1.3567325052008088,0.011840011659163778,0.011837563978959784,-1.3564484903436163,33.3927616219517,2700.673464455575,0.0467
GSM9226192_P11_LUAD,-1.2999401727598952,0.017017148029598493,0.017016477622862514,1.2998887868538893,2448.7339633418483,188.2375059100846,0.0099
GSM9226193_P12_AIS,-1.3089024026766451,0.01599207013437204,0.01599735327166174,1.3093364372915086,2530.418433089868,232.26104890370632,0.0244
GSM9226194_P12_LUAD,1.3219594124234189,-0.010382864429384544,-0.010383865730009517,-1.3220868279613955,157.04388749138025,2710.6761538849737,0.0475
GSM9226195_P13_MIA,1.2682219620396025,0.026565461059093846,0.026559827024219856,-1.2679525174994897,131.38351819241407,2643.5412884601665,0.052
GSM9226196_P13_LUAD,0.9535574083005404,3.701803435376498e-13,-7.338574192772285e-14,-0.9535004661601698,598.9762619909001,2433.0237590318316,0.0532
GSM9226197_P14_AIS,1.4011927400828064,0.029350799449481404,0.029347412449175415,-1.4010307156626691,-61.80206320105934,2719.1879100741216,0.0254
GSM9226198_P14_LUAD,1.3006790718940069,-0.011350841980140544,-0.011348847240872928,-1.3004506735186525,90.04092654227,2840.7029321400823,0.06
GSM9226199_P15_MIA,1.3129821731385316,0.006874795030747108,0.006874389136830153,-1.3129038077691535,56.054282689552245,2696.9550095638665,0.0444
GSM9226200_P15_LUAD,1.5419854758787326,-0.006728194328331895,-0.0067280181065473565,-1.5419494133629723,-154.5852176848318,2969.940744621509,0.0028
GSM9226201_P16_AIS,1.3969887699290442,-0.03780141607735215,-0.03780059317437895,-1.3969585847099157,-82.95528139275525,2885.5992513015995,0.0143
GSM9226202_P16_LUAD,1.367291923047827,0.02386616784998372,0.02386685824208796,-1.3673312040086842,0.1108120565082289,2753.2633994200655,0.0598
GSM9226203_P17_AIS,1.4068496095488368,-0.006138505047617663,-0.006137081267064817,-1.4064868431047717,125.3494953187272,2992.915677466555,0.0692
GSM9226204_P17_LUAD,1.5555409053953617,0.006787431139004525,0.006789265059091706,-1.5559853356604463,-60.49480233187261,3139.5714648052817,0.0004
GSM9226205_P18_MIA,1.4051196206439183,0.011036006004182551,0.01103473046503095,-1.4049568641934758,73.21176456298662,2835.926822907133,0.0465
GSM9226206_P18_LUAD,1.3673829380181288,-0.01790001424298924,-0.01789702671602838,-1.367153882975468,-17.420753726223882,2810.5978292434065,0.0214
GSM9226207_P19_AIS,-1.40729201647319,-0.0356223375202181,-0.03561619675921168,1.40704952437903,2862.946652910538,86.06260744903236,0.0586
GSM9226208_P19_LUAD,-1.348264072176875,0.004706342893995545,0.004705405652541295,1.347991922237455,2634.6153470775525,96.32635296824827,0.0098
GSM9226209_P20_AAH,1.3934571194036962,0.010944407505391902,0.010945153964486018,-1.3935511788005226,-47.835374066443705,2734.824936626318,0.0141
GSM9226210_P20_LUAD,-1.416922412078248,-0.012365291142439758,-0.0123655087836676,1.4169462733680216,2779.6002377505793,97.41030372105038,0.0644
GSM9226211_P21_AIS,-1.397443219399958,0.00609757120289251,0.006095530253629633,1.3969868994935914,2671.696471462919,99.96157463603609,0.0557
GSM9226212_P21_AIS-1,1.3238885547927268,0.005776585396352621,0.0057769839083110855,-1.323987588745184,38.40012358657094,2667.6125522172447,0.0592
GSM9226213_P21_LUAD,-1.5024416278163106,0.018356690268927056,0.01836215171625577,1.5028879634306178,2816.7862002828615,8.401415302834966,0.0003
GSM9226214_P22_AAH,1.2630500404995066,-0.01653421672173336,-0.016532175112050074,-1.262891951661908,419.2230584635059,2756.619198605767,0.063
GSM9226215_P22_AIS,1.3804869746495774,0.006023620817667153,0.006023552691611159,-1.3804988081366139,-53.82631623082535,2784.777296224067,0.0314
GSM9226216_P22_LUAD,1.3754997731189091,-0.0012001916111281153,-0.0012007172537022853,-1.3758132343822158,-90.70547613054732,2666.011576750449,0.0948
GSM9226217_P23_AIS,1.3092516649653083,0.010283031157509684,0.010284684713037284,-1.309459809384991,365.40591649014414,2651.8974274019006,0.0703
GSM9226218_P23_AIS-1,-1.219488544957283,0.005321065686272026,0.0053197519610996835,1.2191941784673825,2513.0909670705464,242.30258173392926,0.0509
GSM9226219_P23_LUAD,-1.238819070886569,-0.0054053531658011635,-0.005403954831336932,1.2384883708442738,2487.771330302307,264.0281238703907,0.0557
GSM9226220_P24_AAH,1.2824879839388568,0.005595922632965208,0.005595614636376214,-1.2824182168511877,98.04446434322261,2662.75470810585,0.0637
GSM9226221_P24_LUAD,-1.2629356439960422,0.01763505022113918,0.017634243806697647,1.2628770383258383,2461.645479092225,165.25216491385783,0.0538
GSM9226222_P25_AAH,-1.3008089221429882,-0.022705716500836283,-0.022705587197737298,1.3008020256127295,2667.8570485840173,142.75986709006636,0.0522
GSM9226223_P25_LUAD,1.0302227860242787,-0.004495221728633623,-0.004494205399068751,-1.0299902175244944,891.0133724145222,2572.872393135666,0.0075
