subtype	sample_id	anchor_ref_sample	anchor_n	lesion_n	n_total	pred_h	variant	note
AT2	P4_LUAD	P4_Normal	3890	5223	9113	6.23		primary anchor
AT2	P4_LUAD	P4_Normal1	1934	5223	7157	4.14	_anchorB	P4 双 Normal 敏感性跑（不静默消解）
AT2	P4_AAH1	P4_Normal	3890	1994	5884	2.97		primary anchor
AT2	P23_LUAD	P23_Normal	1037	4269	5306	2.49		primary anchor
AT2	P24_LUAD	P24_Normal	1580	3282	4862	2.15		primary anchor
AT2	P4_AAH	P4_Normal	3890	636	4526	1.91		primary anchor
AT2	P23_AIS1	P23_Normal	1037	3062	4099	1.61		primary anchor
AT2	P19_LUAD	P19_Normal	587	3485	4072	1.59		primary anchor
AT2	P23_AIS	P23_Normal	1037	2871	3908	1.49		primary anchor
AT2	P5_LUAD	P5_Normal	1602	1924	3526	1.25		primary anchor
AT2	P24_AAH	P24_Normal	1580	1799	3379	1.17		primary anchor
AT2	P17_AIS	P17_Normal	1211	1791	3002	0.96		primary anchor
AT2	P7_LUAD1	P7_Normal	1408	1346	2754	0.83		primary anchor
AT2	P7_LUAD	P7_Normal	1408	1275	2683	0.79		primary anchor
AT1	P4_LUAD	P4_Normal	1409	1226	2635	0.77		primary anchor
AT2	P18_LUAD	P18_Normal	1129	1461	2590	0.75		primary anchor
AT2	P19_AIS	P19_Normal	587	1981	2568	0.74		primary anchor
AT2	P18_MIA	P18_Normal	1129	1370	2499	0.70		primary anchor
AT2	P10_LUAD	P10_Normal	222	1985	2207	0.57		primary anchor
AT2	P8_LUAD	P8_Normal	51	1958	2009	0.49		primary anchor
AT1	P4_AAH1	P4_Normal	1409	586	1995	0.48		primary anchor
AT2	P5_AIS	P5_Normal	1602	393	1995	0.48		primary anchor
AT2	P17_LUAD	P17_Normal	1211	768	1979	0.48		primary anchor
AT2	P25_LUAD	P25_Normal	966	969	1935	0.46		primary anchor
AT1	P23_AIS	P23_Normal	414	1465	1879	0.44		primary anchor
AT1	P23_AIS1	P23_Normal	414	1329	1743	0.39		primary anchor
AT2	P21_AIS	P21_Normal	317	1418	1735	0.39		primary anchor
AT1	P5_AIS	P5_Normal	1460	263	1723	0.38		primary anchor
AT1	P23_LUAD	P23_Normal	414	1304	1718	0.38		primary anchor
AT1	P4_AAH	P4_Normal	1409	282	1691	0.37		primary anchor
AT1	P5_LUAD	P5_Normal	1460	60	1520	0.31		primary anchor
AT1	P19_LUAD	P19_Normal	307	1203	1510	0.31		primary anchor
AT2	P22_LUAD	P22_Normal	421	1071	1492	0.30		primary anchor
AT2	P20_AAH	P20_Normal	182	1210	1392	0.27		primary anchor
AT1	P17_AIS	P17_Normal	658	680	1338	0.25		primary anchor
AT1	P18_MIA	P18_Normal	629	709	1338	0.25		primary anchor
AT1	P7_LUAD	P7_Normal	701	613	1314	0.25		primary anchor
AT1	P18_LUAD	P18_Normal	629	673	1302	0.24		primary anchor
AT2	P21_AIS1	P21_Normal	317	981	1298	0.24		primary anchor
AT2	P25_AAH	P25_Normal	966	323	1289	0.24		primary anchor
AT2	P20_LUAD	P20_Normal	182	981	1163	0.20		primary anchor
AT1	P19_AIS	P19_Normal	307	840	1147	0.20		primary anchor
AT2	P22_AIS	P22_Normal	421	705	1126	0.19		primary anchor
AT2	P15_LUAD	P15_Normal	173	878	1051	0.17		primary anchor
AT2	P3_AIS	P3_Normal	150	882	1032	0.17		primary anchor
AT2	P22_AAH	P22_Normal	421	525	946	0.15		primary anchor
AT1	P7_LUAD1	P7_Normal	701	231	932	0.14		primary anchor
AT2	P9_AIS	P9_Normal	285	642	927	0.14		primary anchor
AT2	P9_LUAD	P9_Normal	285	605	890	0.13		primary anchor
AT1	P24_AAH	P24_Normal	445	413	858	0.13		primary anchor
AT1	P25_AAH	P25_Normal	595	253	848	0.12		primary anchor
AT2	P14_AIS	P14_Normal	133	698	831	0.12		primary anchor
AT2	P14_LUAD	P14_Normal	133	689	822	0.12		primary anchor
AT1	P24_LUAD	P24_Normal	445	375	820	0.12		primary anchor
AT2	P6_LUAD	P6_Normal	138	604	742	0.10		primary anchor
AT2	P12_LUAD	P12_Normal	191	542	733	0.10		primary anchor
AT2	P11_LUAD	P11_Normal	157	571	728	0.10		primary anchor
AT1	P17_LUAD	P17_Normal	658	68	726	0.10		primary anchor
AT1	P25_LUAD	P25_Normal	595	131	726	0.10		primary anchor
AT2	P21_LUAD	P21_Normal	317	377	694	0.09		primary anchor
AT2	P10_MIA	P10_Normal	222	464	686	0.09		primary anchor
AT2	P12_AIS	P12_Normal	191	490	681	0.09		primary anchor
AT2	P16_LUAD	P16_Normal	185	495	680	0.09		primary anchor
AT1	P20_AAH	P20_Normal	84	554	638	0.08		primary anchor
AT1	P21_AIS	P21_Normal	148	485	633	0.08		primary anchor
AT2	P11_AAH	P11_Normal	157	428	585	0.07		primary anchor
AT2	P15_MIA	P15_Normal	173	410	583	0.07		primary anchor
AT1	P16_AIS	P16_Normal	179	401	580	0.07		primary anchor
AT2	P6_AAH	P6_Normal	138	413	551	0.07		primary anchor
AT1	P21_AIS1	P21_Normal	148	381	529	0.06		primary anchor
AT2	P3_LUAD	P3_Normal	150	371	521	0.06		primary anchor
AT1	P10_LUAD	P10_Normal	151	369	520	0.06		primary anchor
AT1	P15_MIA	P15_Normal	209	300	509	0.06		primary anchor
AT2	P9_AAH	P9_Normal	285	224	509	0.06		primary anchor
AT1	P20_LUAD	P20_Normal	84	408	492	0.06		primary anchor
AT1	P22_LUAD	P22_Normal	172	317	489	0.06		primary anchor
AT2	P16_AIS	P16_Normal	185	295	480	0.06		primary anchor
AT1	P14_AIS	P14_Normal	129	331	460	0.05		primary anchor
AT1	P15_LUAD	P15_Normal	209	248	457	0.05		primary anchor
AT1	P14_LUAD	P14_Normal	129	313	442	0.05		primary anchor
AT1	P22_AAH	P22_Normal	172	229	401	0.05		primary anchor
AT1	P22_AIS	P22_Normal	172	225	397	0.05		primary anchor
AT2	P13_MIA	P13_Normal	89	296	385	0.04		primary anchor
AT1	P9_AIS	P9_Normal	112	266	378	0.04		primary anchor
AT1	P10_MIA	P10_Normal	151	220	371	0.04		primary anchor
AT1	P16_LUAD	P16_Normal	179	159	338	0.04		primary anchor
AT1	P12_LUAD	P12_Normal	101	211	312	0.04		primary anchor
AT1	P3_LUAD	P3_Normal	107	202	309	0.03		primary anchor
AT1	P3_AIS	P3_Normal	107	197	304	0.03		primary anchor
AT1	P6_AAH	P6_Normal	82	206	288	0.03		primary anchor
AT1	P12_AIS	P12_Normal	101	181	282	0.03		primary anchor
AT1	P11_AAH	P11_Normal	108	170	278	0.03		primary anchor
AT1	P11_LUAD	P11_Normal	108	164	272	0.03		primary anchor
AT2	P13_LUAD	P13_Normal	89	183	272	0.03		primary anchor
AT1	P6_LUAD	P6_Normal	82	186	268	0.03		primary anchor
AT1	P13_MIA	P13_Normal	47	189	236	0.03		primary anchor
AT1	P9_LUAD	P9_Normal	112	123	235	0.03		primary anchor
AT1	P9_AAH	P9_Normal	112	106	218	0.03		primary anchor
AT2	P8_AIS	P8_Normal	51	149	200	0.02		primary anchor
AT1	P21_LUAD	P21_Normal	148	43	191	0.02		primary anchor
AT1	P13_LUAD	P13_Normal	47	46	93	0.02		primary anchor
AT1	P8_LUAD	P8_Normal	19	63	82	0.02		primary anchor
AT1	P8_AIS	P8_Normal	19	15	34	0.02		primary anchor
