sample_id,stage_token,n_cells,n_after_LOWDR_fullgenes,genes_final,copykat_native_UPDR,pred_sec_lo,pred_sec_hi,pred_h_lo,pred_h_hi,pred_peak_gb,disk_mb,pred_not_defined,rate_not_defined
P24_LUAD,LUAD,41149,10376,7517,0.1,84847.98064671156,246345.43480777513,23.568883512975432,68.4292874466042,55.95359275380286,18513.348306781525,6423,0.156091278038348
P4_LUAD,LUAD,31119,9003,5647,0.1,55796.95084678187,140947.65191597122,15.499153012994963,39.15212553221423,44.76869673296833,10517.791482271758,8949,0.287573508146149
P4_Normal,Normal,29143,8538,5198,0.1,50566.88775596023,123632.95125591457,14.046357709988953,34.34248645997627,42.48459280848407,9066.750557652504,8220,0.282057440894898
P23_AIS1,AIS1,27667,8354,5035,0.1,46773.75747529131,111440.37015157848,12.992710409803143,30.955658375438468,40.758051165409114,8337.631204049318,9219,0.333212852857194
P23_LUAD,LUAD,26619,8682,5264,0.1,44141.037239854086,103167.93004663789,12.261399233292801,28.657758346288304,39.520882884694984,8386.654520236965,8064,0.302941507945452
P23_AIS,AIS,20800,8655,5297,0.1,30487.579498519088,63045.68235433347,8.46877208292197,17.512689542870408,32.45729553093219,6594.387204034936,5929,0.285048076923077
P19_LUAD,LUAD,18296,9142,5740,0.1,25150.58769417117,48810.889325542674,6.986274359491992,13.558580368206298,29.298444163510972,6285.635315672451,5077,0.27749234805422
P10_LUAD,LUAD,17728,8151,5079,0.1,23988.333312038852,45835.63033588191,6.663425920010792,12.732119537744977,28.570084207724513,5389.135361249057,7714,0.435130866425993
P25_LUAD,LUAD,17435,7022,4550,0.1,23395.997396627507,44337.53984471002,6.498888165729863,12.315983290197229,28.192527769136962,4748.041263430029,9342,0.535818755377115
P5_Normal,Normal,16974,8006,4695,0.1,22474.084111513042,42031.01847284759,6.2428011420869565,11.675282909124329,27.59588216084928,4769.808362535142,5531,0.325851301991281
P5_LUAD,LUAD,16912,8338,5064,0.1,22351.041234560293,41725.52882179404,6.208622565155637,11.590424672720566,27.515391374821817,5125.896150056374,6434,0.380439924314097
P18_LUAD,LUAD,14672,6825,6012,0.05,18060.249186333633,31438.270256985616,5.016735885092675,8.73285284916267,24.565165731350373,5279.4590600475485,4424,0.301526717557252
P25_Normal,Normal,14258,6546,5761,0.05,17301.133006620734,29696.73094944911,4.805870279616871,8.24909193040253,24.010267286835145,4916.291458901851,5811,0.407560667695329
P19_AIS,AIS,13049,8238,4867,0.1,15147.563517181223,24896.249479941893,4.20765653255034,6.915624855539415,22.370699843216237,3801.1911861401436,4653,0.356579048202927
P17_LUAD,LUAD,12776,6432,5647,0.05,14674.623824490684,23871.099320346555,4.076284395691856,6.630860922318488,21.99631132439018,4318.111249638612,6889,0.539214151534126
P18_MIA,MIA,12605,7309,3945,0.1,14380.944933695395,23240.01215783502,3.9947069260264985,6.455558932731949,21.760982899941506,2976.26086462733,4606,0.365410551368505
P17_AIS,AIS,12322,7680,4559,0.1,13899.285342301766,22214.263504141,3.860912595083824,6.170628751150278,21.370099067824842,3362.2649466415332,5703,0.462830709300438
P20_LUAD,LUAD,12064,7227,4189,0.1,13464.968503489188,21299.42426960478,3.740269028746997,5.9165067415568835,21.012164758657434,3024.703613114473,6029,0.499751326259947
P4_AAH1,AAH1,11638,8008,4719,0.1,12757.980832786849,19831.244960541248,3.5438835646630134,5.508679155705902,20.417749741123714,3287.0738880312874,4063,0.349114968207596
P4_Normal1,Normal1,11595,8042,4604,0.1,12687.327208698534,19685.98087502784,3.524257557971815,5.468328020841066,20.35750845635743,3195.120223894281,3986,0.34376886589047
P17_Normal,Normal,10547,7419,4109,0.1,11006.444960753613,16311.844471469021,3.0573458224315595,4.531067908741395,18.87485120878825,2593.858157778806,5027,0.476628425144591
P18_Normal,Normal,10163,6083,5331,0.05,10410.761037556556,15155.477098058345,2.891878065987932,4.209854749460652,18.324251707642134,3242.73712979054,4088,0.402243432057463
P20_AAH,AAH,10153,8126,4672,0.1,10395.39655908247,15125.936266890065,2.887610155300686,4.2016489630250184,18.309857703962532,2839.0847473184353,3342,0.329163793952526
P11_LUAD,LUAD,10147,7279,4473,0.1,10386.18150460141,15108.22572723513,2.885050417944836,4.196729368676425,18.301219928865486,2716.549948892869,5054,0.498078249728984
P7_Normal,Normal,9908,6346,5567,0.05,10021.340220911943,14411.270188693652,2.7837056169199843,4.0031306079704585,17.956302625045176,3301.325568179535,4132,0.417036737989503
P24_AAH,AAH,9873,10200,7523,0.1,9968.277695545696,14310.60002061484,2.768966026540471,3.9751666723930112,17.90565161844961,4445.507374844632,2323,0.235288159627266
P21_AIS,AIS,9371,8998,5636,0.1,9217.63740609048,12905.900055015325,2.5604548350251335,3.5849722375042568,17.17510616050343,3161.098717235338,2430,0.259310639206061
P7_LUAD1,LUAD1,8862,8455,5057,0.1,8476.805574348984,11556.438797298015,2.35466821509694,3.2101218881383375,16.426261548526636,2682.2906488860804,3314,0.373956217558113
P7_LUAD,LUAD,8752,8547,5013,0.1,8319.44204485827,11274.707442593397,2.3109561235717417,3.1318631784981656,16.26330192024812,2625.9481695652753,2600,0.297074954296161
P24_Normal,Normal,8287,10134,7331,0.1,7665.196149352981,10122.630294737066,2.12922115259805,2.811841748538074,15.569779012326133,3636.149195810844,1732,0.209002051405816
P21_AIS1,AIS1,8278,8819,5410,0.1,7652.710399808032,10100.952332467312,2.1257528888355646,2.805820092352031,15.556279770397644,2680.426009077675,2146,0.259241362647983
P9_LUAD,LUAD,7696,5839,5129,0.05,6859.883791285172,8749.125161854065,1.9055232753569924,2.4303125449594623,14.676859525165542,2362.5384989075365,4322,0.561590436590437
P15_LUAD,LUAD,7254,7117,4177,0.1,6277.388769998041,7788.2920338914755,1.7437191027772336,2.163414453858743,14.000008824001355,1813.5233960260161,4104,0.56575682382134
P8_LUAD,LUAD,7199,8095,5014,0.1,6206.119402869142,7672.706043499009,1.7239220563525393,2.13130723430528,13.915211787554398,2160.417265560181,3174,0.440894568690096
P22_LUAD,LUAD,7198,8884,5620,0.1,6204.826109499641,7670.612622814181,1.7235628081943446,2.130725728559495,13.913668816084892,2421.1923559044335,2214,0.307585440400111
P23_Normal,Normal,6861,8876,5408,0.1,5774.145650309916,6981.692550959164,1.60392934730831,1.939359041933101,13.391176938676178,2220.778470415284,1841,0.268328232036146
P6_LUAD,LUAD,6490,7792,4734,0.1,5312.11623184589,6261.460884783831,1.475587842179414,1.7392946902177309,12.809938113548798,1838.8829522981077,2952,0.454853620955316
P16_AIS,AIS,5796,5095,4412,0.05,4483.123638459798,5021.652732081315,1.2453121217943883,1.3949035366892542,11.704162942666388,1530.5411721710727,3064,0.52864044168392
P22_AIS,AIS,5333,8933,5771,0.1,3956.730023915096,4272.411550927351,1.0990916733097489,1.1867809863687084,10.951623773258454,1842.0600940760353,1550,0.290643165197825
P9_AIS,AIS,5267,7504,4213,0.1,3883.4941749664536,4170.685002958611,1.078748381935126,1.1585236119329476,10.843298549528491,1328.1157093781849,2430,0.461363204860452
P4_AAH,AAH,4930,9269,5745,0.1,3516.744570122118,3671.0109171270724,0.9768734917005883,1.0197252547575202,10.285817189809807,1695.1888552827515,1093,0.221703853955375
P21_Normal,Normal,4729,7479,4301,0.1,3303.846518550918,3388.709713449486,0.9177351440419217,0.9413082537359684,9.949666207593577,1217.362425166069,1837,0.388454218650878
P3_AIS,AIS,4579,6508,5694,0.05,3147.8811843061044,3185.692837700555,0.874411440085029,0.8849146771390431,9.696928538958861,1560.5196532455725,1749,0.381961126883599
P14_AIS,AIS,4448,7917,4959,0.1,3013.743999999982,3013.7439999999997,0.8371511111111061,0.8371511111111111,9.47483539581301,1320.2008957547773,1957,0.439973021582734
P19_Normal,Normal,4388,9064,5708,0.1,2936.6551682802938,2952.9604711486786,0.815737546744526,0.8202667975412996,9.37267416888819,1499.103850155119,1048,0.238833181403829
P25_AAH,AAH,4373,6205,5469,0.05,2917.5465429210717,2937.829222990921,0.8104295952558532,0.8160636730530336,9.347089943804026,1431.4247989183436,2067,0.472673222044363
P15_MIA,MIA,4249,7495,3929,0.1,2762.0881370080915,2813.7420445393436,0.7672467047244699,0.7815950123720399,9.13490839251288,999.1941808720803,1780,0.418922099317486
P22_AAH,AAH,4193,8573,5380,0.1,2693.3468148163856,2758.2906395387713,0.7481518930045515,0.7661918443163254,9.038676339044843,1350.169441340794,1341,0.319818745528261
P10_MIA,MIA,4102,6509,5686,0.05,2583.587272075588,2668.970758135473,0.7176631311321078,0.7413807661487425,8.881743559298105,1395.9943083173816,2002,0.488054607508532
P16_LUAD,LUAD,4083,6113,5359,0.05,2560.974344535053,2650.4455919359402,0.7113817623708482,0.7362348866488723,8.848889155051742,1309.6169071652134,1959,0.479794268919912
P14_LUAD,LUAD,3905,7684,4769,0.1,2354.225750479847,2478.999872483293,0.6539515973555131,0.6886110756898036,8.539572465475073,1114.6268407502648,1854,0.474775928297055
P11_AAH,AAH,3801,7317,4258,0.1,2237.6933076849664,2380.612986324268,0.6215814743569351,0.6612813850900745,8.357535145020305,968.6896575790511,1926,0.506708760852407
P21_LUAD,LUAD,3643,7906,5018,0.1,2066.6728919523657,2233.7064896228326,0.5740758033201016,0.6204740248952313,8.079038580662623,1094.1351351637152,1593,0.437276969530607
P12_LUAD,LUAD,3549,6997,6173,0.05,1968.370963277166,2147.7982697705065,0.546769712021435,0.5966106304918074,7.91219736660394,1311.243693773432,1523,0.429134967596506
P3_LUAD,LUAD,3477,6270,5489,0.05,1894.8137702039214,2082.760261585332,0.5263371583899782,0.5785445171070367,7.783800929589738,1142.2970564703658,1437,0.413287316652286
P6_AAH,AAH,3289,7382,3998,0.1,1709.8552470069249,1916.1167874475098,0.4749597908352569,0.5322546631798638,7.445974154491105,787.0236797430283,1632,0.496199452721192
P13_LUAD,LUAD,3167,7328,4067,0.1,1595.3282538255162,1810.4816415785042,0.4431467371737545,0.5029115671051401,7.224665559488153,770.9094546182848,1411,0.445532049257973
P13_MIA,MIA,3118,6779,5976,0.05,1550.5480703704097,1768.6198326009178,0.43070779732511383,0.4912832868335883,7.135297674242129,1115.2387112247247,1270,0.407312379730597
P12_AIS,AIS,3005,8234,5233,0.1,1449.941299625667,1673.335406351678,0.4027614721182408,0.4648153906532439,6.928113343648622,941.1879261967771,1150,0.382695507487521
P22_Normal,Normal,2962,8853,5562,0.1,1412.6326955599623,1637.5414070787458,0.3923979709888784,0.4548726130774294,6.8488626250529645,986.0459983211736,825,0.278528021607022
P5_AIS,AIS,2828,7701,4302,0.1,1299.8174303984051,1527.6671927191703,0.3610603973328903,0.4243519979775473,6.60038542937513,728.1669233126557,1252,0.442715700141443
P9_Normal,Normal,2696,7986,4494,0.1,1193.7914962513655,1421.949741771238,0.3316087489587126,0.39498603938089943,6.353282899194108,725.1604205568044,1090,0.404302670623145
P3_Normal,Normal,2431,5544,4817,0.05,996.2339161620768,1217.5043840877513,0.27673164337835465,0.3381956622465976,5.849641899468072,700.878505671062,1303,0.535993418346359
P16_Normal,Normal,2316,5768,5043,0.05,916.8556554861561,1132.1282469309663,0.25468212652393224,0.31448006859193506,5.627677126588902,699.0506750519161,1000,0.431778929188256
P15_Normal,Normal,2091,6372,5586,0.05,772.6739776672571,971.1977378466902,0.21463166046312696,0.2697771494018584,5.1868013686580206,699.0948460790266,872,0.417025346724056
P11_Normal,Normal,2082,6037,5311,0.05,767.2129371268599,964.9331546012106,0.21311470475746108,0.26803698738922516,5.1689730202758435,661.8173721100361,1069,0.513448607108549
P10_Normal,Normal,1907,6398,5619,0.05,665.7081344206318,845.8484841815871,0.18491892622795328,0.23495791227266308,4.81911512204235,641.3437419302444,757,0.396958573675931
P20_Normal,Normal,1897,7180,3802,0.1,660.1768624298788,839.2028632181987,0.18338246178607745,0.23311190644949964,4.798932344498445,431.6786597644017,858,0.452293094359515
P8_Normal,Normal,1783,3631,3157,0.05,599.1758312637194,764.6913806989677,0.16643773090658873,0.21241427241637992,4.5672961816105735,336.90469350208735,1417,0.79472798653954
P9_AAH,AAH,1573,7341,4237,0.1,496.69898457068325,633.6341193869748,0.13797194015852313,0.176009477607493,4.132537427228375,398.9039372053779,807,0.513032422123331
P6_Normal,Normal,1536,7853,4747,0.1,479.97241225437693,611.4059914191538,0.13332567007066026,0.16983499761643162,4.054758297202228,436.4068749401212,660,0.4296875
P12_Normal,Normal,1427,8139,4977,0.1,433.0108370430855,547.4831704665945,0.12028078806752374,0.1520786584629429,3.823379433812039,425.0820340828411,503,0.352487736510161
P14_Normal,Normal,1410,6833,5974,0.05,425.99801588530346,537.7274063819708,0.11833278219036207,0.1493687239949919,3.7869769824095427,504.15661179074186,665,0.471631205673759
P8_AIS,AIS,1143,5074,4417,0.05,326.8813733046309,392.44597680507314,0.09080038147350859,0.10901277133474253,3.2026885757133194,302.17238045023765,663,0.58005249343832
P13_Normal,Normal,801,6695,5903,0.05,230.20799999999997,230.20800000000128,0.06394666666666665,0.06394666666666703,2.4113225936889564,283.0,307,0.383270911360799
