"dilut","n_cells_in","n_cells_pred","n_dropped_lowgenes","n_diploid","n_aneuploid","n_not_defined","n_defined","rate_not_defined","n_neg_control","n_neg_in_pred","n_neg_not_defined","n_neg_absent","rate_not_defined_neg","rate_unsegmentable_neg","nFeature_median_thinned","nFeature_median_neg","wall_sec","error"
1,801,801,0,494,0,307,494,0.383270911360799,494,494,0,0,0,0,826,1007,235.065,NA
0.9,801,801,0,406,0,395,406,0.493133583021223,494,494,88,0,0.178137651821862,0.178137651821862,758,920,166.699,NA
0.8,801,801,0,198,134,469,332,0.585518102372035,494,494,162,0,0.327935222672065,0.327935222672065,684,840,121.534,NA
0.7,801,801,0,160,84,557,244,0.695380774032459,494,494,250,0,0.506072874493927,0.506072874493927,615,746,85.072,NA
0.6,801,801,0,128,41,632,169,0.789013732833958,494,494,325,0,0.657894736842105,0.657894736842105,537,657,54.0340000000001,NA
0.5,801,801,0,37,61,703,98,0.877652933832709,494,494,396,0,0.801619433198381,0.801619433198381,458,561,31.064,NA
0.4,801,763,38,21,13,729,34,0.955439056356488,494,494,460,0,0.931174089068826,0.931174089068826,374,457,18.46,NA
0.3,801,0,801,NA,NA,NA,0,NA,494,0,NA,494,NA,NA,292,354,NA,"either 'k' or 'h' must be specified"
0.2,801,0,801,NA,NA,NA,0,NA,494,0,NA,494,NA,NA,200,246,NA,"all cells are filtered"
