"cell_barcode","orig_class","nFeature_all","nCount_all","nFeature_anno","n_chrom"
"AAACCAATCATGGTCCATTCGGTT.1|P13_Normal","diploid",1217,1767,889,23
"AAACGGGCAGGTATTGATTCGGTT.1|P13_Normal","diploid",607,741,435,23
"AAACGTTCATCCTTGGATTCGGTT.1|P13_Normal","diploid",801,953,555,23
"AAACTGGGTCCAGCACATTCGGTT.1|P13_Normal","diploid",1161,1695,837,23
"AAAGGCTTCGATTGAAATTCGGTT.1|P13_Normal","diploid",1134,1626,874,23
"AAATGGTGTAATGGATATTCGGTT.1|P13_Normal","diploid",1233,2323,902,23
"AACAAGCTCGCTTCAAATTCGGTT.1|P13_Normal","diploid",894,1103,655,23
"AACCAGGTCAAGGGCCATTCGGTT.1|P13_Normal","diploid",538,655,385,23
"AACCATAAGTGAGGAAATTCGGTT.1|P13_Normal","diploid",1495,2181,1081,23
"AACCCGGCAAGTTAACATTCGGTT.1|P13_Normal","diploid",1154,1495,836,23
"AACCTGCTCTATTCGGATTCGGTT.1|P13_Normal","diploid",2354,5705,1707,23
"AACCTTTAGCTGATGGATTCGGTT.1|P13_Normal","diploid",2028,3363,1493,23
"AACTGAATCTGGAAACATTCGGTT.1|P13_Normal","diploid",935,1296,682,23
"AAGAATCGTTAGGTGAATTCGGTT.1|P13_Normal","diploid",881,1085,641,23
"AAGCGGCTCACATTACATTCGGTT.1|P13_Normal","diploid",994,1349,721,23
"AAGGCACGTTTCAGGTATTCGGTT.1|P13_Normal","diploid",916,1184,672,23
"AAGGCCCAGGGTTGGCATTCGGTT.1|P13_Normal","diploid",1337,2995,983,23
"AAGGCCGGTTTGTCAAATTCGGTT.1|P13_Normal","diploid",1099,1499,807,23
"AAGGCTTAGAAGCAAGATTCGGTT.1|P13_Normal","diploid",519,594,386,23
"AAGGTTGGTCGTAAAGATTCGGTT.1|P13_Normal","diploid",1288,1805,745,23
"AAGTCATCACTATCACATTCGGTT.1|P13_Normal","diploid",606,777,469,23
"AAGTGAGAGGAACCTGATTCGGTT.1|P13_Normal","diploid",999,1389,706,23
"AAGTTGCAGGTTAGCGATTCGGTT.1|P13_Normal","diploid",723,981,536,23
"AATCCAAAGCTTCCTTATTCGGTT.1|P13_Normal","diploid",2215,4504,1641,23
"AATCCAAAGTGCAACGATTCGGTT.1|P13_Normal","diploid",914,1189,678,23
"AATCCGGAGAGGAGTAATTCGGTT.1|P13_Normal","diploid",1418,2080,1055,23
"AATCCGTGTTCTTACTATTCGGTT.1|P13_Normal","diploid",806,1069,601,23
"AATCGTTTCATCCAGCATTCGGTT.1|P13_Normal","diploid",1034,1261,764,23
"AATGAAGCACAACATGATTCGGTT.1|P13_Normal","diploid",1078,1383,740,23
"ACAAACCAGAAGGTTCATTCGGTT.1|P13_Normal","diploid",820,1050,569,23
"ACAATTGAGGTCAATAATTCGGTT.1|P13_Normal","diploid",1111,1486,776,23
"ACAGTTGCATCCGCTAATTCGGTT.1|P13_Normal","diploid",848,1178,624,23
"ACCAGGTCAGCCTATTATTCGGTT.1|P13_Normal","diploid",1734,2901,1260,23
"ACCCGCTCAATGAATCATTCGGTT.1|P13_Normal","diploid",1779,2898,1325,23
"ACCCTAATCAATTGGAATTCGGTT.1|P13_Normal","diploid",2511,4516,1791,23
"ACCGCCATCACTTGATATTCGGTT.1|P13_Normal","diploid",2146,4271,1566,23
"ACCGGTAAGTTACTCGATTCGGTT.1|P13_Normal","diploid",1140,1585,874,23
"ACCGGTTTCGACTTTGATTCGGTT.1|P13_Normal","diploid",771,1085,574,23
"ACCTAAGCAAGGCCATATTCGGTT.1|P13_Normal","diploid",1607,2499,1184,23
"ACCTCCCTCACATTCGATTCGGTT.1|P13_Normal","diploid",866,1125,617,23
"ACGAATATCGTTCGTAATTCGGTT.1|P13_Normal","diploid",1571,2518,1135,23
"ACGAGGGAGTTTGGTTATTCGGTT.1|P13_Normal","diploid",944,1396,716,23
"ACGCAAGTCCCTCGCTATTCGGTT.1|P13_Normal","diploid",1098,1582,814,23
"ACGCAAGTCTGTCAATATTCGGTT.1|P13_Normal","diploid",588,680,418,23
"ACGCCCATCATTAGTCATTCGGTT.1|P13_Normal","diploid",1308,1787,938,23
"ACGGTAAGTAAGGCTAATTCGGTT.1|P13_Normal","diploid",1092,1693,827,23
"ACGGTAAGTGGTTCTGATTCGGTT.1|P13_Normal","diploid",766,906,541,23
"ACGTAGCCACCACACCATTCGGTT.1|P13_Normal","diploid",679,850,502,23
"ACGTCAACAAGTGCACATTCGGTT.1|P13_Normal","diploid",1293,2080,954,23
"ACGTCAACATATTTCGATTCGGTT.1|P13_Normal","diploid",808,1056,601,23
"ACGTGCAAGGTAATGCATTCGGTT.1|P13_Normal","diploid",636,768,461,23
"ACGTTCGGTTTGTCCCATTCGGTT.1|P13_Normal","diploid",825,1144,611,23
"ACTAAGTCAATGAATCATTCGGTT.1|P13_Normal","diploid",1088,1343,793,23
"ACTACTAGTCGCAATTATTCGGTT.1|P13_Normal","diploid",2295,4912,1649,23
"ACTAGTGCAAGACATTATTCGGTT.1|P13_Normal","diploid",790,1623,581,23
"ACTCCCACATACTTGCATTCGGTT.1|P13_Normal","diploid",2224,4078,1620,23
"ACTGGGTCACACTAAGATTCGGTT.1|P13_Normal","diploid",924,1394,699,23
"ACTTAGGCATCAAGCAATTCGGTT.1|P13_Normal","diploid",2423,4295,1673,23
"ACTTAGGCATCAAGTGATTCGGTT.1|P13_Normal","diploid",1341,1898,1012,23
"ACTTGCATCAGGCTGAATTCGGTT.1|P13_Normal","diploid",757,938,546,23
"ACTTGCGGTATTTGTGATTCGGTT.1|P13_Normal","diploid",596,740,408,23
"AGAAACCTCAACTGTTATTCGGTT.1|P13_Normal","diploid",1916,3717,1373,23
"AGAAGCAAGAACCTAAATTCGGTT.1|P13_Normal","diploid",885,1242,643,23
"AGAAGGTCAGGTATTGATTCGGTT.1|P13_Normal","diploid",864,1131,625,23
"AGACCCGCAGCAAGCTATTCGGTT.1|P13_Normal","diploid",782,946,573,23
"AGACTCACAGACTCAAATTCGGTT.1|P13_Normal","diploid",1222,1811,844,23
"AGACTCCTCGTTATGTATTCGGTT.1|P13_Normal","diploid",1004,1363,731,23
"AGAGGTTTCCATCCGGATTCGGTT.1|P13_Normal","diploid",1638,2545,1217,23
"AGATTAGTCCAGGAATATTCGGTT.1|P13_Normal","diploid",1440,2664,1068,23
"AGATTCAAGCGCTACTATTCGGTT.1|P13_Normal","diploid",1530,2417,1139,23
"AGCCAATAGGTATAGCATTCGGTT.1|P13_Normal","diploid",658,847,498,23
"AGCCAATAGGTTCCGTATTCGGTT.1|P13_Normal","diploid",1487,2350,1090,23
"AGCGAACGTGACATGAATTCGGTT.1|P13_Normal","diploid",894,1149,630,23
"AGCTAATCAGCCTGAGATTCGGTT.1|P13_Normal","diploid",1386,2069,1038,23
"AGCTAATCAGGTTTCTATTCGGTT.1|P13_Normal","diploid",860,1283,597,23
"AGCTATGCATTTCGCGATTCGGTT.1|P13_Normal","diploid",1376,2461,1061,23
"AGGCCAGGTCCTGACAATTCGGTT.1|P13_Normal","diploid",766,905,566,23
"AGGCGCTAGATGAACCATTCGGTT.1|P13_Normal","diploid",1935,3831,1387,23
"AGGCTTTGTCATCAGTATTCGGTT.1|P13_Normal","diploid",961,1315,724,23
"AGGGAGTAGTCTATGTATTCGGTT.1|P13_Normal","diploid",601,693,426,23
"AGGGTTAGTGCTGCACATTCGGTT.1|P13_Normal","diploid",1282,1943,914,23
"AGGTTCTGTTAACGTCATTCGGTT.1|P13_Normal","diploid",668,804,500,23
"AGTAAACGTGTTGCTGATTCGGTT.1|P13_Normal","diploid",1644,2554,1201,23
"AGTAACCAGCTAAACAATTCGGTT.1|P13_Normal","diploid",1101,1504,833,23
"AGTCATAAGGATCCAGATTCGGTT.1|P13_Normal","diploid",607,758,462,23
"AGTCATAAGGTATTTCATTCGGTT.1|P13_Normal","diploid",920,1214,707,23
"AGTGATGGTGGACACGATTCGGTT.1|P13_Normal","diploid",840,1109,616,23
"AGTTATCTCCGGCTCAATTCGGTT.1|P13_Normal","diploid",2063,3610,1463,23
"AGTTCCTCAAGTTTCCATTCGGTT.1|P13_Normal","diploid",641,756,459,23
"AGTTGGCCAATAGAAGATTCGGTT.1|P13_Normal","diploid",1227,1789,924,23
"AGTTGGCCAGGCTAACATTCGGTT.1|P13_Normal","diploid",886,1143,651,23
"ATAAACCCAGACTCAAATTCGGTT.1|P13_Normal","diploid",791,1005,591,23
"ATAACCAAGACAGACTATTCGGTT.1|P13_Normal","diploid",1291,1883,974,23
"ATAAGCCAGATAATCGATTCGGTT.1|P13_Normal","diploid",480,572,346,23
"ATAAGCCAGCTTATCGATTCGGTT.1|P13_Normal","diploid",893,1197,635,23
"ATACCTGTCTTGAGGGATTCGGTT.1|P13_Normal","diploid",2662,5641,1943,23
"ATACCTTAGTCATTCGATTCGGTT.1|P13_Normal","diploid",1670,2901,1223,23
"ATAGACTCAGAAAGGTATTCGGTT.1|P13_Normal","diploid",668,854,489,23
"ATAGGCTAGAAGTACCATTCGGTT.1|P13_Normal","diploid",1143,1548,864,23
"ATATAGCCATCGAACAATTCGGTT.1|P13_Normal","diploid",1047,1448,748,23
"ATCCCAATCTAATGGAATTCGGTT.1|P13_Normal","diploid",1935,3694,1308,23
"ATCGCGCGTAAAGCATATTCGGTT.1|P13_Normal","diploid",1157,1589,843,23
"ATCGCTTCACTTCGATATTCGGTT.1|P13_Normal","diploid",757,986,568,23
"ATGCACCTCGCAACGAATTCGGTT.1|P13_Normal","diploid",998,1439,754,23
"ATGGACCCACCACACCATTCGGTT.1|P13_Normal","diploid",559,922,397,23
"ATGGCCCGTTTCGCCTATTCGGTT.1|P13_Normal","diploid",672,912,519,23
"ATGGGTTAGCGAAGCCATTCGGTT.1|P13_Normal","diploid",655,830,493,23
"ATGGTAATCCTGCAACATTCGGTT.1|P13_Normal","diploid",778,1005,568,23
"ATTATGGAGGAAACCTATTCGGTT.1|P13_Normal","diploid",959,1222,710,23
"ATTCGTCCACCTAAGAATTCGGTT.1|P13_Normal","diploid",956,1302,706,23
"ATTCGTTAGATTGCAAATTCGGTT.1|P13_Normal","diploid",1233,2201,921,23
"ATTGACTTCGCGAAATATTCGGTT.1|P13_Normal","diploid",1131,1459,774,23
"ATTGGCGAGTATGGTAATTCGGTT.1|P13_Normal","diploid",965,1190,691,23
"ATTGTTGGTGAAGCACATTCGGTT.1|P13_Normal","diploid",929,1171,696,23
"ATTTCCTGTATTGTCAATTCGGTT.1|P13_Normal","diploid",867,1133,628,23
"ATTTGTGGTCGCAACCATTCGGTT.1|P13_Normal","diploid",1020,1434,758,23
"CAACCAACATATTTCGATTCGGTT.1|P13_Normal","diploid",907,1169,661,23
"CAACTTGTCTAACCATATTCGGTT.1|P13_Normal","diploid",789,1042,577,23
"CAAGATTCATCATGCTATTCGGTT.1|P13_Normal","diploid",777,1034,601,23
"CAAGTCCTCCTGACTAATTCGGTT.1|P13_Normal","diploid",922,1208,688,23
"CAATAAGTCCCGCTGAATTCGGTT.1|P13_Normal","diploid",739,969,564,23
"CAATTGCGTGTGTTACATTCGGTT.1|P13_Normal","diploid",896,1404,688,23
"CACAAAGGTGCCCTTTATTCGGTT.1|P13_Normal","diploid",1292,1813,950,23
"CACCAACTCGTTCAATATTCGGTT.1|P13_Normal","diploid",1411,2086,1088,23
"CACCCATAGCACGGTAATTCGGTT.1|P13_Normal","diploid",533,677,377,23
"CACTCCCTCAGTAGCGATTCGGTT.1|P13_Normal","diploid",775,981,586,23
"CAGATAATCCATCCGGATTCGGTT.1|P13_Normal","diploid",684,861,520,23
"CAGGAAGCACCACAAAATTCGGTT.1|P13_Normal","diploid",916,1303,666,23
"CAGGATCCATTTAGCCATTCGGTT.1|P13_Normal","diploid",1057,1420,746,23
"CAGGATTAGGTCAATAATTCGGTT.1|P13_Normal","diploid",1113,1495,772,23
"CAGGCTAAGGCAAGTTATTCGGTT.1|P13_Normal","diploid",2328,4318,1644,23
"CAGGTTCTCATTTAGCATTCGGTT.1|P13_Normal","diploid",1225,1872,899,23
"CAGTGAAGTGCACAAAATTCGGTT.1|P13_Normal","diploid",1260,2159,960,23
"CATAATCTCGCCTCTCATTCGGTT.1|P13_Normal","diploid",595,725,438,23
"CATAATGAGTCATTCGATTCGGTT.1|P13_Normal","diploid",984,1300,701,23
"CATAATGAGTCTAACTATTCGGTT.1|P13_Normal","diploid",1203,1843,910,23
"CATAGGTAGTATGGGTATTCGGTT.1|P13_Normal","diploid",1100,1475,820,23
"CATCAATTCGAGGTTGATTCGGTT.1|P13_Normal","diploid",478,634,354,23
"CATCCTTTCAGGTAACATTCGGTT.1|P13_Normal","diploid",2789,5873,1979,23
"CATGCCAGTCACAGGGATTCGGTT.1|P13_Normal","diploid",945,1189,698,23
"CATTCCTTCTCTATGGATTCGGTT.1|P13_Normal","diploid",864,1090,637,23
"CATTGTCCATGTTTCAATTCGGTT.1|P13_Normal","diploid",2136,3580,1516,23
"CCAAACCTCGTAACCCATTCGGTT.1|P13_Normal","diploid",1555,2360,1177,23
"CCAAACTGTACGGTTTATTCGGTT.1|P13_Normal","diploid",930,1173,680,23
"CCAAACTGTATAGTGGATTCGGTT.1|P13_Normal","diploid",1260,1964,941,23
"CCAAGGATCGATTAAGATTCGGTT.1|P13_Normal","diploid",965,1215,700,23
"CCAGAAAGTTAACGAGATTCGGTT.1|P13_Normal","diploid",1109,1397,804,23
"CCAGCTAGTACAAACGATTCGGTT.1|P13_Normal","diploid",934,1227,692,23
"CCAGGTTTCCATCCGGATTCGGTT.1|P13_Normal","diploid",1287,2006,964,23
"CCCACCTTCAGGGATTATTCGGTT.1|P13_Normal","diploid",732,930,527,23
"CCCACTTGTTAATGCCATTCGGTT.1|P13_Normal","diploid",1024,1302,713,23
"CCCATTCGTCGTAACTATTCGGTT.1|P13_Normal","diploid",1446,2420,1072,23
"CCCGAAGCAATCAAACATTCGGTT.1|P13_Normal","diploid",966,1355,667,23
"CCCTGTTGTGGTGCAGATTCGGTT.1|P13_Normal","diploid",1124,1592,835,23
"CCCTTACGTGATTACCATTCGGTT.1|P13_Normal","diploid",1230,1800,901,23
"CCCTTCGGTAGCTTTAATTCGGTT.1|P13_Normal","diploid",1493,2152,1134,23
"CCCTTGCTCGATTGAAATTCGGTT.1|P13_Normal","diploid",1045,1438,751,23
"CCGCTAAGTTAACGTCATTCGGTT.1|P13_Normal","diploid",1969,3184,1457,23
"CCGGCTATCGAAACTAATTCGGTT.1|P13_Normal","diploid",711,994,516,23
"CCGTTGTAGAAGCAAGATTCGGTT.1|P13_Normal","diploid",868,1108,655,23
"CCTAACTCAACCGTAAATTCGGTT.1|P13_Normal","diploid",1139,1491,813,23
"CCTACTTTCACTGTCAATTCGGTT.1|P13_Normal","diploid",1071,1500,789,23
"CCTCAAGGTCTTACTTATTCGGTT.1|P13_Normal","diploid",1554,2402,1110,23
"CCTCATCGTGAACGGTATTCGGTT.1|P13_Normal","diploid",840,1084,599,23
"CCTGATTCATCATAGGATTCGGTT.1|P13_Normal","diploid",922,1262,700,23
"CCTGGTAGTCGAAGGTATTCGGTT.1|P13_Normal","diploid",734,927,532,23
"CCTGTTGCACTCCCTTATTCGGTT.1|P13_Normal","diploid",987,1453,716,23
"CCTTGAATCTGTGCACATTCGGTT.1|P13_Normal","diploid",1419,2346,1059,23
"CGAACCAAGTAATGGCATTCGGTT.1|P13_Normal","diploid",714,924,522,23
"CGACACCGTACGATTCATTCGGTT.1|P13_Normal","diploid",1456,2280,1044,23
"CGACCGTGTGTTAGTCATTCGGTT.1|P13_Normal","diploid",1007,1285,742,23
"CGAGCTTTCTGCAACCATTCGGTT.1|P13_Normal","diploid",751,900,544,23
"CGATGAAGTTGCTGTGATTCGGTT.1|P13_Normal","diploid",1324,1760,970,23
"CGATTACGTTGTCAGTATTCGGTT.1|P13_Normal","diploid",1149,1594,681,23
"CGATTGTGTCTACCAGATTCGGTT.1|P13_Normal","diploid",647,776,469,23
"CGCAACTTCACCATATATTCGGTT.1|P13_Normal","diploid",1031,1366,766,23
"CGCAACTTCGAACGTGATTCGGTT.1|P13_Normal","diploid",855,1015,626,23
"CGCAATCTCGACTCACATTCGGTT.1|P13_Normal","diploid",815,1083,606,23
"CGCACAAAGACTAACAATTCGGTT.1|P13_Normal","diploid",679,827,509,23
"CGCACAAAGTTACACTATTCGGTT.1|P13_Normal","diploid",1018,1257,741,23
"CGCATAACAAGCTCAAATTCGGTT.1|P13_Normal","diploid",1554,2493,1098,23
"CGCATGAAGCACGCAAATTCGGTT.1|P13_Normal","diploid",1198,1513,855,23
"CGCATTTCAAACTTGGATTCGGTT.1|P13_Normal","diploid",777,1013,601,23
"CGCATTTCATTGCCTGATTCGGTT.1|P13_Normal","diploid",1516,2328,1134,23
"CGGAACGGTTAGTGAGATTCGGTT.1|P13_Normal","diploid",1152,1568,839,23
"CGGGATGGTTTCCACCATTCGGTT.1|P13_Normal","diploid",1066,1615,770,23
"CGGTGAGGTTAAGCCTATTCGGTT.1|P13_Normal","diploid",1226,1680,887,23
"CGGTGTGCATCCACCAATTCGGTT.1|P13_Normal","diploid",1956,3724,1412,23
"CGGTTAGAGGCCCATTATTCGGTT.1|P13_Normal","diploid",791,1095,587,23
"CGTAAGTAGCAAAGCTATTCGGTT.1|P13_Normal","diploid",812,1424,568,23
"CGTACGTTCCAACTATATTCGGTT.1|P13_Normal","diploid",779,1052,595,23
"CGTGAGGGTTAGGTGAATTCGGTT.1|P13_Normal","diploid",930,1256,714,23
"CGTGCGTGTTTCGCCTATTCGGTT.1|P13_Normal","diploid",2247,4714,1632,23
"CGTGTTTCAACAGATTATTCGGTT.1|P13_Normal","diploid",916,1318,669,23
"CGTTCAATCGCCTCGAATTCGGTT.1|P13_Normal","diploid",1302,1771,943,23
"CGTTGCGTCCAGGAATATTCGGTT.1|P13_Normal","diploid",1324,1891,776,23
"CGTTTGGGTGTTAGAGATTCGGTT.1|P13_Normal","diploid",1465,2464,1077,23
"CTAACCATCCCTGGTGATTCGGTT.1|P13_Normal","diploid",1202,1711,877,23
"CTAACTAGTCTTTATCATTCGGTT.1|P13_Normal","diploid",802,1018,576,23
"CTAAGTAAGTCACACCATTCGGTT.1|P13_Normal","diploid",1894,3072,1380,23
"CTAATCTAGTAAGCTAATTCGGTT.1|P13_Normal","diploid",1074,1389,774,23
"CTAATGCGTAAGCTAGATTCGGTT.1|P13_Normal","diploid",708,912,504,23
"CTACCAGGTTGGTTACATTCGGTT.1|P13_Normal","diploid",1172,1664,858,23
"CTACTGATCCTGCAACATTCGGTT.1|P13_Normal","diploid",870,1325,640,23
"CTAGGTACATGGCCGAATTCGGTT.1|P13_Normal","diploid",2584,5153,1885,23
"CTATAGGCAGGCTAACATTCGGTT.1|P13_Normal","diploid",907,1219,656,23
"CTATATCAGCTAGATAATTCGGTT.1|P13_Normal","diploid",1175,1590,858,23
"CTATCCGCATTGGGTAATTCGGTT.1|P13_Normal","diploid",778,1015,587,23
"CTATGTTAGGAAACTCATTCGGTT.1|P13_Normal","diploid",1931,3174,1425,23
"CTATTAGGTCCATAGTATTCGGTT.1|P13_Normal","diploid",929,1187,676,23
"CTATTGGTCAGGGCACATTCGGTT.1|P13_Normal","diploid",847,1148,622,23
"CTCAAGCTCCGTCAACATTCGGTT.1|P13_Normal","diploid",931,1264,666,23
"CTCAGCTAGCTTCTAGATTCGGTT.1|P13_Normal","diploid",1104,1560,816,23
"CTCCTCTCAACAAGCCATTCGGTT.1|P13_Normal","diploid",891,1170,638,23
"CTCCTCTCAGTTATCCATTCGGTT.1|P13_Normal","diploid",1385,1982,1045,23
"CTCGTTAAGCTCAAGGATTCGGTT.1|P13_Normal","diploid",2573,5184,1860,23
"CTCTAACCAAATAGGAATTCGGTT.1|P13_Normal","diploid",1282,2062,931,23
"CTCTAACCATGTGGGTATTCGGTT.1|P13_Normal","diploid",980,1358,712,23
"CTGCAACTCCTTTGTCATTCGGTT.1|P13_Normal","diploid",843,1094,652,23
"CTGTGCAGTACCGCACATTCGGTT.1|P13_Normal","diploid",2507,4573,1804,23
"CTGTGCAGTCGTTATAATTCGGTT.1|P13_Normal","diploid",914,1297,659,23
"CTGTGGCGTCGTTGCAATTCGGTT.1|P13_Normal","diploid",626,782,456,23
"CTTACCTTCACGTTCAATTCGGTT.1|P13_Normal","diploid",1195,1626,851,23
"CTTAGCCAGATTGAGCATTCGGTT.1|P13_Normal","diploid",793,1004,589,23
"CTTATGTAGCCGCTATATTCGGTT.1|P13_Normal","diploid",1219,1635,881,23
"CTTGAGGAGAGGTTTAATTCGGTT.1|P13_Normal","diploid",922,1313,677,23
"CTTGATGTCGATGAACATTCGGTT.1|P13_Normal","diploid",1552,2315,1189,23
"CTTGATTAGGTCAATAATTCGGTT.1|P13_Normal","diploid",1169,1666,825,23
"CTTGCTGCAAACTTGGATTCGGTT.1|P13_Normal","diploid",1364,2257,967,23
"CTTGGTTCATAGGGTCATTCGGTT.1|P13_Normal","diploid",1113,1496,786,23
"CTTTAGTAGTGAATCAATTCGGTT.1|P13_Normal","diploid",1059,1560,807,23
"GAACAATGTCAAGCTTATTCGGTT.1|P13_Normal","diploid",1107,1536,773,23
"GAACGGCTCAACCTCAATTCGGTT.1|P13_Normal","diploid",976,2071,712,23
"GAAGGCTGTTAACGGAATTCGGTT.1|P13_Normal","diploid",1254,1719,887,23
"GAAGTATGTACGTAAGATTCGGTT.1|P13_Normal","diploid",521,609,371,23
"GACAGGCTCTAGCGGAATTCGGTT.1|P13_Normal","diploid",827,1099,647,23
"GACATGCCAGGCTAACATTCGGTT.1|P13_Normal","diploid",1175,1595,879,23
"GACATGCCATCATCACATTCGGTT.1|P13_Normal","diploid",1083,1550,785,23
"GACATTGCAACAAGTTATTCGGTT.1|P13_Normal","diploid",1215,1639,881,23
"GACCCAAAGAGCAACTATTCGGTT.1|P13_Normal","diploid",1268,1795,940,23
"GACGAGGAGCGCTAGAATTCGGTT.1|P13_Normal","diploid",785,986,572,23
"GACTCAACACTTCGATATTCGGTT.1|P13_Normal","diploid",668,788,488,23
"GAGCCTGCAAATAACCATTCGGTT.1|P13_Normal","diploid",1096,1419,796,23
"GAGCCTGCACTTCGATATTCGGTT.1|P13_Normal","diploid",1038,1417,781,23
"GAGCCTTTCTACTACGATTCGGTT.1|P13_Normal","diploid",2575,6034,1848,23
"GAGCTATAGACAACACATTCGGTT.1|P13_Normal","diploid",809,1061,603,23
"GAGCTTGAGATTCATCATTCGGTT.1|P13_Normal","diploid",848,1097,651,23
"GAGGTCCAGATTATCCATTCGGTT.1|P13_Normal","diploid",643,785,445,23
"GAGTGCGGTTAAGTCCATTCGGTT.1|P13_Normal","diploid",899,1222,676,23
"GAGTTACAGGATGAAGATTCGGTT.1|P13_Normal","diploid",1171,1611,857,23
"GATAAAGCACATAAGTATTCGGTT.1|P13_Normal","diploid",1441,2189,1082,23
"GATCAAATCGAGGCGTATTCGGTT.1|P13_Normal","diploid",907,1133,624,23
"GATGCCCGTTCAAGGAATTCGGTT.1|P13_Normal","diploid",600,721,453,23
"GATGGAGCAAGATGCCATTCGGTT.1|P13_Normal","diploid",926,1296,717,23
"GATTAGTCAGGATTATATTCGGTT.1|P13_Normal","diploid",1367,1972,1001,23
"GATTGACAGTCATGAAATTCGGTT.1|P13_Normal","diploid",966,1328,706,23
"GCAAACCCACTCCCAAATTCGGTT.1|P13_Normal","diploid",1614,2907,1111,23
"GCAAGCCAGTGCTGAGATTCGGTT.1|P13_Normal","diploid",1318,5172,874,23
"GCAAGGCTCTAACTACATTCGGTT.1|P13_Normal","diploid",1710,3122,1264,23
"GCACAACCACGAACGTATTCGGTT.1|P13_Normal","diploid",566,912,406,23
"GCATCACTCACCACACATTCGGTT.1|P13_Normal","diploid",1833,3129,1334,23
"GCATTCATCGGCTAGAATTCGGTT.1|P13_Normal","diploid",692,829,497,23
"GCCCAATTCGGTACGAATTCGGTT.1|P13_Normal","diploid",826,1036,592,23
"GCCCATAGTCCCTCTGATTCGGTT.1|P13_Normal","diploid",1161,1714,863,23
"GCCCATAGTTGCTGTGATTCGGTT.1|P13_Normal","diploid",920,1175,672,23
"GCCCTTGAGCAATCGGATTCGGTT.1|P13_Normal","diploid",1780,2957,1319,23
"GCCCTTGAGGTAACTAATTCGGTT.1|P13_Normal","diploid",1116,1513,825,23
"GCCTCGATCAATACAGATTCGGTT.1|P13_Normal","diploid",868,1094,646,23
"GCGCAACAGCTGGGTAATTCGGTT.1|P13_Normal","diploid",937,1224,692,23
"GCGCAATCATGGATTGATTCGGTT.1|P13_Normal","diploid",851,1146,627,23
"GCGCACACAAATAGGAATTCGGTT.1|P13_Normal","diploid",740,904,530,23
"GCGCTACGTAAAGGCCATTCGGTT.1|P13_Normal","diploid",911,1212,691,23
"GCGCTTAGTAAAGGCCATTCGGTT.1|P13_Normal","diploid",794,1085,622,23
"GCGGTTCGTTAGTGAGATTCGGTT.1|P13_Normal","diploid",1070,1443,797,23
"GCTATGCTCTATCGGCATTCGGTT.1|P13_Normal","diploid",778,996,576,23
"GCTCAGGCATCATCACATTCGGTT.1|P13_Normal","diploid",1697,2837,1304,23
"GCTCCTGAGGTTTCCAATTCGGTT.1|P13_Normal","diploid",932,1375,697,23
"GCTCGTTAGCACGTTCATTCGGTT.1|P13_Normal","diploid",842,1016,582,23
"GCTGGGTAGGCTACTCATTCGGTT.1|P13_Normal","diploid",559,628,414,23
"GCTGTAACATATGGTGATTCGGTT.1|P13_Normal","diploid",592,768,430,23
"GCTTACATCTATGGCCATTCGGTT.1|P13_Normal","diploid",810,1004,565,23
"GCTTAGCTCCCTCGCTATTCGGTT.1|P13_Normal","diploid",1558,2290,1144,23
"GCTTGATGTGGTGCAGATTCGGTT.1|P13_Normal","diploid",1043,1333,751,23
"GCTTGCGTCACCATATATTCGGTT.1|P13_Normal","diploid",1781,3168,1292,23
"GCTTTCAAGTGATTAGATTCGGTT.1|P13_Normal","diploid",1186,1871,894,23
"GGAAATTGTACGTAAGATTCGGTT.1|P13_Normal","diploid",1716,2855,1279,23
"GGAAATTGTGCATCGCATTCGGTT.1|P13_Normal","diploid",882,1115,653,23
"GGAACCTCAACAGCACATTCGGTT.1|P13_Normal","diploid",1491,2214,1107,23
"GGAACTAGTTAAGTCCATTCGGTT.1|P13_Normal","diploid",1110,1429,826,23
"GGAAGCCTCTTGATCGATTCGGTT.1|P13_Normal","diploid",1077,1489,775,23
"GGACATAGTTGGAGCGATTCGGTT.1|P13_Normal","diploid",740,923,555,23
"GGACCCACACATAGATATTCGGTT.1|P13_Normal","diploid",688,901,494,23
"GGAGTCATCTTGAATCATTCGGTT.1|P13_Normal","diploid",1302,1674,936,23
"GGATGTCCACCTAAGAATTCGGTT.1|P13_Normal","diploid",875,1030,621,23
"GGATTGCCATTTGGGAATTCGGTT.1|P13_Normal","diploid",1147,1732,852,23
"GGCAATAGTGGTTATCATTCGGTT.1|P13_Normal","diploid",1905,3579,1379,23
"GGCACGTAGCCATAAAATTCGGTT.1|P13_Normal","diploid",1961,3484,1421,23
"GGCAGGTTCACATTCGATTCGGTT.1|P13_Normal","diploid",2286,3671,1364,23
"GGCATGTCATCGTTCGATTCGGTT.1|P13_Normal","diploid",1121,1610,819,23
"GGCCATCGTATATTCGATTCGGTT.1|P13_Normal","diploid",1269,1933,970,23
"GGCCTATTCCTCACGGATTCGGTT.1|P13_Normal","diploid",2803,6051,1995,23
"GGCGCAAGTCAACTACATTCGGTT.1|P13_Normal","diploid",840,1063,621,23
"GGCTAATAGACTCAAAATTCGGTT.1|P13_Normal","diploid",2286,4837,1655,23
"GGCTGGTAGCAAGTTAATTCGGTT.1|P13_Normal","diploid",1400,2322,1012,23
"GGCTTGAAGCAACTTTATTCGGTT.1|P13_Normal","diploid",1308,1905,942,23
"GGCTTGTTCGAGCTAGATTCGGTT.1|P13_Normal","diploid",1532,2385,1147,23
"GGGACTCAGCTAAGTAATTCGGTT.1|P13_Normal","diploid",1740,2905,1319,23
"GGGAGTGAGTTAGTTCATTCGGTT.1|P13_Normal","diploid",1367,2027,1043,23
"GGGATGGAGAGGATAGATTCGGTT.1|P13_Normal","diploid",846,1000,621,23
"GGGCAATGTTGTTCCCATTCGGTT.1|P13_Normal","diploid",745,1728,538,23
"GGTAACCCACCTTTGGATTCGGTT.1|P13_Normal","diploid",1246,1766,899,23
"GGTAATGGTCAAAGATATTCGGTT.1|P13_Normal","diploid",923,1272,701,23
"GGTACTGAGGTTACTTATTCGGTT.1|P13_Normal","diploid",1589,2937,1173,23
"GGTCACGCACAATAGTATTCGGTT.1|P13_Normal","diploid",1064,1479,799,23
"GGTCATTGTCCATTAAATTCGGTT.1|P13_Normal","diploid",721,897,543,23
"GGTGTCGCACTCAGTTATTCGGTT.1|P13_Normal","diploid",859,1088,620,23
"GGTTAGTAGCGCCTTGATTCGGTT.1|P13_Normal","diploid",685,992,493,23
"GGTTTCCAGGTCTTGCATTCGGTT.1|P13_Normal","diploid",648,820,480,23
"GGTTTGTGTCACCAGCATTCGGTT.1|P13_Normal","diploid",1113,1705,809,23
"GTAAACCAGCTGATTTATTCGGTT.1|P13_Normal","diploid",1265,1967,955,23
"GTAAACCAGGTTCCGTATTCGGTT.1|P13_Normal","diploid",909,1251,675,23
"GTAATCCGTTGGTTTAATTCGGTT.1|P13_Normal","diploid",2700,6124,1904,23
"GTACTGACAAACTTGGATTCGGTT.1|P13_Normal","diploid",1014,1280,749,23
"GTACTTAGTTTCTAAGATTCGGTT.1|P13_Normal","diploid",534,773,378,23
"GTAGCCCGTACGATTCATTCGGTT.1|P13_Normal","diploid",842,1245,586,23
"GTATTCGTCCCTCGTCATTCGGTT.1|P13_Normal","diploid",770,947,577,23
"GTCACAACATTACTCAATTCGGTT.1|P13_Normal","diploid",1255,1833,942,23
"GTCAGTGAGGTAACTAATTCGGTT.1|P13_Normal","diploid",692,851,503,23
"GTCCCTCTCATGCGTCATTCGGTT.1|P13_Normal","diploid",2243,3838,1619,23
"GTCCGTTAGCCCTTGGATTCGGTT.1|P13_Normal","diploid",1033,1453,753,23
"GTCCTGAGTTCGAATCATTCGGTT.1|P13_Normal","diploid",1632,3025,1194,23
"GTGCGGTAGCACCTTAATTCGGTT.1|P13_Normal","diploid",691,821,500,23
"GTGGCGTAGGCGCAGTATTCGGTT.1|P13_Normal","diploid",569,716,420,23
"GTGGCGTAGTAAGCTAATTCGGTT.1|P13_Normal","diploid",766,955,588,23
"GTGGTTACAACTAAACATTCGGTT.1|P13_Normal","diploid",808,1038,588,23
"GTTAACTTCAAGTTAGATTCGGTT.1|P13_Normal","diploid",1307,1871,968,23
"GTTAACTTCAGGTTAAATTCGGTT.1|P13_Normal","diploid",1071,1445,760,23
"GTTAAGGGTTAGCATCATTCGGTT.1|P13_Normal","diploid",945,1397,664,23
"GTTAGCGAGCTTACTGATTCGGTT.1|P13_Normal","diploid",906,1242,664,23
"GTTAGGCCAACATGATATTCGGTT.1|P13_Normal","diploid",660,792,488,23
"GTTCGCGTCATTTGCGATTCGGTT.1|P13_Normal","diploid",1056,1446,729,23
"GTTCGTTCATCGTTCGATTCGGTT.1|P13_Normal","diploid",863,1133,633,23
"GTTGAATCATAGACGCATTCGGTT.1|P13_Normal","diploid",866,1133,649,23
"GTTGAGGTCCCTCGTCATTCGGTT.1|P13_Normal","diploid",1576,2420,1147,23
"GTTGAGGTCCGCCACAATTCGGTT.1|P13_Normal","diploid",694,861,532,23
"GTTGCATGTGACATGAATTCGGTT.1|P13_Normal","diploid",1844,2688,1096,23
"GTTGCATGTTTGTGACATTCGGTT.1|P13_Normal","diploid",896,1109,646,23
"GTTGTCCAGACTAACAATTCGGTT.1|P13_Normal","diploid",636,823,440,23
"GTTTACGTCATGACCCATTCGGTT.1|P13_Normal","diploid",3090,5787,1982,23
"GTTTACGTCGCATTTGATTCGGTT.1|P13_Normal","diploid",1108,1521,811,23
"GTTTAGCGTTGAGGACATTCGGTT.1|P13_Normal","diploid",2313,4367,1692,23
"GTTTCACCACGTAGTAATTCGGTT.1|P13_Normal","diploid",1280,1911,914,23
"GTTTGAGCAGAATGAAATTCGGTT.1|P13_Normal","diploid",589,669,436,23
"GTTTGAGCAGCTTTCGATTCGGTT.1|P13_Normal","diploid",919,1222,656,23
"TAACACGCAAGGCGTTATTCGGTT.1|P13_Normal","diploid",2572,5762,1734,23
"TAACCACGTAGACTGAATTCGGTT.1|P13_Normal","diploid",2091,3891,1533,23
"TAACGAATCAACCAAAATTCGGTT.1|P13_Normal","diploid",1402,1962,1024,23
"TAACGAATCAGGCCAAATTCGGTT.1|P13_Normal","diploid",823,1329,586,23
"TAACGCCTCTAATTGCATTCGGTT.1|P13_Normal","diploid",742,917,533,23
"TAAGAAGCATGCGGATATTCGGTT.1|P13_Normal","diploid",924,1197,675,23
"TAAGAAGCATTGTACCATTCGGTT.1|P13_Normal","diploid",655,906,458,23
"TAATAGCCAAACACGCATTCGGTT.1|P13_Normal","diploid",1345,2057,958,23
"TACAATGAGCTTGATTATTCGGTT.1|P13_Normal","diploid",852,1212,632,23
"TACAGAATCTATTGGTATTCGGTT.1|P13_Normal","diploid",962,1195,678,23
"TACCAGCTCGGTTCCGATTCGGTT.1|P13_Normal","diploid",698,853,478,23
"TACCGAACATTTGTTGATTCGGTT.1|P13_Normal","diploid",832,1031,607,23
"TACCGCCCAACAAGCCATTCGGTT.1|P13_Normal","diploid",1154,1676,828,23
"TACCGCCCATTAGTGGATTCGGTT.1|P13_Normal","diploid",1215,1795,880,23
"TACGGGCAGAAACCCGATTCGGTT.1|P13_Normal","diploid",2124,3814,1515,23
"TACGTTAGTGGATGGTATTCGGTT.1|P13_Normal","diploid",853,1056,650,23
"TAGCCTATCACAACAAATTCGGTT.1|P13_Normal","diploid",1128,1605,852,23
"TAGCCTATCCAAATTCATTCGGTT.1|P13_Normal","diploid",913,1869,651,23
"TAGCTGCTCTTGAAGAATTCGGTT.1|P13_Normal","diploid",1049,1372,776,23
"TAGGAGGCACGTTACTATTCGGTT.1|P13_Normal","diploid",1069,1384,778,23
"TAGGAGGCAGGAATAAATTCGGTT.1|P13_Normal","diploid",1292,1819,922,23
"TAGGCGCAGGCAAGTTATTCGGTT.1|P13_Normal","diploid",472,542,364,23
"TAGGCGCAGTTACCCAATTCGGTT.1|P13_Normal","diploid",1465,2227,1040,23
"TAGGCTGAGGTTGCAGATTCGGTT.1|P13_Normal","diploid",1699,3216,1257,23
"TAGTCTCCATGTTTCAATTCGGTT.1|P13_Normal","diploid",932,1174,666,23
"TAGTGGCCAATTCGGAATTCGGTT.1|P13_Normal","diploid",814,1115,615,23
"TAGTTGAAGGAACCGCATTCGGTT.1|P13_Normal","diploid",758,1018,532,23
"TATATGCTCACAAACAATTCGGTT.1|P13_Normal","diploid",806,1093,609,23
"TATCTTGCACAATAGTATTCGGTT.1|P13_Normal","diploid",1109,1471,784,23
"TATGATGAGCGAATACATTCGGTT.1|P13_Normal","diploid",1083,1433,779,23
"TATTAGGAGGTAGTTAATTCGGTT.1|P13_Normal","diploid",667,876,507,23
"TATTGCCCAATCGTTCATTCGGTT.1|P13_Normal","diploid",1043,1307,717,23
"TATTGGCGTCACACCAATTCGGTT.1|P13_Normal","diploid",1212,1893,902,23
"TCAAACCGTGCATCGCATTCGGTT.1|P13_Normal","diploid",766,987,564,23
"TCAAGGTAGGTGAGGGATTCGGTT.1|P13_Normal","diploid",1377,1867,986,23
"TCAAGTGCAACTTGTCATTCGGTT.1|P13_Normal","diploid",876,1083,626,23
"TCACCTAAGGGTTTCCATTCGGTT.1|P13_Normal","diploid",1184,1704,883,23
"TCACGTTCAACTTAGGATTCGGTT.1|P13_Normal","diploid",1548,2501,1119,23
"TCACGTTCAAGTTTCCATTCGGTT.1|P13_Normal","diploid",1183,2843,826,23
"TCACTGTCACTGACAAATTCGGTT.1|P13_Normal","diploid",692,897,544,23
"TCAGGCAAGGTATGGTATTCGGTT.1|P13_Normal","diploid",912,1218,667,23
"TCAGGCTTCCCATTGAATTCGGTT.1|P13_Normal","diploid",895,1315,656,23
"TCAGGGATCTTGAAGAATTCGGTT.1|P13_Normal","diploid",1193,1673,895,23
"TCATCAGTCAATGTGAATTCGGTT.1|P13_Normal","diploid",1793,3832,1276,23
"TCATGAGCAGACTCAAATTCGGTT.1|P13_Normal","diploid",1312,2051,955,23
"TCATTTGCAACCCTATATTCGGTT.1|P13_Normal","diploid",930,1399,671,23
"TCATTTGCACATAGTGATTCGGTT.1|P13_Normal","diploid",920,1277,670,23
"TCCATTACATTAGTGGATTCGGTT.1|P13_Normal","diploid",847,1100,643,23
"TCCATTTGTTTGACTAATTCGGTT.1|P13_Normal","diploid",1031,1437,761,23
"TCCGTTAAGGTGAGCCATTCGGTT.1|P13_Normal","diploid",1086,1501,785,23
"TCCTTATGTACGGGCAATTCGGTT.1|P13_Normal","diploid",2140,5226,1556,23
"TCCTTATGTTCTCAAAATTCGGTT.1|P13_Normal","diploid",1023,1317,731,23
"TCCTTTCAGGCCCATTATTCGGTT.1|P13_Normal","diploid",696,915,496,23
"TCCTTTCAGTTTGGTTATTCGGTT.1|P13_Normal","diploid",1657,2682,1195,23
"TCGAAGTAGGACTTAAATTCGGTT.1|P13_Normal","diploid",1304,1861,893,23
"TCGAAGTAGTCATTCGATTCGGTT.1|P13_Normal","diploid",650,834,483,23
"TCGACTCAGACCTTGCATTCGGTT.1|P13_Normal","diploid",1008,1205,715,23
"TCGATGACAGAAACTTATTCGGTT.1|P13_Normal","diploid",947,1278,720,23
"TCGGCTAGTGATCCTGATTCGGTT.1|P13_Normal","diploid",1441,2121,1081,23
"TCGGCTAGTTACCGTGATTCGGTT.1|P13_Normal","diploid",712,913,527,23
"TCGTTGCAGTGAATCAATTCGGTT.1|P13_Normal","diploid",734,915,525,23
"TCTAAGGCAAACGGTCATTCGGTT.1|P13_Normal","diploid",1593,3159,1157,23
"TCTAATCAGCTTACCAATTCGGTT.1|P13_Normal","diploid",1041,1545,770,23
"TCTAATCAGGGTTGGCATTCGGTT.1|P13_Normal","diploid",2347,4734,1718,23
"TCTAGTTAGTCACTATATTCGGTT.1|P13_Normal","diploid",961,1261,696,23
"TCTATGAGTCCCTCTGATTCGGTT.1|P13_Normal","diploid",532,644,397,23
"TCTGGGCGTAATGAACATTCGGTT.1|P13_Normal","diploid",1371,2265,1047,23
"TCTTAAGGTGGGTGTGATTCGGTT.1|P13_Normal","diploid",1571,2571,1152,23
"TCTTAGGTCGGTACGAATTCGGTT.1|P13_Normal","diploid",1150,1686,849,23
"TCTTTGGAGCTTGAGGATTCGGTT.1|P13_Normal","diploid",641,738,451,23
"TGAAAGGAGCTAGATAATTCGGTT.1|P13_Normal","diploid",1398,2083,1056,23
"TGAACAGGTTGCGAAAATTCGGTT.1|P13_Normal","diploid",920,1343,677,23
"TGAAGGAAGCGAATGTATTCGGTT.1|P13_Normal","diploid",937,1266,676,23
"TGAATCGCATTCAACCATTCGGTT.1|P13_Normal","diploid",1030,1442,762,23
"TGACAACAGTAACTTCATTCGGTT.1|P13_Normal","diploid",791,1065,605,23
"TGACGGATCGAAATGCATTCGGTT.1|P13_Normal","diploid",1458,2220,1073,23
"TGAGGTAGTATGTTTGATTCGGTT.1|P13_Normal","diploid",631,840,466,23
"TGAGTGAGTACTGCCAATTCGGTT.1|P13_Normal","diploid",785,974,583,23
"TGATCTTAGTGCTGAGATTCGGTT.1|P13_Normal","diploid",630,723,452,23
"TGATGGCCAAGAAATGATTCGGTT.1|P13_Normal","diploid",761,1028,577,23
"TGATTTGGTAGTCATCATTCGGTT.1|P13_Normal","diploid",891,1137,658,23
"TGCAAATCAGATAACTATTCGGTT.1|P13_Normal","diploid",1516,3015,1099,23
"TGCACACTCGTAAAGCATTCGGTT.1|P13_Normal","diploid",750,1058,585,23
"TGCATTAGTCGTTCGAATTCGGTT.1|P13_Normal","diploid",728,904,521,23
"TGCCTTAAGCCAGAGCATTCGGTT.1|P13_Normal","diploid",771,1046,561,23
"TGCGATACAACTTAGGATTCGGTT.1|P13_Normal","diploid",1114,1428,812,23
"TGCGGAATCAGTTAGAATTCGGTT.1|P13_Normal","diploid",868,1186,653,23
"TGCGGTTTCATTGAGAATTCGGTT.1|P13_Normal","diploid",554,690,396,23
"TGCTCCACATTACTTGATTCGGTT.1|P13_Normal","diploid",1197,1501,845,23
"TGCTTGATCAATCGCCATTCGGTT.1|P13_Normal","diploid",1234,1912,950,23
"TGGCGTGCATCAGGTAATTCGGTT.1|P13_Normal","diploid",1007,1393,758,23
"TGGGCGTAGATGCAACATTCGGTT.1|P13_Normal","diploid",1022,1412,718,23
"TGGTGAAGTAGCTATCATTCGGTT.1|P13_Normal","diploid",785,1067,561,23
"TGGTGCTTCAAACCAAATTCGGTT.1|P13_Normal","diploid",938,1301,703,23
"TGGTTTAGTTGTGAGAATTCGGTT.1|P13_Normal","diploid",1012,1334,753,23
"TGGTTTGTCGCTTCGGATTCGGTT.1|P13_Normal","diploid",996,1373,759,23
"TGTCCAGGTGGAAGCTATTCGGTT.1|P13_Normal","diploid",641,776,483,23
"TGTCCAGGTGTTGCTGATTCGGTT.1|P13_Normal","diploid",827,1126,570,23
"TGTCCAGGTTAAGTCCATTCGGTT.1|P13_Normal","diploid",1577,2508,1117,23
"TGTCCTTTCAGCCTTAATTCGGTT.1|P13_Normal","diploid",1299,1916,963,23
"TGTGCGCGTTCCGGGTATTCGGTT.1|P13_Normal","diploid",802,1031,607,23
"TGTGGGTCAACCGGATATTCGGTT.1|P13_Normal","diploid",737,903,549,23
"TGTTAGCGTTCCTTCAATTCGGTT.1|P13_Normal","diploid",582,702,419,23
"TTAACCGTCGTTGCACATTCGGTT.1|P13_Normal","diploid",952,1262,705,23
"TTACACCCATTTAGCCATTCGGTT.1|P13_Normal","diploid",744,971,527,23
"TTACCATAGCTTAAAGATTCGGTT.1|P13_Normal","diploid",815,993,591,23
"TTACCATAGTAAAGGGATTCGGTT.1|P13_Normal","diploid",1726,2769,1299,23
"TTAGCCGGTTAATTCGATTCGGTT.1|P13_Normal","diploid",942,1118,678,23
"TTAGGTGCAGGTGACTATTCGGTT.1|P13_Normal","diploid",1545,2476,1088,23
"TTAGTTGGTTGAGGACATTCGGTT.1|P13_Normal","diploid",1300,1887,916,23
"TTATCACAGCTATATCATTCGGTT.1|P13_Normal","diploid",1280,1804,905,23
"TTATCGCCAACTAGTGATTCGGTT.1|P13_Normal","diploid",941,1274,663,23
"TTCAAGCGTGCAATAGATTCGGTT.1|P13_Normal","diploid",837,1073,622,23
"TTCAAGCGTGGACCCTATTCGGTT.1|P13_Normal","diploid",614,792,475,23
"TTCCAACCACTGACAAATTCGGTT.1|P13_Normal","diploid",704,821,507,23
"TTCCATTGTGCTCCTTATTCGGTT.1|P13_Normal","diploid",2660,5987,1889,23
"TTCCTCCCACACCCACATTCGGTT.1|P13_Normal","diploid",1271,1855,960,23
"TTCCTCGTCATGACCCATTCGGTT.1|P13_Normal","diploid",750,927,546,23
"TTCCTCGTCCCGCTGAATTCGGTT.1|P13_Normal","diploid",1083,1477,789,23
"TTCGCCACACATGAATATTCGGTT.1|P13_Normal","diploid",929,1268,701,23
"TTCGCCTGTTTAGTTGATTCGGTT.1|P13_Normal","diploid",1321,1786,972,23
"TTCGGTCAGGATCCCTATTCGGTT.1|P13_Normal","diploid",1054,1497,791,23
"TTCGTTCTCCTTTGTCATTCGGTT.1|P13_Normal","diploid",638,791,471,23
"TTCTATCGTAATTTCGATTCGGTT.1|P13_Normal","diploid",1186,1628,857,23
"TTCTGTGAGGTTATCTATTCGGTT.1|P13_Normal","diploid",1040,1440,744,23
"TTGAACAAGTCCTGCGATTCGGTT.1|P13_Normal","diploid",855,1444,613,23
"TTGACATTCCTAAGTTATTCGGTT.1|P13_Normal","diploid",2425,4143,1718,23
"TTGAGTAAGCGAGGGAATTCGGTT.1|P13_Normal","diploid",802,1059,596,23
"TTGCATCCAGCTAGCGATTCGGTT.1|P13_Normal","diploid",933,1246,696,23
"TTGCGCAGTTGAATCCATTCGGTT.1|P13_Normal","diploid",1231,1898,894,23
"TTGCGCTAGCAGCTAGATTCGGTT.1|P13_Normal","diploid",1225,1687,898,23
"TTGCGCTAGGACAAGAATTCGGTT.1|P13_Normal","diploid",913,1230,668,23
"TTGTCAGTCAGGGCACATTCGGTT.1|P13_Normal","diploid",1065,1550,801,23
"TTTCATGCAAGGCCATATTCGGTT.1|P13_Normal","diploid",1099,1481,795,23
"TTTCGCGCACGATTAGATTCGGTT.1|P13_Normal","diploid",794,994,621,23
"TTTGAGAAGGCTAGATATTCGGTT.1|P13_Normal","diploid",794,973,578,23
"TTTGAGAAGTTGCGCTATTCGGTT.1|P13_Normal","diploid",559,644,400,23
"TTTGCCCGTTCATTAGATTCGGTT.1|P13_Normal","diploid",946,1260,707,23
"TTTGCTCTCAACCGGAATTCGGTT.1|P13_Normal","diploid",1305,1682,922,23
"TTTGTGAGTAGGTTTCATTCGGTT.1|P13_Normal","diploid",867,1150,652,23
"AAACGGGCAACTGTTCATTCGGTT.1|P13_Normal","not.defined",582,662,424,22
"AAAGTAGCAGACTCAAATTCGGTT.1|P13_Normal","not.defined",762,935,549,23
"AAATCCTTCTAAATCCATTCGGTT.1|P13_Normal","not.defined",552,634,406,23
"AAATGGTGTTTATCGAATTCGGTT.1|P13_Normal","not.defined",659,849,400,23
"AACCTCATCCCAGTACATTCGGTT.1|P13_Normal","not.defined",862,1138,616,23
"AACTTACTCATGCGTCATTCGGTT.1|P13_Normal","not.defined",481,595,353,23
"AACTTACTCGCATTTGATTCGGTT.1|P13_Normal","not.defined",403,518,308,23
"AACTTGTTCTGGCCATATTCGGTT.1|P13_Normal","not.defined",456,516,340,23
"AAGCATGGTGCGCAAGATTCGGTT.1|P13_Normal","not.defined",457,627,329,23
"AAGCGATTCACCTTTCATTCGGTT.1|P13_Normal","not.defined",985,1305,694,23
"AAGCGATTCCGCCTCTATTCGGTT.1|P13_Normal","not.defined",815,1047,579,23
"AAGCGCTCAAAGTGCCATTCGGTT.1|P13_Normal","not.defined",607,741,445,23
"AAGGCACGTGCGATAAATTCGGTT.1|P13_Normal","not.defined",606,738,445,23
"AAGGGAGGTTTCAGGTATTCGGTT.1|P13_Normal","not.defined",460,509,338,22
"AAGTCATCATACTGAGATTCGGTT.1|P13_Normal","not.defined",534,682,389,23
"AAGTGAGAGCTTAGTTATTCGGTT.1|P13_Normal","not.defined",526,649,384,23
"AATACTGAGGATCCCTATTCGGTT.1|P13_Normal","not.defined",991,1435,727,23
"AATAGCATCGAGGCGTATTCGGTT.1|P13_Normal","not.defined",532,721,390,23
"AATGAAGCAAGGCTTAATTCGGTT.1|P13_Normal","not.defined",825,1178,580,23
"AATGCGCCATCCCAATATTCGGTT.1|P13_Normal","not.defined",889,1105,641,23
"ACAATCAAGCGCGAACATTCGGTT.1|P13_Normal","not.defined",768,999,577,23
"ACACCAACACATACCTATTCGGTT.1|P13_Normal","not.defined",907,1167,648,23
"ACACTTGTCAAAGGCTATTCGGTT.1|P13_Normal","not.defined",415,523,311,23
"ACAGCACCATTTAGCCATTCGGTT.1|P13_Normal","not.defined",817,1059,619,23
"ACAGCGGGTCGAAGGTATTCGGTT.1|P13_Normal","not.defined",1025,1659,721,23
"ACAGGCATCACCATATATTCGGTT.1|P13_Normal","not.defined",770,1112,565,23
"ACATTACTCGTTCGTAATTCGGTT.1|P13_Normal","not.defined",605,698,443,23
"ACCCAACTCGGGATGCATTCGGTT.1|P13_Normal","not.defined",685,787,501,23
"ACCCTCACAATGAATCATTCGGTT.1|P13_Normal","not.defined",602,735,457,23
"ACCCTTCGTCATCATAATTCGGTT.1|P13_Normal","not.defined",880,1199,659,23
"ACCTTTACAGCCAGCAATTCGGTT.1|P13_Normal","not.defined",408,491,301,23
"ACGCATGAGATAACGCATTCGGTT.1|P13_Normal","not.defined",540,613,407,23
"ACTACTAGTCTATCTTATTCGGTT.1|P13_Normal","not.defined",615,923,384,23
"ACTGGCTTCGCCTGCAATTCGGTT.1|P13_Normal","not.defined",485,649,371,23
"ACTTCAAGTATGGGACATTCGGTT.1|P13_Normal","not.defined",677,914,504,23
"ACTTGCATCAGGTAGTATTCGGTT.1|P13_Normal","not.defined",601,790,432,23
"ACTTGCTCATTACTTGATTCGGTT.1|P13_Normal","not.defined",695,841,525,23
"AGAAAGGTCACCATATATTCGGTT.1|P13_Normal","not.defined",532,714,391,22
"AGAGGAGGTAATAGGTATTCGGTT.1|P13_Normal","not.defined",548,615,399,23
"AGAGGTTTCGACTTTGATTCGGTT.1|P13_Normal","not.defined",778,1116,546,23
"AGCAGGCTCTGTGATTATTCGGTT.1|P13_Normal","not.defined",517,585,376,23
"AGCTAATCATGTGGGTATTCGGTT.1|P13_Normal","not.defined",440,525,333,23
"AGGCCAGGTCGTTATAATTCGGTT.1|P13_Normal","not.defined",667,840,484,23
"AGGCCTAAGACAAAGGATTCGGTT.1|P13_Normal","not.defined",447,505,322,23
"AGGCCTAAGTCCTGCGATTCGGTT.1|P13_Normal","not.defined",557,647,412,23
"AGTCACACATACTTCAATTCGGTT.1|P13_Normal","not.defined",823,1114,607,23
"AGTTACGCATCGAACAATTCGGTT.1|P13_Normal","not.defined",592,762,427,22
"AGTTAGGGTCACAGAAATTCGGTT.1|P13_Normal","not.defined",545,700,384,23
"ATACCCGGTTGGTTACATTCGGTT.1|P13_Normal","not.defined",749,901,548,23
"ATAGGATGTTAGAGGCATTCGGTT.1|P13_Normal","not.defined",558,653,413,23
"ATCGATGCAGCGGATTATTCGGTT.1|P13_Normal","not.defined",550,762,383,23
"ATCGTTAGTAGCCCGTATTCGGTT.1|P13_Normal","not.defined",630,941,452,23
"ATCTTAGGTTGCCTGAATTCGGTT.1|P13_Normal","not.defined",983,1291,717,23
"ATGCATTTCCTGATCAATTCGGTT.1|P13_Normal","not.defined",887,1164,655,23
"ATGCGTCTCTATGGCCATTCGGTT.1|P13_Normal","not.defined",678,816,501,23
"ATGGAGGCAGCACTAAATTCGGTT.1|P13_Normal","not.defined",1091,1434,769,23
"ATGGATTCACACAAATATTCGGTT.1|P13_Normal","not.defined",426,508,312,21
"ATGGTGAGTGGTTATCATTCGGTT.1|P13_Normal","not.defined",558,669,389,23
"ATTCGATTCGGGATGCATTCGGTT.1|P13_Normal","not.defined",707,843,509,23
"ATTCGTCCAACAGCACATTCGGTT.1|P13_Normal","not.defined",470,649,370,23
"ATTGACCGTTGTTTAGATTCGGTT.1|P13_Normal","not.defined",621,706,453,23
"ATTTACGGTTTGTTGAATTCGGTT.1|P13_Normal","not.defined",821,1163,597,23
"ATTTGCCCAGTAAGTTATTCGGTT.1|P13_Normal","not.defined",541,702,404,23
"CAACCGGCACCAGCTCATTCGGTT.1|P13_Normal","not.defined",444,2009,324,23
"CAACCGTTCACATTCGATTCGGTT.1|P13_Normal","not.defined",406,504,301,23
"CAACTAAAGGAAACCTATTCGGTT.1|P13_Normal","not.defined",534,602,405,23
"CAAGTCCTCTGTCAATATTCGGTT.1|P13_Normal","not.defined",597,773,395,23
"CAAGTCGAGGTTAGTAATTCGGTT.1|P13_Normal","not.defined",733,992,540,23
"CAATAGTCAACCATTCATTCGGTT.1|P13_Normal","not.defined",562,676,399,23
"CACAAGGTCACAAAGCATTCGGTT.1|P13_Normal","not.defined",627,783,435,23
"CACAATAAGTGCTGAGATTCGGTT.1|P13_Normal","not.defined",655,764,481,23
"CACCTGGTCACAGATAATTCGGTT.1|P13_Normal","not.defined",489,619,346,23
"CACTTGATCCCAAATTATTCGGTT.1|P13_Normal","not.defined",812,956,586,23
"CAGAGAGCAATGGCCGATTCGGTT.1|P13_Normal","not.defined",852,1036,633,23
"CAGCTAGAGGTAAGCTATTCGGTT.1|P13_Normal","not.defined",745,931,527,23
"CAGGTCAAGTAAGCACATTCGGTT.1|P13_Normal","not.defined",767,969,545,23
"CAGGTTTGTGCTTCGAATTCGGTT.1|P13_Normal","not.defined",928,1305,668,23
"CAGGTTTGTTAGTGAGATTCGGTT.1|P13_Normal","not.defined",613,691,440,23
"CATATTCAGCCTAAGGATTCGGTT.1|P13_Normal","not.defined",709,824,520,23
"CATCCTTTCTCAGCACATTCGGTT.1|P13_Normal","not.defined",382,497,288,23
"CATGCTCAGACAACTAATTCGGTT.1|P13_Normal","not.defined",410,540,281,23
"CATGTTGTCCCTTTGTATTCGGTT.1|P13_Normal","not.defined",636,733,448,22
"CCAAACCTCTATTGACATTCGGTT.1|P13_Normal","not.defined",892,1297,664,23
"CCAACTGGTACCGTTGATTCGGTT.1|P13_Normal","not.defined",605,694,432,23
"CCAAGACCACCTAAGAATTCGGTT.1|P13_Normal","not.defined",667,842,500,23
"CCAAGCTTCATTACCGATTCGGTT.1|P13_Normal","not.defined",621,793,467,23
"CCAAGCTTCCTCAAGCATTCGGTT.1|P13_Normal","not.defined",609,690,458,23
"CCAAGTGAGATTCATCATTCGGTT.1|P13_Normal","not.defined",842,1095,640,23
"CCAGCACGTTTGTCCCATTCGGTT.1|P13_Normal","not.defined",638,800,473,23
"CCATCATCACTAGTCTATTCGGTT.1|P13_Normal","not.defined",704,891,537,23
"CCCAACTAGCGAGCTAATTCGGTT.1|P13_Normal","not.defined",752,896,560,23
"CCCGAAGCAGGCGAAAATTCGGTT.1|P13_Normal","not.defined",904,1124,648,23
"CCCTTGCTCATTTGCGATTCGGTT.1|P13_Normal","not.defined",896,1225,597,23
"CCGTCAAGTTAGGTGAATTCGGTT.1|P13_Normal","not.defined",1173,1709,821,23
"CCTAATCCACTATCACATTCGGTT.1|P13_Normal","not.defined",444,592,356,23
"CCTAGAGAGGTATGGTATTCGGTT.1|P13_Normal","not.defined",466,550,329,23
"CCTCGATAGTCAACAAATTCGGTT.1|P13_Normal","not.defined",839,1166,627,23
"CCTTAAAGTCGTTCGAATTCGGTT.1|P13_Normal","not.defined",635,800,478,23
"CCTTATTGTAGCTATCATTCGGTT.1|P13_Normal","not.defined",440,528,312,23
"CGAATAGGTTAAGCCTATTCGGTT.1|P13_Normal","not.defined",458,521,316,23
"CGACACAAGGGTTACGATTCGGTT.1|P13_Normal","not.defined",553,814,396,23
"CGACTTTCACCGTTTGATTCGGTT.1|P13_Normal","not.defined",431,525,303,23
"CGATGTTGTAGCGGATATTCGGTT.1|P13_Normal","not.defined",469,526,336,23
"CGATTCATCCAACAGGATTCGGTT.1|P13_Normal","not.defined",723,932,529,23
"CGATTCATCTGGAAACATTCGGTT.1|P13_Normal","not.defined",621,737,476,23
"CGCAAGGGTCTATCTTATTCGGTT.1|P13_Normal","not.defined",719,1104,517,23
"CGCAATTGTGCTCATGATTCGGTT.1|P13_Normal","not.defined",807,938,577,23
"CGCACATTCCAAAGACATTCGGTT.1|P13_Normal","not.defined",513,676,404,23
"CGCAGCACATTTCGACATTCGGTT.1|P13_Normal","not.defined",482,559,352,23
"CGCTAAACACAATGGCATTCGGTT.1|P13_Normal","not.defined",784,935,586,23
"CGCTACTAGGCCATGAATTCGGTT.1|P13_Normal","not.defined",698,900,515,23
"CGGGATGGTCATTACAATTCGGTT.1|P13_Normal","not.defined",824,1064,591,23
"CGGTTAGAGACCAGGCATTCGGTT.1|P13_Normal","not.defined",647,769,462,23
"CGTAAGTAGCGCTTACATTCGGTT.1|P13_Normal","not.defined",492,584,331,22
"CGTACGTTCATAACCTATTCGGTT.1|P13_Normal","not.defined",839,1109,599,23
"CGTTGCGTCTAAATCCATTCGGTT.1|P13_Normal","not.defined",616,802,479,23
"CGTTTGGGTCACAGGGATTCGGTT.1|P13_Normal","not.defined",786,975,544,23
"CGTTTGGGTTTAACCAATTCGGTT.1|P13_Normal","not.defined",614,779,464,23
"CTAACTAGTAACTTGCATTCGGTT.1|P13_Normal","not.defined",475,546,357,23
"CTAAGGCCAGCTACCCATTCGGTT.1|P13_Normal","not.defined",628,717,469,23
"CTAAGGGTCAAACCAAATTCGGTT.1|P13_Normal","not.defined",503,621,356,23
"CTAAGGGTCTTGATCGATTCGGTT.1|P13_Normal","not.defined",680,921,517,23
"CTAAGTGCACCATCCAATTCGGTT.1|P13_Normal","not.defined",665,922,506,23
"CTAATCTAGCGCCTTGATTCGGTT.1|P13_Normal","not.defined",1175,1558,836,23
"CTACGAACAACTAAACATTCGGTT.1|P13_Normal","not.defined",760,989,547,23
"CTACGAACACGTAAATATTCGGTT.1|P13_Normal","not.defined",412,510,310,23
"CTACTGGGTCAATACCATTCGGTT.1|P13_Normal","not.defined",603,712,444,22
"CTAGGTTGTAGCCCGTATTCGGTT.1|P13_Normal","not.defined",729,912,531,23
"CTATGTTAGCCCGTTGATTCGGTT.1|P13_Normal","not.defined",490,579,361,22
"CTCAAATTCAAGCTCCATTCGGTT.1|P13_Normal","not.defined",1083,1550,828,23
"CTCAAATTCAATGGGTATTCGGTT.1|P13_Normal","not.defined",454,547,349,23
"CTCAAGACAACCATTCATTCGGTT.1|P13_Normal","not.defined",816,1064,606,23
"CTCAGGGCAACCTCGCATTCGGTT.1|P13_Normal","not.defined",565,709,404,23
"CTCTCGACAACCTCGCATTCGGTT.1|P13_Normal","not.defined",607,767,442,23
"CTGAATCGTGAACGTAATTCGGTT.1|P13_Normal","not.defined",637,745,453,23
"CTGAATCGTTGTCCAGATTCGGTT.1|P13_Normal","not.defined",575,657,430,23
"CTGCAACTCACTATACATTCGGTT.1|P13_Normal","not.defined",491,631,364,23
"CTGTTTACATTTGCTAATTCGGTT.1|P13_Normal","not.defined",510,627,353,23
"CTTAACAGTAATGGTGATTCGGTT.1|P13_Normal","not.defined",985,1166,732,23
"CTTAACAGTAGCCATTATTCGGTT.1|P13_Normal","not.defined",424,510,306,23
"CTTAGCGGTATGGGACATTCGGTT.1|P13_Normal","not.defined",815,1002,550,23
"CTTAGTCCAGCATTTCATTCGGTT.1|P13_Normal","not.defined",421,499,311,23
"CTTAGTGTCCGTGACTATTCGGTT.1|P13_Normal","not.defined",715,864,545,23
"CTTCCTCCACAGCCAGATTCGGTT.1|P13_Normal","not.defined",530,703,409,22
"CTTGTGATCACAAATGATTCGGTT.1|P13_Normal","not.defined",657,759,476,23
"CTTTAACAGCGCTAGAATTCGGTT.1|P13_Normal","not.defined",619,717,459,23
"GAACAGGCAACATGATATTCGGTT.1|P13_Normal","not.defined",503,667,371,23
"GAACGAAAGCACTACCATTCGGTT.1|P13_Normal","not.defined",802,1022,572,23
"GAACGGCTCCATCCAAATTCGGTT.1|P13_Normal","not.defined",552,626,399,23
"GAACTTAAGGAACCGCATTCGGTT.1|P13_Normal","not.defined",595,664,428,23
"GAACTTAAGTTGCAGGATTCGGTT.1|P13_Normal","not.defined",757,993,559,23
"GAATCAGGTACTTCCCATTCGGTT.1|P13_Normal","not.defined",358,542,247,22
"GAATCGAGTCAGGATAATTCGGTT.1|P13_Normal","not.defined",464,540,342,23
"GACAGGGAGGCTTTATATTCGGTT.1|P13_Normal","not.defined",943,1219,558,23
"GACATAATCCTAATCGATTCGGTT.1|P13_Normal","not.defined",249,434,169,23
"GACCCAAAGGTGAGGGATTCGGTT.1|P13_Normal","not.defined",881,1231,666,23
"GACGAGGAGCAGCTAGATTCGGTT.1|P13_Normal","not.defined",734,855,531,23
"GACTTGCTCATAATCCATTCGGTT.1|P13_Normal","not.defined",649,942,480,23
"GACTTTGTCATTTGCGATTCGGTT.1|P13_Normal","not.defined",517,591,367,23
"GAGATACTCCACAATTATTCGGTT.1|P13_Normal","not.defined",846,1154,642,23
"GAGATACTCTGGCCATATTCGGTT.1|P13_Normal","not.defined",580,687,403,23
"GAGCAAGCACCTAACTATTCGGTT.1|P13_Normal","not.defined",867,1098,643,23
"GAGGCAACATTTCTTCATTCGGTT.1|P13_Normal","not.defined",520,678,389,23
"GAGGTCCAGGCAATCGATTCGGTT.1|P13_Normal","not.defined",521,612,376,23
"GAGTGACGTTTCGCCTATTCGGTT.1|P13_Normal","not.defined",806,1091,608,22
"GATCAATCATTGAACGATTCGGTT.1|P13_Normal","not.defined",537,606,381,23
"GATGGACGTACACCCAATTCGGTT.1|P13_Normal","not.defined",550,699,430,23
"GATTATCTCGAGAGAAATTCGGTT.1|P13_Normal","not.defined",591,664,436,23
"GATTGTGCAGAGAGCAATTCGGTT.1|P13_Normal","not.defined",578,693,442,23
"GCAAATTCAACAGATTATTCGGTT.1|P13_Normal","not.defined",439,546,313,23
"GCAAATTCAATTGCGAATTCGGTT.1|P13_Normal","not.defined",527,627,399,23
"GCAAGTTAGCGCTACTATTCGGTT.1|P13_Normal","not.defined",647,756,481,23
"GCACAGCAGTGTTTCGATTCGGTT.1|P13_Normal","not.defined",516,635,382,22
"GCACTTGGTCCTGAGCATTCGGTT.1|P13_Normal","not.defined",459,542,357,23
"GCAGGCTAGCGCTCCAATTCGGTT.1|P13_Normal","not.defined",568,659,401,23
"GCAGGTTCACATGCTTATTCGGTT.1|P13_Normal","not.defined",610,707,459,23
"GCAGTACCATAATGACATTCGGTT.1|P13_Normal","not.defined",878,1236,684,23
"GCATCACTCCCACATAATTCGGTT.1|P13_Normal","not.defined",410,493,287,23
"GCCAGTTTCGCGTTCGATTCGGTT.1|P13_Normal","not.defined",744,931,562,23
"GCCCTCAAGTTTCGGCATTCGGTT.1|P13_Normal","not.defined",437,539,311,23
"GCCGCTTCACCTAACTATTCGGTT.1|P13_Normal","not.defined",456,1645,315,23
"GCGAGCTAGATTCCCAATTCGGTT.1|P13_Normal","not.defined",797,992,602,23
"GCGCAATCATGAGGGAATTCGGTT.1|P13_Normal","not.defined",615,719,457,23
"GCGCCTATCATTTAGCATTCGGTT.1|P13_Normal","not.defined",613,805,446,23
"GCTAGACCATCCCAATATTCGGTT.1|P13_Normal","not.defined",611,710,444,23
"GCTATGCTCCATAAAGATTCGGTT.1|P13_Normal","not.defined",416,491,300,23
"GCTGCTCCATGCCTCAATTCGGTT.1|P13_Normal","not.defined",863,1027,625,23
"GCTTACATCCCATTGAATTCGGTT.1|P13_Normal","not.defined",674,777,499,22
"GCTTGGTTCATGCATTATTCGGTT.1|P13_Normal","not.defined",701,838,489,23
"GGAGTCTCAGATTCGAATTCGGTT.1|P13_Normal","not.defined",462,568,339,23
"GGAGTCTCATCCGTCAATTCGGTT.1|P13_Normal","not.defined",875,1206,637,23
"GGCAATAGTTTCGCCTATTCGGTT.1|P13_Normal","not.defined",623,723,451,23
"GGCACAATCCGAATTTATTCGGTT.1|P13_Normal","not.defined",480,538,334,23
"GGCATTTGTTGGATAGATTCGGTT.1|P13_Normal","not.defined",459,553,352,23
"GGCCTAAAGTTTGCTGATTCGGTT.1|P13_Normal","not.defined",498,582,367,23
"GGCGAAACATGGTCAAATTCGGTT.1|P13_Normal","not.defined",640,854,465,23
"GGCGATTCAACCTCGCATTCGGTT.1|P13_Normal","not.defined",619,723,435,23
"GGCGTAATCGCTCAGTATTCGGTT.1|P13_Normal","not.defined",433,512,319,23
"GGCTATTGTTAGTTTGATTCGGTT.1|P13_Normal","not.defined",659,789,469,23
"GGGCAATGTAAGGCTAATTCGGTT.1|P13_Normal","not.defined",780,1018,604,23
"GGTACCGCATCAGGACATTCGGTT.1|P13_Normal","not.defined",582,680,429,22
"GGTCATTGTCGTAAAGATTCGGTT.1|P13_Normal","not.defined",725,879,519,23
"GGTGAAGCACATAAGTATTCGGTT.1|P13_Normal","not.defined",490,620,371,23
"GGTGCACAGGAACCATATTCGGTT.1|P13_Normal","not.defined",706,894,513,23
"GGTTAGTAGCATTTCGATTCGGTT.1|P13_Normal","not.defined",625,716,458,23
"GGTTTCCAGGTCGAGCATTCGGTT.1|P13_Normal","not.defined",624,831,452,23
"GTAAACGGTGAATCTCATTCGGTT.1|P13_Normal","not.defined",404,511,297,23
"GTAACCACAGATTGCAATTCGGTT.1|P13_Normal","not.defined",744,950,570,23
"GTAACCTGTACGTTCGATTCGGTT.1|P13_Normal","not.defined",427,714,318,23
"GTAAGGTTCAAGGGCCATTCGGTT.1|P13_Normal","not.defined",477,544,340,22
"GTAATGGGTAGCTTTAATTCGGTT.1|P13_Normal","not.defined",495,595,357,23
"GTAATGGGTTCGGTATATTCGGTT.1|P13_Normal","not.defined",548,643,403,23
"GTACTTAGTCGTCCAAATTCGGTT.1|P13_Normal","not.defined",402,516,301,23
"GTAGGCGGTATTCGACATTCGGTT.1|P13_Normal","not.defined",591,875,425,22
"GTAGTAGGTTGAGCTTATTCGGTT.1|P13_Normal","not.defined",726,970,526,23
"GTAGTAGGTTGGGCGAATTCGGTT.1|P13_Normal","not.defined",767,1003,559,23
"GTCCGTAGTTAGCATCATTCGGTT.1|P13_Normal","not.defined",652,782,479,23
"GTCCGTTAGTCCTGCGATTCGGTT.1|P13_Normal","not.defined",776,1005,580,23
"GTGCCTTAGATAACGCATTCGGTT.1|P13_Normal","not.defined",658,844,502,23
"GTGCTCAGTTCCGTGAATTCGGTT.1|P13_Normal","not.defined",727,852,517,23
"GTGGCTAAGGTCAAGTATTCGGTT.1|P13_Normal","not.defined",674,766,476,23
"GTGGCTAAGTTATGGAATTCGGTT.1|P13_Normal","not.defined",515,591,387,23
"GTGGTTCTCCGCCATGATTCGGTT.1|P13_Normal","not.defined",385,1283,284,23
"GTGTGAGTCCATCCGGATTCGGTT.1|P13_Normal","not.defined",484,604,371,23
"GTGTGCGCATTTATCGATTCGGTT.1|P13_Normal","not.defined",639,958,459,23
"GTTACCGGTCTGTGATATTCGGTT.1|P13_Normal","not.defined",468,555,367,23
"GTTCTGTCAGGTATATATTCGGTT.1|P13_Normal","not.defined",960,1294,726,23
"GTTTACGTCCTTTCGTATTCGGTT.1|P13_Normal","not.defined",557,715,417,23
"TAAACCCGTAATGGTGATTCGGTT.1|P13_Normal","not.defined",583,723,435,23
"TAACAGGGTATGTTTGATTCGGTT.1|P13_Normal","not.defined",446,609,308,23
"TAAGGTTCACCTTCTCATTCGGTT.1|P13_Normal","not.defined",644,836,463,23
"TACCATCCAAGCGATCATTCGGTT.1|P13_Normal","not.defined",611,939,429,23
"TACCGCCCAAACCTGAATTCGGTT.1|P13_Normal","not.defined",427,504,313,23
"TAGGTTAAGAGCAACTATTCGGTT.1|P13_Normal","not.defined",568,660,413,23
"TAGGTTAAGGCGAGAGATTCGGTT.1|P13_Normal","not.defined",803,977,595,23
"TAGGTTCGTCCATCCTATTCGGTT.1|P13_Normal","not.defined",546,650,413,23
"TAGTAGTCAACAGCACATTCGGTT.1|P13_Normal","not.defined",687,880,508,23
"TAGTCCTCAAACTGGCATTCGGTT.1|P13_Normal","not.defined",699,889,527,23
"TAGTGCACACATTGAGATTCGGTT.1|P13_Normal","not.defined",666,816,494,23
"TATCGCTCACTTTACAATTCGGTT.1|P13_Normal","not.defined",603,718,426,23
"TATGCATTCGGTTATTATTCGGTT.1|P13_Normal","not.defined",718,844,527,23
"TATTAGGAGTTGCGGAATTCGGTT.1|P13_Normal","not.defined",690,810,505,23
"TATTCCTGTCAATACCATTCGGTT.1|P13_Normal","not.defined",530,756,406,23
"TATTGACTCCCTTTGTATTCGGTT.1|P13_Normal","not.defined",548,685,403,23
"TATTGCCCAGTGAGGAATTCGGTT.1|P13_Normal","not.defined",531,659,408,23
"TATTGGGCACTTTGTAATTCGGTT.1|P13_Normal","not.defined",730,891,554,23
"TCAACCATCCGCCTCTATTCGGTT.1|P13_Normal","not.defined",415,538,323,23
"TCATAGGCATAAGCCAATTCGGTT.1|P13_Normal","not.defined",588,750,405,23
"TCATAGGCATTCAACCATTCGGTT.1|P13_Normal","not.defined",543,654,393,23
"TCATTTGCACTTTGTAATTCGGTT.1|P13_Normal","not.defined",869,1038,619,23
"TCCACCTGTCGTAACTATTCGGTT.1|P13_Normal","not.defined",408,528,300,23
"TCCAGCTAGTACCCACATTCGGTT.1|P13_Normal","not.defined",464,591,331,22
"TCCATTTGTAGGTTTCATTCGGTT.1|P13_Normal","not.defined",688,901,512,23
"TCCGAATGTTCTCAAAATTCGGTT.1|P13_Normal","not.defined",435,541,324,23
"TCCGGAGCAAGCCAGTATTCGGTT.1|P13_Normal","not.defined",502,580,344,23
"TCCTAAGTCGAAATGCATTCGGTT.1|P13_Normal","not.defined",627,719,469,23
"TCCTGGTAGAAGCATCATTCGGTT.1|P13_Normal","not.defined",662,786,493,23
"TCCTTCTAGTCTGTGCATTCGGTT.1|P13_Normal","not.defined",647,812,493,23
"TCGAAGTAGCCACTCGATTCGGTT.1|P13_Normal","not.defined",467,560,355,23
"TCGCGCTCACCTATCGATTCGGTT.1|P13_Normal","not.defined",646,808,463,23
"TCGCGGACAAGTTTCCATTCGGTT.1|P13_Normal","not.defined",721,934,510,23
"TCGTCCCTCACAAAGCATTCGGTT.1|P13_Normal","not.defined",900,1199,676,23
"TCTACCTTCGGTACAGATTCGGTT.1|P13_Normal","not.defined",549,615,407,23
"TCTCGCCTCTCACTAGATTCGGTT.1|P13_Normal","not.defined",1059,1430,747,23
"TCTGCCACAAGTTGGCATTCGGTT.1|P13_Normal","not.defined",700,926,497,23
"TGAACCTGTCGTTGCAATTCGGTT.1|P13_Normal","not.defined",453,566,325,23
"TGAATCGCAACTTAGGATTCGGTT.1|P13_Normal","not.defined",776,1551,559,23
"TGAATCTTCAGGCATGATTCGGTT.1|P13_Normal","not.defined",450,507,325,23
"TGAATCTTCGCAGGACATTCGGTT.1|P13_Normal","not.defined",490,585,347,23
"TGAATCTTCGCCTGCAATTCGGTT.1|P13_Normal","not.defined",516,653,366,23
"TGAGGCGGTGCAGCTCATTCGGTT.1|P13_Normal","not.defined",639,725,460,23
"TGAGTCTGTTCGGTATATTCGGTT.1|P13_Normal","not.defined",441,513,318,22
"TGATTGCGTTCTCAAAATTCGGTT.1|P13_Normal","not.defined",400,549,289,23
"TGCACGTTCCATAAAGATTCGGTT.1|P13_Normal","not.defined",494,596,371,23
"TGCCCATAGAGGTTCGATTCGGTT.1|P13_Normal","not.defined",454,573,323,22
"TGCGGTTTCTGCAACCATTCGGTT.1|P13_Normal","not.defined",677,835,512,23
"TGCTTAAGTATAGCGAATTCGGTT.1|P13_Normal","not.defined",618,726,447,23
"TGGACAAGTAACTACCATTCGGTT.1|P13_Normal","not.defined",456,594,333,21
"TGGATTAAGGCTGTGAATTCGGTT.1|P13_Normal","not.defined",749,880,520,23
"TGGCCAGCATAACCGAATTCGGTT.1|P13_Normal","not.defined",603,749,342,23
"TGGGACATCGACTTTGATTCGGTT.1|P13_Normal","not.defined",426,546,315,23
"TGGTCAACAGTTGCCCATTCGGTT.1|P13_Normal","not.defined",485,576,369,23
"TGGTCAACATGACCAAATTCGGTT.1|P13_Normal","not.defined",1093,1711,775,23
"TGGTTACGTCATGATCATTCGGTT.1|P13_Normal","not.defined",597,744,423,23
"TGTACCTCACTATCACATTCGGTT.1|P13_Normal","not.defined",639,838,488,23
"TGTCAGGAGCGAAGTTATTCGGTT.1|P13_Normal","not.defined",422,491,302,23
"TGTCGAGAGTATCGCCATTCGGTT.1|P13_Normal","not.defined",639,856,493,23
"TGTCTTGAGCTGATTTATTCGGTT.1|P13_Normal","not.defined",790,956,559,23
"TGTGGGTCACTCCCTTATTCGGTT.1|P13_Normal","not.defined",400,498,289,23
"TGTTAGCGTCACCAGCATTCGGTT.1|P13_Normal","not.defined",507,597,387,22
"TTAACGTTCATGACCCATTCGGTT.1|P13_Normal","not.defined",710,878,495,23
"TTACCTTGTCCTTAGGATTCGGTT.1|P13_Normal","not.defined",620,752,439,23
"TTATGTCAGCCTAGTCATTCGGTT.1|P13_Normal","not.defined",511,590,372,23
"TTCATGCCAAGTCGCGATTCGGTT.1|P13_Normal","not.defined",573,675,410,23
"TTCCTCAGTTGCACGCATTCGGTT.1|P13_Normal","not.defined",675,853,491,23
"TTCCTCGTCTGGAAACATTCGGTT.1|P13_Normal","not.defined",867,1101,616,23
"TTCCTCTAGCTTGAGGATTCGGTT.1|P13_Normal","not.defined",648,731,480,23
"TTCCTCTAGTCATGAAATTCGGTT.1|P13_Normal","not.defined",827,1059,598,23
"TTCGCGCCACTGACTTATTCGGTT.1|P13_Normal","not.defined",627,807,479,23
"TTCGCGCCATTGAGATATTCGGTT.1|P13_Normal","not.defined",495,592,379,23
"TTCGTTCTCACCCTGGATTCGGTT.1|P13_Normal","not.defined",484,562,358,23
"TTCTATCGTCAACTACATTCGGTT.1|P13_Normal","not.defined",654,764,478,23
"TTCTATCGTCCTTCGTATTCGGTT.1|P13_Normal","not.defined",523,642,386,23
"TTCTGGCAGGTTAGCGATTCGGTT.1|P13_Normal","not.defined",881,1144,626,23
"TTGCATCCAACTGTTCATTCGGTT.1|P13_Normal","not.defined",676,782,485,23
"TTGCGCAGTCCATTAAATTCGGTT.1|P13_Normal","not.defined",779,928,560,23
"TTGCGCAGTTTAGTTGATTCGGTT.1|P13_Normal","not.defined",498,607,349,23
