slide	file	sha256
GSM9226168_P1_AAH	barcodes.tsv.gz	8cf6f7f167ddcc47d2958e80bceb2642500babecc2fcf0856839a5525d99cdb7
GSM9226168_P1_AAH	features.tsv.gz	8147a70370cd3b9ba3d9f16e5548582b81d46f5fb9d92ba4a9613231fe748173
GSM9226168_P1_AAH	matrix.mtx.gz	b4c6d5ad6733ffa137187e06dc430e8c0b611535c5fea62c6776772443b73c2e
GSM9226169_P1_LUAD	barcodes.tsv.gz	9a36e796cbecb6718616d98f9ac91b70bec2b4c1e7b5861d97d51848aabd0cf1
GSM9226169_P1_LUAD	features.tsv.gz	a2f34cb497670f27b46ed2f39e6463cbe8d2a78c782d44ef39225a8e4826e348
GSM9226169_P1_LUAD	matrix.mtx.gz	253b5994674bb1e9360a4c14f51e66cf6731bb694e0dcd060fd37807a9bf84c8
GSM9226170_P2_AAH	barcodes.tsv.gz	95bcd53f594048ad5f649b20bbb6048d2443fc60ea34d9eebde6b7f1e4106b1a
GSM9226170_P2_AAH	features.tsv.gz	f1a3435fff69eeef05ce721236996c2e959a6dba53c6941aa057dda75cdbb8a9
GSM9226170_P2_AAH	matrix.mtx.gz	fd4fa900f00539621dbc00381df0b66b87a78939725e4f2370601390d9a1789d
GSM9226171_P2_LUAD	barcodes.tsv.gz	364f0f966e59c034967356e718c86a46c2c13ab190a00ba10f44460869a9a856
GSM9226171_P2_LUAD	features.tsv.gz	1dfccaa07609306c1329e5722697d03714375882c0699b8f7d58de92d9d582a1
GSM9226171_P2_LUAD	matrix.mtx.gz	09b78132aac68ba02086043608b3179af03876744cd6f578c4b3665d8b7858fe
GSM9226172_P3_AIS	barcodes.tsv.gz	2dcaf23606a9673eaa1f609a47363238d8122826110633607689e5f73acc8082
GSM9226172_P3_AIS	features.tsv.gz	85000fa30010edd46ab4df149f11ce7a06a6e26c02e41b29789ada96d3fde494
GSM9226172_P3_AIS	matrix.mtx.gz	dc68383b279694e4074cf2ce7b4176a414355c4a14131d04478aaf672789368f
GSM9226173_P3_LUAD	barcodes.tsv.gz	3d69b8dd4352e2167b2642c192f1e5f40ce5a1918ca99a0654ea876daa675cc7
GSM9226173_P3_LUAD	features.tsv.gz	98e3d63f3b72371313bff601d8286189f0319be8552d4679d55f7146ac174b40
GSM9226173_P3_LUAD	matrix.mtx.gz	554d3f0a01a40fb045ed4e124e804483e94826d298978855b0a19d8ec97ecb5f
GSM9226174_P4_Normal	barcodes.tsv.gz	0a88b2d322d753c63ed94e09c9a724d6b68dc636dd0de564c1bbd0cb86765a4d
GSM9226174_P4_Normal	features.tsv.gz	38406161adb09c61a9ce8ddbcb4afa709e6f55804c705296792013e4f3aa299e
GSM9226174_P4_Normal	matrix.mtx.gz	89be227107577b68deb0da857760880b027df5249a8bb20c708ff7e1f68d9434
GSM9226175_P4_AAH	barcodes.tsv.gz	633a77ab04ea2c97a40960172f65799f20cca112cbb2ed820e998dfa5a3eeee8
GSM9226175_P4_AAH	features.tsv.gz	b745e0ff31846c155c182e2b5e90ca08d35426e06ae66586c83bf7a8f0af52ab
GSM9226175_P4_AAH	matrix.mtx.gz	3828de248911f5ddf71521e015784564d465351ab9af0820768c6b9ab70b04c2
GSM9226176_P4_AAH-1	barcodes.tsv.gz	7c052d14a69d4251340b1bfd16a644d0c4a5fdb7f157c298880bf0505542a906
GSM9226176_P4_AAH-1	features.tsv.gz	8c2122d47d85aa09566125f13f832fe21a88e04e69bc443ca393bce8ae466827
GSM9226176_P4_AAH-1	matrix.mtx.gz	94a62d6177cb8045b4354bdea26da0160a7eb1ea9049fc09c6020b5d19b4afd3
GSM9226177_P4_LUAD	barcodes.tsv.gz	852c4f3270b37afd3fd8d9b812cfcefb5b0c495d390320f674ccb33f7d3cec1c
GSM9226177_P4_LUAD	features.tsv.gz	da64b3ecb0461b5f271ef54b05ec1fd396f1a6d99dda2f2f879eaf884f2efe63
GSM9226177_P4_LUAD	matrix.mtx.gz	2e43a2ecde2dcfcc2321f6adfc716e3a54a984cbe8038692525e2403987abd23
GSM9226178_P5_AIS	barcodes.tsv.gz	3c49606bdada7421abc8db52891bf6bdc283f63b8b10bbc81fb4a202edc9b2d5
GSM9226178_P5_AIS	features.tsv.gz	6dacc296de6ff2a421654b402401cfa4168f5c855cab7d847b44c92d05ce42eb
GSM9226178_P5_AIS	matrix.mtx.gz	1b874e481b0771b0f40104c1da735028f88385f1c448cd57d6beaa14f869c941
GSM9226179_P5_LUAD	barcodes.tsv.gz	5d2cb43b708d510f34bdb2ca4e16e7780cff357aa75c4d290d6318c6b48a26e4
GSM9226179_P5_LUAD	features.tsv.gz	66bb75fd06fed00329aa18942844073b89861484ec105c1cce3e891ecf76d1e5
GSM9226179_P5_LUAD	matrix.mtx.gz	35001dd492020d82c639c57129d4974f97521c4dcc971f15b0523850037d62db
GSM9226180_P6_AAH	barcodes.tsv.gz	6b40ff93e064e391725dd6616e8ab5d4b97347145260e1895425d335720a3b00
GSM9226180_P6_AAH	features.tsv.gz	deab277f8b63cace361461f2de1b88638e96cc071d031de11f607e700744854e
GSM9226180_P6_AAH	matrix.mtx.gz	f56d4ab5f3efb93b5af7a227de1b4561cc50a7f5eea5d823a60105ad7fef0322
GSM9226181_P6_LUAD	barcodes.tsv.gz	528b9128fd0c7b589e8669a83b2d06742e5bd131db2ffb6c08c051bcca1bf60e
GSM9226181_P6_LUAD	features.tsv.gz	8a9bf806f9d05b081f5f31465e1a89f4099e2537d203c8ad25db9c911da5806c
GSM9226181_P6_LUAD	matrix.mtx.gz	aaced318495a184f0cad5be5f96babde6c702d98fae0990ab1deab03799ce902
GSM9226182_P7_LUAD	barcodes.tsv.gz	8af9c08a2bf95d45d64b7aec079665edf4c336734f6644a72f3134dfa7f50789
GSM9226182_P7_LUAD	features.tsv.gz	925718d0583c7cc1c4937becd77a5a194be9361837e6af4f07e470eedb6e1356
GSM9226182_P7_LUAD	matrix.mtx.gz	5883a1852f329641236fd80597e7234da24d51bb6a9432943982c07b5c3a76c3
GSM9226183_P7_LUAD-1	barcodes.tsv.gz	2b699b2d20cc665459cae549eee02d21c3e0d5b9cd2fa7a38eaba2ee35864c2b
GSM9226183_P7_LUAD-1	features.tsv.gz	38291e0d95c3fe2f9bc4e2ca71519051fdb65c35e9a1c8e77adb2863ec67b4cd
GSM9226183_P7_LUAD-1	matrix.mtx.gz	bf62e1b64f9fc1b7979e362f8ae862310d40e5fe9f8896a10588c601c8ed52ab
GSM9226184_P8_AIS	barcodes.tsv.gz	434c31422ac54fc745173a725e5eaf2cb66f7589108316a002bbf7ccdb8a1a12
GSM9226184_P8_AIS	features.tsv.gz	50092a6f18ce68cfbda514ef1806f6ecc675b81bf6e770c9208ca79eeab29cf4
GSM9226184_P8_AIS	matrix.mtx.gz	fa4855c6035170200af6167f5e8e7adaec47396e6462aa0e8145fe725ff87335
GSM9226185_P8_LUAD	barcodes.tsv.gz	4c64c32c0910ca8e2254365667a955ecd46eb035636a6b602806bcd1525b0ba5
GSM9226185_P8_LUAD	features.tsv.gz	95afa8de2770ed0422c6ba0b7c54f714f91a3e97bf640c8c5f0cee201fc4773a
GSM9226185_P8_LUAD	matrix.mtx.gz	a97d792389dad9fa9f045d2af513ae705e588ac61be8fc3a0049e8dec5c923ad
GSM9226186_P9_AAH	barcodes.tsv.gz	eab2295d46a485690c60a904c4e409f88df3922c08df32c8691d65ca8e224d5f
GSM9226186_P9_AAH	features.tsv.gz	fb86d74b8a08833cb9ec49b32d964a3c9b57f5d3ac0e04fa98ce0d3595c334b6
GSM9226186_P9_AAH	matrix.mtx.gz	1c7b47e73d94a9b7cf79416fb7e55954f311c69bea47d32e489ab8a694a91f04
GSM9226187_P9_AIS	barcodes.tsv.gz	18e3c8baa30cbf2b9e355f8fc9113551b8bde41c47d5ed9b2efc91eddc73fc17
GSM9226187_P9_AIS	features.tsv.gz	5c81cd18dc2ad1e31ebedce28afd5198d2a22b8442c91ca81c12e5e169277b60
GSM9226187_P9_AIS	matrix.mtx.gz	d3d443431f252e0cd3d757dd1a2e30753e44795e7422bb0badb16dc8090294b7
GSM9226188_P9_LUAD	barcodes.tsv.gz	d8b86df9f7ca0f5537ab07032a56da1a5b9c198f8297e16d0c176188c2536785
GSM9226188_P9_LUAD	features.tsv.gz	a73575cf8fd05a3aa54f6e2204b2551e231bcbe8f0fcc4376772c5283a32de42
GSM9226188_P9_LUAD	matrix.mtx.gz	558b42a1d98299927e5b71dbe132833773006d889298025757bba85fb0823f3e
GSM9226189_P10_MIA	barcodes.tsv.gz	e305951b346ebe54cd6f0716d22cd322c8d9dbe02f21cdeeffb8430fab1f538f
GSM9226189_P10_MIA	features.tsv.gz	6b094f0d2d8ff4721465a49235fc0f780c561ca6419d92e87e01a81822cf7ace
GSM9226189_P10_MIA	matrix.mtx.gz	c680467d0a20a00ad37b377ee3cec84400629f171d803f2211584db9daca978f
GSM9226190_P10_LUAD	barcodes.tsv.gz	c31d7507fad89a2f51c9420efadab022d8579c0ce5a68e9db96ba9e4282beeac
GSM9226190_P10_LUAD	features.tsv.gz	0d318865c6246b7409859e56edb80b221925fdd3d95dbaea47ad4fcf9048eab6
GSM9226190_P10_LUAD	matrix.mtx.gz	2d654e49e2d88eb4e94532f6f7f04967a4614cc1a72c156b69054068af488a69
GSM9226191_P11_AAH	barcodes.tsv.gz	74e1e83c2dfe12422e79b0dfcc77889c3c36ef917abc468c2c1d2b23ff90535d
GSM9226191_P11_AAH	features.tsv.gz	ce7acb0350cd58dc50e209a3fe5bee9f417cd0b852f3c5a8ad252a173c035ae6
GSM9226191_P11_AAH	matrix.mtx.gz	f3563d371ca2e7da48628b371ae4ba00ebbe5b47fe05c4dc6574e4cbb0a25d7a
GSM9226192_P11_LUAD	barcodes.tsv.gz	9a3f1a8bdba44162b05bf78315b1c1252acac669bdd6c198304df64185cff632
GSM9226192_P11_LUAD	features.tsv.gz	2f1a502bf7a69acf8018215d94202c0557c469a74c05c19dfbe573dfa26f26c5
GSM9226192_P11_LUAD	matrix.mtx.gz	8e83ffbe28d5c0c909bcc9650a0a218e82c707c8f5ff905ae4823e4de05744b2
GSM9226193_P12_AIS	barcodes.tsv.gz	a4819c875ae85075f343b78bce637d8811c0287561d9667236b8ec41e56ac52a
GSM9226193_P12_AIS	features.tsv.gz	cb12c41704450095d9cbaa267e5071c065babafdf00e825d64cfb6f644dbf231
GSM9226193_P12_AIS	matrix.mtx.gz	4dd9aee40e65f84b132d56fbc87a2d3f1b23aea0bfa733066a2c7dddcced1e60
GSM9226194_P12_LUAD	barcodes.tsv.gz	ce56d5b9c85bda45fc4d6e34c8081d084bc63fe59131a314dc26a7360a16b0e6
GSM9226194_P12_LUAD	features.tsv.gz	b47834015649ddbe40bf34b6f04ac5891373edd87f87eb61671f166c649814dd
GSM9226194_P12_LUAD	matrix.mtx.gz	30fc6f449bec71a7e9c870272dfd84ddc343b311820bdc304b954264daa3bf89
GSM9226195_P13_MIA	barcodes.tsv.gz	b15c4772aa3acff79c78640a11f923958297ea3bbb66ceffabf70b5bafbe6434
GSM9226195_P13_MIA	features.tsv.gz	a44612465d4632f63930e5b41b963b7a9fa5f73659b9e99c6258cf8b3743fc28
GSM9226195_P13_MIA	matrix.mtx.gz	6045025bb1973234f17f93ae1da3b81d55083d6d63dad7335556c3ca8912f236
GSM9226196_P13_LUAD	barcodes.tsv.gz	983a309ffe15b91cfe7aaec8de386e3dbf32a540fbc868937d0654ab9903d598
GSM9226196_P13_LUAD	features.tsv.gz	590b51abea2fe16712dfeecc980516aa9739bab54bdb55a0375198d235e540d0
GSM9226196_P13_LUAD	matrix.mtx.gz	550e6c11284a10deac5440203d7580ae478841be7aa84f75c7ccdb63fd8d8bbc
GSM9226197_P14_AIS	barcodes.tsv.gz	19280aa1af172bd96ff4916902120270467baf3fb86ef1bcb3cf9abb3deeb2b4
GSM9226197_P14_AIS	features.tsv.gz	23587bd48006fbe9b2808dd97e9ce9259b0371dfb4c60316a2666f7607ea4e3f
GSM9226197_P14_AIS	matrix.mtx.gz	428ee6790ab835c5ab8751f0218702f7748eea5d095c8505480a9ec1e0f154c6
GSM9226198_P14_LUAD	barcodes.tsv.gz	c9fb2d33fc1b3f56d495b85ccfca9ef3a1222df7b36c5b911286ce5ec2e69747
GSM9226198_P14_LUAD	features.tsv.gz	eaee1296d9f1df320f54c6766e0aa7fbc2a33b8fe19b9fddba52ac6c25e24e6e
GSM9226198_P14_LUAD	matrix.mtx.gz	7c24f4a0de84b30f9e834463df8454e81f7e0a26041f4a9a0f7ca6a0dad2167e
GSM9226199_P15_MIA	barcodes.tsv.gz	bfbfe8cf75f9551eab98f43224cb6bf639c2a6ad7f17eed4a16ab08eff3c95f0
GSM9226199_P15_MIA	features.tsv.gz	9d62afed732fbd13f2ce21fe35c586ad190109f96132d51d228432711edec650
GSM9226199_P15_MIA	matrix.mtx.gz	0f5c757a3dc2887632a2561e5ef9ff378bc89dd5e0ad8b37a971c75147ba2f5f
GSM9226200_P15_LUAD	barcodes.tsv.gz	ef12e950e1ea70b4dc1a6a6e2e7cea6ac02f8a418f861eec92596fde6b210862
GSM9226200_P15_LUAD	features.tsv.gz	1a2803a18984567f716f8809fece47006342087da78572227daf6e21e4cd865f
GSM9226200_P15_LUAD	matrix.mtx.gz	28c9e888af7e280778356e09e13a3cf235fa5a8689e9fb7fcfb131988559b7df
GSM9226201_P16_AIS	barcodes.tsv.gz	d9d50abdae62abc9be0b62a41ddccd52e6e502601fdc787376535250bc04b96f
GSM9226201_P16_AIS	features.tsv.gz	64d9ade6fa6a888fcfccbd88e36d31aa82688017c66f3afc283ed2fd7c56fe27
GSM9226201_P16_AIS	matrix.mtx.gz	964ef8b32407df57275998c970646a548704b1bff4a2f3449c0ece41c04187df
GSM9226202_P16_LUAD	barcodes.tsv.gz	ab753f97b554de2e18a6098bc65d561af451731dc5bfaadc36d3d6c8493a4b24
GSM9226202_P16_LUAD	features.tsv.gz	0bcfbafbe8f3495f762e366b37f70ca6d780a1b62240458872844e8b2fc247ad
GSM9226202_P16_LUAD	matrix.mtx.gz	0c8187610eb8d6f13d9234afacdc362b54b79c70aa197e1bc8e32ffc12d35bbf
GSM9226203_P17_AIS	barcodes.tsv.gz	7850f7f0c61b911e8a19a1e8b703ce47a69c8662a504aa46f300c965de9b8545
GSM9226203_P17_AIS	features.tsv.gz	74ceac37fea192f132a2afd5558557581b3c6bd66d25e56d6ef2cc1337be1553
GSM9226203_P17_AIS	matrix.mtx.gz	d8033d5d0a8d62cee519355a198e5037836f4b15a6ba8dad11fdcdb2893686a5
GSM9226204_P17_LUAD	barcodes.tsv.gz	7fe9b245cc630993d5cecd200452d49b84fab0d5c49594a966b591c59aefe322
GSM9226204_P17_LUAD	features.tsv.gz	bd196be6675936e3988357417511854e4539f126bbd18dea0f0a49597025a2ba
GSM9226204_P17_LUAD	matrix.mtx.gz	976045985e1d1f0be9723d8bcb485aefe0cf87eac39ef3d5187ec974d498dc36
GSM9226205_P18_MIA	barcodes.tsv.gz	272dde05cad64141cd921d85cdde42a806f170d1a22232775bd56db0652497ab
GSM9226205_P18_MIA	features.tsv.gz	875ed60d7ded0799041091ed6e960c23d8d83909a2eb6d11851cbcc4b856d092
GSM9226205_P18_MIA	matrix.mtx.gz	cd97c9ecb6cd3a3e69d392702a15f8a8e6b17e4992a212685aba82d6921f5318
GSM9226206_P18_LUAD	barcodes.tsv.gz	bb3656ba67df803891a13212ebe6f405a6d5086bd88716f4189fd89fdf671c41
GSM9226206_P18_LUAD	features.tsv.gz	1351ee09166d2a2f37bd271d70ad52ef47b887b737a19cdf143ff117717f7ee9
GSM9226206_P18_LUAD	matrix.mtx.gz	461b52f659be8144fe64dcd82aae9bae48bd989031a0020b727b1e70f2355c74
GSM9226207_P19_AIS	barcodes.tsv.gz	8d23765deb3dcc33d3ce17d66397fabaa9000e4696ed5a4f65190662c0b8084b
GSM9226207_P19_AIS	features.tsv.gz	8bdc5cdb32fddd3d7dde5db803b985bbbb67f9d3690a948b14593f1f05774fa5
GSM9226207_P19_AIS	matrix.mtx.gz	0390694cdff0281133b34980c8186b00726faa3103d5b0eacf2233f69910038d
GSM9226208_P19_LUAD	barcodes.tsv.gz	6e4a30fdb0db5469242beb3a4bf6e84f8b463637ad7fb283a8ccc2a1a16baeea
GSM9226208_P19_LUAD	features.tsv.gz	138c3eaf447eb12cdc4e3c4ae7f35f0426b8a64f09fa71aebc3e2301ed6fa204
GSM9226208_P19_LUAD	matrix.mtx.gz	29d416dc015a3dea4508ca1166f29ccbc699b41e2ab7c9a6e4f4489821e89e66
GSM9226209_P20_AAH	barcodes.tsv.gz	6b13d6994f4646e7d51c96933c516a9a57e4210198d1e9b011371b6c74fc7058
GSM9226209_P20_AAH	features.tsv.gz	842d70ad05658efae31379acb56b1974355f787fc1b870b6da780addd599f1b9
GSM9226209_P20_AAH	matrix.mtx.gz	21f904b70aa5c792b6c0dba3293d797ea478d0c510f7e590b8bbb15cf275becc
GSM9226210_P20_LUAD	barcodes.tsv.gz	f9c7291f333c659b80cc955195ad6fa34723cf557243e33b4045bb09acfed9b5
GSM9226210_P20_LUAD	features.tsv.gz	83255aec76131e5a99167227fa8588c460929eba3d2a4f9b32bd64de6295dc76
GSM9226210_P20_LUAD	matrix.mtx.gz	00f1094ae738d0ef0591f983788af2d8c9617a1abae1b9b8d057f8ed71495128
GSM9226211_P21_AIS	barcodes.tsv.gz	70151a8e5e68e74f73e1fda28818b65d08e4728882aefbe5a7e4e40df55eb6c1
GSM9226211_P21_AIS	features.tsv.gz	ff196d3db86043cba4309fe1df8df78afe7551b60797ea6b521688067ea256f9
GSM9226211_P21_AIS	matrix.mtx.gz	d3987ea62f51e7df0f2aeb507133949a2ad464634c85ae23a3e1956a70384b08
GSM9226212_P21_AIS-1	barcodes.tsv.gz	d155e4dbf96f2053e181d5b89b576bd691b0e85da9433ab9dbb676e1936081e0
GSM9226212_P21_AIS-1	features.tsv.gz	b04d3d623c76697cfea540a93f2956c75ad311edf796b16de7d9d640cefa2376
GSM9226212_P21_AIS-1	matrix.mtx.gz	9fa558ba6218880f8499dd251494b50420087410e4309b9d51f3f8cacb2d1928
GSM9226213_P21_LUAD	barcodes.tsv.gz	54391993456c4fdb5682676c6357a8ea9d2156e969fd9bcf858b7f11a95becd6
GSM9226213_P21_LUAD	features.tsv.gz	3a8014a13644f5704492b55fc163aa2b61b1ac417ad507931b0678d89d5a4450
GSM9226213_P21_LUAD	matrix.mtx.gz	d936ea8e1dceee888293e2097742b6a66f24fa8721ea1257f7522581877bfbba
GSM9226214_P22_AAH	barcodes.tsv.gz	7852a434fdf5651fa823999d58cb4e1890b3287cb8ab28fa4b2e770d7f4e21a8
GSM9226214_P22_AAH	features.tsv.gz	d3614916e70aceb894414fdb3712a581515e38372937b18abf086602d2624290
GSM9226214_P22_AAH	matrix.mtx.gz	2bfa9714cc20e00fa45a30f884e449f60c43302116e88772d68ade80c9a81cae
GSM9226215_P22_AIS	barcodes.tsv.gz	86e77ecd13f906f5af027616761596e93d9da86293c1342a92d76a3601c5b50b
GSM9226215_P22_AIS	features.tsv.gz	f5220a5f3dc1003bb62a360e81322edf48d2ac74f7b5fcfae9925a7ce98d1659
GSM9226215_P22_AIS	matrix.mtx.gz	f854c3f2076c508256145d25a35144bfef9fb8e651b9473d9e90532c71a04fbe
GSM9226216_P22_LUAD	barcodes.tsv.gz	a47b62836e18a13b52fe98873f8e304ad8e43f45d46fdac5a323478f130d7cda
GSM9226216_P22_LUAD	features.tsv.gz	dca233c72f8d8740a4095df0fa8718fa93d02a13790d8b68f886b058e99a0d23
GSM9226216_P22_LUAD	matrix.mtx.gz	bb0c05b308bae3ebf02300e6c1548d7695bef82c354f9ff0e089cee7120eca0f
GSM9226217_P23_AIS	barcodes.tsv.gz	aafb161cdefeef0dafeb4fbb54123d83dd7f050a6425a9b583aade1c62c1f8df
GSM9226217_P23_AIS	features.tsv.gz	58ee61670fcd11f2f31240ebb594181e29ba2603c6df90886802994dfa430c65
GSM9226217_P23_AIS	matrix.mtx.gz	2f4e600461b9fad9cdbe71a5d082f2c2850ccb057e66f8395da9f33aa62d4973
GSM9226218_P23_AIS-1	barcodes.tsv.gz	701281ff437c96f0e537d3e2499338a4a5ef3a46126f8a9b84724f7b2f721d59
GSM9226218_P23_AIS-1	features.tsv.gz	6e1479e19be1fdb70adb78c60a8e8989e6b5d3bf242158697e3e5dbaeeaefa9d
GSM9226218_P23_AIS-1	matrix.mtx.gz	825b126c81792dac4c7352416363b0f6dfd6078820603ec67cdda01d76ad6ca7
GSM9226219_P23_LUAD	barcodes.tsv.gz	8dd423c70b8b3f997255e27429cdb957d05bf97fded5eb99b99dc4167b465c4d
GSM9226219_P23_LUAD	features.tsv.gz	5eabca86c32c0abe41cf7aaa2562410c667962e0f101f343f6babaa63cefea5d
GSM9226219_P23_LUAD	matrix.mtx.gz	5cf5406604d57ce7e2d1698f20b2b4a3f0cbfbe097d80516e51777e5cde8cc4c
GSM9226220_P24_AAH	barcodes.tsv.gz	ccee26736950d41fe347979446767d9d1e823bbc71803ec83dc44d7c2e3e1c83
GSM9226220_P24_AAH	features.tsv.gz	16af1bfaa902693c47cf4c358d6ff03d19591e689017b84a908b538d2c5aec64
GSM9226220_P24_AAH	matrix.mtx.gz	82da4f41fc5ce5d1d2a17eb0bbe45536368571c1464ddc34d7b38af5ad950ec7
GSM9226221_P24_LUAD	barcodes.tsv.gz	a50c02ff70aeed4bdb5de521cb7f3c2c8fd42563da5efc50f9a4f9714d866c6c
GSM9226221_P24_LUAD	features.tsv.gz	51c0d061ed40b14cab08d83894cd2ddc6a817705a085973819279e8e3318854e
GSM9226221_P24_LUAD	matrix.mtx.gz	167ab3af5f13c70f156c8a398f6d09d9b3a12ddffe216cfe30317bd6780bd90c
GSM9226222_P25_AAH	barcodes.tsv.gz	1cc5adcfe1b533233ceaf0de51f2a2be41668b6be67b97d00c3e6679c6a93e0b
GSM9226222_P25_AAH	features.tsv.gz	2c6c7ddde4259f3fa3b77cfec8183fbf35e80245d43cd1f7e3b3606381c3d591
GSM9226222_P25_AAH	matrix.mtx.gz	8481739412a27a594a87c02d0d1cc4b5152864a44f38b96ae97a3b60fabd95e3
GSM9226223_P25_LUAD	barcodes.tsv.gz	a7a4f67561a448370cc839f0095dd761404075eaaba338f9e93d2abd93bdd92c
GSM9226223_P25_LUAD	features.tsv.gz	7d6568ac3b332574dff6b2e4057dde8c91f559fcdf12006897a4021ce72f39b5
GSM9226223_P25_LUAD	matrix.mtx.gz	ad77f5c1e89be933e6f432381b0c525fde3d40372f93f41dc6bff453e3e95317
