gsm,gsm_dir,patient,stage,n_spot,hires_w,hires_h,neoplastic_mean,adenoca_mean,normal_mean,empty_mean,argmax_neoplastic_frac,p_lung_adenocarcinoma,p_normal_lung_tissue,p_lung_tissue_with_atypical_adenomatous_hyperplasia,p_lung_tissue_with_adenocarcinoma_in_situ,p_fibrous_stroma,p_lymphoid_tissue,p_an_empty_glass_slide
GSM9226168,GSM9226168_P1_AAH,P1,AAH,250,1995,2000,0.23268143832683563,0.009322602301836014,0.23014003038406372,0.36161333322525024,0.148,0.009322602301836014,0.23014003038406372,0.21325942873954773,0.010099423117935658,0.1723795086145401,0.003185673151165247,0.36161333322525024
GSM9226169,GSM9226169_P1_LUAD,P1,LUAD,250,2000,1764,0.6081705689430237,0.05172884091734886,0.1716790497303009,0.16970589756965637,0.74,0.05172884091734886,0.1716790497303009,0.5320228338241577,0.02441890351474285,0.04849502816796303,0.001949434052221477,0.16970589756965637
GSM9226170,GSM9226170_P2_AAH,P2,AAH,250,2000,1751,0.2236843854188919,0.00757448747754097,0.21758249402046204,0.4107998013496399,0.136,0.00757448747754097,0.21758249402046204,0.21256208419799805,0.0035478000063449144,0.1432008147239685,0.0047324951738119125,0.4107998013496399
GSM9226171,GSM9226171_P2_LUAD,P2,LUAD,250,2000,1828,0.3744347393512726,0.014238756150007248,0.3502442240715027,0.18621474504470825,0.392,0.014238756150007248,0.3502442240715027,0.3565399646759033,0.0036559998989105225,0.08675895631313324,0.0023473433684557676,0.18621474504470825
GSM9226172,GSM9226172_P3_AIS,P3,AIS,250,2000,1913,0.4681871831417084,0.025035452097654343,0.16989313066005707,0.32577475905418396,0.648,0.025035452097654343,0.16989313066005707,0.42903798818588257,0.01411374006420374,0.03493267297744751,0.001212236937135458,0.32577475905418396
GSM9226173,GSM9226173_P3_LUAD,P3,LUAD,250,2000,1938,0.4825209975242615,0.022918835282325745,0.19780361652374268,0.2607576251029968,0.616,0.022918835282325745,0.19780361652374268,0.44311562180519104,0.01648656465113163,0.05670252814888954,0.0022152489982545376,0.2607576251029968
GSM9226174,GSM9226174_P4_Normal,P4,Normal,250,1950,2000,0.19659484922885895,0.008710500784218311,0.34833428263664246,0.4099818766117096,0.02,0.008710500784218311,0.34833428263664246,0.1763402670621872,0.011544069275259972,0.041641365736722946,0.003447616007179022,0.4099818766117096
GSM9226175,GSM9226175_P4_AAH,P4,AAH,250,2000,1851,0.1786583513021469,0.008115345612168312,0.25241270661354065,0.421985924243927,0.052,0.008115345612168312,0.25241270661354065,0.16549386084079742,0.005049137864261866,0.14377810060977936,0.0031648764852434397,0.421985924243927
GSM9226176,GSM9226176_P4_AAH-1,P4,AAH,250,1951,2000,0.19962377846240997,0.010422701947391033,0.26722291111946106,0.4981497824192047,0.112,0.010422701947391033,0.26722291111946106,0.1750105768442154,0.014190507121384144,0.030312800779938698,0.004690747242420912,0.4981497824192047
GSM9226177,GSM9226177_P4_LUAD,P4,LUAD,250,2000,1922,0.4607812762260437,0.028087109327316284,0.1555316299200058,0.23001635074615479,0.608,0.028087109327316284,0.1555316299200058,0.4083433151245117,0.024350840598344803,0.1503574103116989,0.0033133276738226414,0.23001635074615479
GSM9226178,GSM9226178_P5_AIS,P5,AIS,250,2000,1836,0.08924224972724915,0.003816033713519573,0.1463240683078766,0.5316130518913269,0.0,0.003816033713519573,0.1463240683078766,0.08219914138317108,0.0032270587980747223,0.23053789138793945,0.002282739384099841,0.5316130518913269
GSM9226179,GSM9226179_P5_LUAD,P5,LUAD,250,2000,1878,0.5274834036827087,0.06384140253067017,0.014515425078570843,0.17528529465198517,0.612,0.06384140253067017,0.014515425078570843,0.4297580122947693,0.033883992582559586,0.2701895833015442,0.012526288628578186,0.17528529465198517
GSM9226180,GSM9226180_P6_AAH,P6,AAH,250,2000,1701,0.04964720830321312,0.0023340824991464615,0.08279497176408768,0.7770600914955139,0.0,0.0023340824991464615,0.08279497176408768,0.04378599300980568,0.003527135355398059,0.08741714805364609,0.00308052240870893,0.7770600914955139
GSM9226181,GSM9226181_P6_LUAD,P6,LUAD,250,2000,1616,0.7280142903327942,0.09782102704048157,0.1066298559308052,0.1402348428964615,0.856,0.09782102704048157,0.1066298559308052,0.5240207314491272,0.10617250204086304,0.022616008296608925,0.002504973439499736,0.1402348428964615
GSM9226182,GSM9226182_P7_LUAD,P7,LUAD,250,2000,1935,0.6388221383094788,0.0474746935069561,0.13791809976100922,0.16934436559677124,0.824,0.0474746935069561,0.13791809976100922,0.5545955300331116,0.03675190731883049,0.05140291526913643,0.0025125008542090654,0.16934436559677124
GSM9226183,GSM9226183_P7_LUAD-1,P7,LUAD,250,2000,1875,0.6048298478126526,0.04606525972485542,0.15106116235256195,0.20900830626487732,0.636,0.04606525972485542,0.15106116235256195,0.534855842590332,0.02390882931649685,0.03330700099468231,0.0017936716321855783,0.20900830626487732
GSM9226184,GSM9226184_P8_AIS,P8,AIS,250,2000,956,0.21342940628528595,0.007480321917682886,0.2314550131559372,0.41753941774368286,0.16,0.007480321917682886,0.2314550131559372,0.194652259349823,0.011296854354441166,0.12994375824928284,0.007632325869053602,0.41753941774368286
GSM9226185,GSM9226185_P8_LUAD,P8,LUAD,250,1817,2000,0.3628067672252655,0.023590408265590668,0.160560742020607,0.3967369794845581,0.368,0.023590408265590668,0.160560742020607,0.3105965852737427,0.028619753196835518,0.07553242146968842,0.004363115411251783,0.3967369794845581
GSM9226186,GSM9226186_P9_AAH,P9,AAH,250,2000,1922,0.08250164985656738,0.005728951655328274,0.09099289774894714,0.7033294439315796,0.0,0.005728951655328274,0.09099289774894714,0.06635703891515732,0.01041566114872694,0.11919989436864853,0.003976070787757635,0.7033294439315796
GSM9226187,GSM9226187_P9_AIS,P9,AIS,249,2000,1733,0.08851178735494614,0.006361857056617737,0.10051584988832474,0.7566239833831787,0.024096385542168676,0.006361857056617737,0.10051584988832474,0.07078317552804947,0.011366748251020908,0.04896893352270126,0.005379422567784786,0.7566239833831787
GSM9226188,GSM9226188_P9_LUAD,P9,LUAD,250,2000,1796,0.3792376220226288,0.04015588387846947,0.11930503696203232,0.3736027777194977,0.424,0.04015588387846947,0.11930503696203232,0.3115077614784241,0.027573945000767708,0.12589959800243378,0.001954991603270173,0.3736027777194977
GSM9226189,GSM9226189_P10_MIA,P10,MIA,250,1851,2000,0.2597799003124237,0.010388554073870182,0.12466218322515488,0.5535327196121216,0.3,0.010388554073870182,0.12466218322515488,0.2395617961883545,0.009829550050199032,0.053912192583084106,0.008112963289022446,0.5535327196121216
GSM9226190,GSM9226190_P10_LUAD,P10,LUAD,250,2000,1984,0.6642149090766907,0.11911363899707794,0.06062967702746391,0.25819161534309387,0.684,0.11911363899707794,0.06062967702746391,0.47205060720443726,0.07305070757865906,0.011634260416030884,0.005329536274075508,0.25819161534309387
GSM9226191,GSM9226191_P11_AAH,P11,AAH,250,2000,1791,0.14774176478385925,0.007750425487756729,0.1824888288974762,0.6033418774604797,0.02,0.007750425487756729,0.1824888288974762,0.12883616983890533,0.011155172251164913,0.06414193660020828,0.002285627881065011,0.6033418774604797
GSM9226192,GSM9226192_P11_LUAD,P11,LUAD,250,2000,1943,0.6679122447967529,0.07404586672782898,0.0770944207906723,0.2139248549938202,0.744,0.07404586672782898,0.0770944207906723,0.5526018142700195,0.041264548897743225,0.032975390553474426,0.008093113079667091,0.2139248549938202
GSM9226193,GSM9226193_P12_AIS,P12,AIS,250,1855,2000,0.20483553409576416,0.005838979035615921,0.36218950152397156,0.38141244649887085,0.056,0.005838979035615921,0.36218950152397156,0.19248656928539276,0.006509982515126467,0.04812004789710045,0.0034424467012286186,0.38141244649887085
GSM9226194,GSM9226194_P12_LUAD,P12,LUAD,250,1993,2000,0.3819447159767151,0.021935896947979927,0.33170732855796814,0.2653023600578308,0.304,0.021935896947979927,0.33170732855796814,0.3413199186325073,0.018688861280679703,0.019683444872498512,0.0013621539110317826,0.2653023600578308
GSM9226195,GSM9226195_P13_MIA,P13,MIA,250,1961,2000,0.37636297941207886,0.03350511193275452,0.23749090731143951,0.3557722568511963,0.368,0.03350511193275452,0.23749090731143951,0.30848240852355957,0.03437545895576477,0.029023414477705956,0.0013504356611520052,0.3557722568511963
GSM9226196,GSM9226196_P13_LUAD,P13,LUAD,250,2000,1701,0.747208833694458,0.08983924239873886,0.06868775933980942,0.17208236455917358,0.836,0.08983924239873886,0.06868775933980942,0.6072193384170532,0.05015033856034279,0.01018604077398777,0.0018349394667893648,0.17208236455917358
GSM9226197,GSM9226197_P14_AIS,P14,AIS,250,1794,2000,0.19611667096614838,0.010996316559612751,0.16925202310085297,0.5362255573272705,0.072,0.010996316559612751,0.16925202310085297,0.16800668835639954,0.017113665118813515,0.09326256066560745,0.005143207032233477,0.5362255573272705
GSM9226198,GSM9226198_P14_LUAD,P14,LUAD,250,2000,1922,0.4954052269458771,0.025582632049918175,0.2792382836341858,0.1869538575410843,0.592,0.025582632049918175,0.2792382836341858,0.4387372136116028,0.031085368245840073,0.03214167430996895,0.006260992027819157,0.1869538575410843
GSM9226199,GSM9226199_P15_MIA,P15,MIA,250,1927,2000,0.2909340262413025,0.015520519576966763,0.35385385155677795,0.28908491134643555,0.18,0.015520519576966763,0.35385385155677795,0.25700733065605164,0.01840616948902607,0.0636821910738945,0.0024450807832181454,0.28908491134643555
GSM9226200,GSM9226200_P15_LUAD,P15,LUAD,250,1823,2000,0.5704075694084167,0.05696013569831848,0.09351134300231934,0.3045498728752136,0.572,0.05696013569831848,0.09351134300231934,0.45624884963035583,0.057198572903871536,0.028581326827406883,0.0029498771764338017,0.3045498728752136
GSM9226201,GSM9226201_P16_AIS,P16,AIS,250,1897,2000,0.07873809337615967,0.0037468206137418747,0.12936130166053772,0.7493979334831238,0.016,0.0037468206137418747,0.12936130166053772,0.07068304717540741,0.0043082269839942455,0.037696875631809235,0.00480574881657958,0.7493979334831238
GSM9226202,GSM9226202_P16_LUAD,P16,LUAD,250,1910,2000,0.6518265604972839,0.15167474746704102,0.1048387885093689,0.21607264876365662,0.736,0.15167474746704102,0.1048387885093689,0.3955654203891754,0.10458634793758392,0.021423202008008957,0.005838844459503889,0.21607264876365662
GSM9226203,GSM9226203_P17_AIS,P17,AIS,247,2000,1836,0.20961882174015045,0.006599653046578169,0.37258583307266235,0.3678376078605652,0.0,0.006599653046578169,0.37258583307266235,0.19479578733444214,0.008223379962146282,0.045885100960731506,0.004072629380971193,0.3678376078605652
GSM9226204,GSM9226204_P17_LUAD,P17,LUAD,250,2000,1809,0.8523185849189758,0.21145710349082947,0.015155552886426449,0.11165664345026016,0.984,0.21145710349082947,0.015155552886426449,0.5647907853126526,0.07607074081897736,0.01732165552675724,0.0035474919714033604,0.11165664345026016
GSM9226205,GSM9226205_P18_MIA,P18,MIA,250,2000,1782,0.29568934440612793,0.008818509988486767,0.2590752840042114,0.3602534234523773,0.348,0.008818509988486767,0.2590752840042114,0.2801770567893982,0.006693777162581682,0.07998557388782501,0.004996404517441988,0.3602534234523773
GSM9226206,GSM9226206_P18_LUAD,P18,LUAD,250,1876,2000,0.5832321643829346,0.029847031459212303,0.30942773818969727,0.08196890354156494,0.784,0.029847031459212303,0.30942773818969727,0.5349589586257935,0.01842614822089672,0.024685142561793327,0.0006860601715743542,0.08196890354156494
GSM9226207,GSM9226207_P19_AIS,P19,AIS,250,2000,1989,0.17067956924438477,0.009474800899624825,0.12313894182443619,0.576092004776001,0.164,0.009474800899624825,0.12313894182443619,0.15246203541755676,0.008742740377783775,0.12585294246673584,0.004236581735312939,0.576092004776001
GSM9226208,GSM9226208_P19_LUAD,P19,LUAD,250,2000,1852,0.4973176121711731,0.02581608109176159,0.3218356668949127,0.15420150756835938,0.512,0.02581608109176159,0.3218356668949127,0.44164541363716125,0.029856162145733833,0.025312673300504684,0.0013325075851753354,0.15420150756835938
GSM9226209,GSM9226209_P20_AAH,P20,AAH,250,1842,2000,0.1857200264930725,0.010636861436069012,0.18172690272331238,0.5614215731620789,0.116,0.010636861436069012,0.18172690272331238,0.15914779901504517,0.015935372561216354,0.06914757937192917,0.001983930356800556,0.5614215731620789
GSM9226210,GSM9226210_P20_LUAD,P20,LUAD,250,2000,1885,0.6040538549423218,0.07948553562164307,0.054792370647192,0.2974398136138916,0.632,0.07948553562164307,0.054792370647192,0.489751935005188,0.03481633588671684,0.04117707163095474,0.0025369557552039623,0.2974398136138916
GSM9226211,GSM9226211_P21_AIS,P21,AIS,250,2000,1887,0.528128981590271,0.021971046924591064,0.41081419587135315,0.05470378324389458,0.528,0.021971046924591064,0.41081419587135315,0.4876404106616974,0.018517524003982544,0.005622738506644964,0.0007302826852537692,0.05470378324389458
GSM9226212,GSM9226212_P21_AIS-1,P21,AIS,250,2000,1979,0.4168311655521393,0.011516401544213295,0.5248061418533325,0.0528295673429966,0.248,0.011516401544213295,0.5248061418533325,0.3972854018211365,0.008029375225305557,0.004919400438666344,0.0006137157906778157,0.0528295673429966
GSM9226213,GSM9226213_P21_LUAD,P21,LUAD,250,2000,1958,0.9114990234375,0.16273361444473267,0.030744466930627823,0.04608527198433876,0.992,0.16273361444473267,0.030744466930627823,0.7039391994476318,0.04482627287507057,0.009914456866681576,0.0017567317700013518,0.04608527198433876
GSM9226214,GSM9226214_P22_AAH,P22,AAH,250,2000,1254,0.27899980545043945,0.010924801230430603,0.35945984721183777,0.33427977561950684,0.184,0.010924801230430603,0.35945984721183777,0.25796037912368774,0.010114614851772785,0.024999963119626045,0.0022606111597269773,0.33427977561950684
GSM9226215,GSM9226215_P22_AIS,P22,AIS,250,1837,2000,0.4012201428413391,0.015908895060420036,0.3229202330112457,0.22693607211112976,0.4,0.015908895060420036,0.3229202330112457,0.3734070658683777,0.011904199607670307,0.04667556658387184,0.0022479959297925234,0.22693607211112976
GSM9226216,GSM9226216_P22_LUAD,P22,LUAD,250,1844,2000,0.01844121888279915,0.0008902973495423794,0.03627217933535576,0.8391406536102295,0.0,0.0008902973495423794,0.03627217933535576,0.016683118417859077,0.0008678028825670481,0.1010623648762703,0.0050835562869906425,0.8391406536102295
GSM9226217,GSM9226217_P23_AIS,P23,AIS,250,2000,1539,0.1580917090177536,0.010097323916852474,0.2564450204372406,0.5445129871368408,0.004,0.010097323916852474,0.2564450204372406,0.1343795210123062,0.013614863157272339,0.03685297444462776,0.004097352735698223,0.5445129871368408
GSM9226218,GSM9226218_P23_AIS-1,P23,AIS,250,1989,2000,0.2510923445224762,0.012610400095582008,0.3685104250907898,0.36493152379989624,0.052,0.012610400095582008,0.3685104250907898,0.22194986045360565,0.01653205417096615,0.013939439319074154,0.0015262983506545424,0.36493152379989624
GSM9226219,GSM9226219_P23_LUAD,P23,LUAD,250,2000,1813,0.3542596995830536,0.017412254586815834,0.2929721176624298,0.33766454458236694,0.312,0.017412254586815834,0.2929721176624298,0.3175111413002014,0.01933629997074604,0.012915382161736488,0.0021882657893002033,0.33766454458236694
GSM9226220,GSM9226220_P24_AAH,P24,AAH,249,1827,2000,0.3636779189109802,0.02092411369085312,0.30051389336586,0.3216288089752197,0.3534136546184739,0.02092411369085312,0.30051389336586,0.3183267116546631,0.024427080526947975,0.012981006875634193,0.0011983861913904548,0.3216288089752197
GSM9226221,GSM9226221_P24_LUAD,P24,LUAD,250,2000,1589,0.9040423035621643,0.08322065323591232,0.06584764271974564,0.021585475653409958,0.98,0.08322065323591232,0.06584764271974564,0.7241334319114685,0.09668827801942825,0.0031418963335454464,0.005382676143199205,0.021585475653409958
GSM9226222,GSM9226222_P25_AAH,P25,AAH,250,2000,1887,0.5701674818992615,0.03194616362452507,0.3289625346660614,0.08956828713417053,0.704,0.03194616362452507,0.3289625346660614,0.5095261931419373,0.028695140033960342,0.010594988241791725,0.0007067007245495915,0.08956828713417053
GSM9226223,GSM9226223_P25_LUAD,P25,LUAD,250,2000,1290,0.8867906332015991,0.10542195290327072,0.07254185527563095,0.03419574722647667,0.964,0.10542195290327072,0.07254185527563095,0.6694856286048889,0.11188303679227829,0.005537935998290777,0.0009338004747405648,0.03419574722647667
