gsm	patient_id	stage	lesion_ordinal	token	geo_title
GSM9237901	P3	Normal	1	Normal	Normal lung tissue of patient 3 [snRNA-seq]
GSM9237902	P3	AIS	1	AIS	Lung tissue with AIS of patient 3 [snRNA-seq]
GSM9237903	P3	LUAD	1	LUAD	Lung tissue with LUAD of patient 3 [snRNA-seq]
GSM9237904	P4	Normal	1	Normal	Normal lung tissue of patient 4 [snRNA-seq]
GSM9237905	P4	Normal	2	Normal1	Second normal lung tissue of patient 4 [snRNA-seq]
GSM9237906	P4	AAH	1	AAH	Lung tissue with AAH of patient 4 [snRNA-seq]
GSM9237907	P4	AAH	2	AAH1	Lung tissue with second AAH of patient 4 [snRNA-seq]
GSM9237908	P4	LUAD	1	LUAD	Lung tissue with LUAD of patient 4 [snRNA-seq]
GSM9237909	P5	Normal	1	Normal	Normal lung tissue of patient 5 [snRNA-seq]
GSM9237910	P5	AIS	1	AIS	Lung tissue with AIS of patient 5 [snRNA-seq]
GSM9237911	P5	LUAD	1	LUAD	Lung tissue with LUAD of patient 5 [snRNA-seq]
GSM9237912	P6	Normal	1	Normal	Normal lung tissue of patient 6 [snRNA-seq]
GSM9237913	P6	AAH	1	AAH	Lung tissue with AAH of patient 6 [snRNA-seq]
GSM9237914	P6	LUAD	1	LUAD	Lung tissue with LUAD of patient 6 [snRNA-seq]
GSM9237915	P7	Normal	1	Normal	Normal lung tissue of patient 7 [snRNA-seq]
GSM9237916	P7	LUAD	1	LUAD	Lung tissue with LUAD of patient 7 [snRNA-seq]
GSM9237917	P7	LUAD	2	LUAD1	Lung tissue with second LUAD of patient 7 [snRNA-seq]
GSM9237918	P8	Normal	1	Normal	Normal lung tissue of patient 8 [snRNA-seq]
GSM9237919	P8	AIS	1	AIS	Lung tissue with AIS of patient 8 [snRNA-seq]
GSM9237920	P8	LUAD	1	LUAD	Lung tissue with LUAD of patient 8 [snRNA-seq]
GSM9237921	P9	Normal	1	Normal	Normal lung tissue of patient 9 [snRNA-seq]
GSM9237922	P9	AAH	1	AAH	Lung tissue with AAH of patient 9 [snRNA-seq]
GSM9237923	P9	AIS	1	AIS	Lung tissue with AIS of patient 9 [snRNA-seq]
GSM9237924	P9	LUAD	1	LUAD	Lung tissue with LUAD of patient 9 [snRNA-seq]
GSM9237925	P10	Normal	1	Normal	Normal lung tissue of patient 10 [snRNA-seq]
GSM9237926	P10	MIA	1	MIA	Lung tissue with MIA of patient 10 [snRNA-seq]
GSM9237927	P10	LUAD	1	LUAD	Lung tissue with LUAD of patient 10 [snRNA-seq]
GSM9237928	P11	Normal	1	Normal	Normal lung tissue of patient 11 [snRNA-seq]
GSM9237929	P11	AAH	1	AAH	Lung tissue with AAH of patient 11 [snRNA-seq]
GSM9237930	P11	LUAD	1	LUAD	Lung tissue with LUAD of patient 11 [snRNA-seq]
GSM9237931	P12	Normal	1	Normal	Normal lung tissue of patient 12 [snRNA-seq]
GSM9237932	P12	AIS	1	AIS	Lung tissue with AIS of patient 12 [snRNA-seq]
GSM9237933	P12	LUAD	1	LUAD	Lung tissue with LUAD of patient 12 [snRNA-seq]
GSM9237934	P13	Normal	1	Normal	Normal lung tissue of patient 13 [snRNA-seq]
GSM9237935	P13	MIA	1	MIA	Lung tissue with MIA of patient 13 [snRNA-seq]
GSM9237936	P13	LUAD	1	LUAD	Lung tissue with LUAD of patient 13 [snRNA-seq]
GSM9237937	P14	Normal	1	Normal	Normal lung tissue of patient 14 [snRNA-seq]
GSM9237938	P14	AIS	1	AIS	Lung tissue with AIS of patient 14 [snRNA-seq]
GSM9237939	P14	LUAD	1	LUAD	Lung tissue with LUAD of patient 14 [snRNA-seq]
GSM9237940	P15	Normal	1	Normal	Normal lung tissue of patient 15 [snRNA-seq]
GSM9237941	P15	MIA	1	MIA	Lung tissue with MIA of patient 15 [snRNA-seq]
GSM9237942	P15	LUAD	1	LUAD	Lung tissue with LUAD of patient 15 [snRNA-seq]
GSM9237943	P16	Normal	1	Normal	Normal lung tissue of patient 16 [snRNA-seq]
GSM9237944	P16	AIS	1	AIS	Lung tissue with AIS lesion of patient 16 [snRNA-seq]
GSM9237945	P16	LUAD	1	LUAD	Lung tissue with LUAD lesion of patient 16 [snRNA-seq]
GSM9237946	P17	Normal	1	Normal	Normal lung tissue of patient 17 [snRNA-seq]
GSM9237947	P17	AIS	1	AIS	Lung tissue with AIS of patient 17 [snRNA-seq]
GSM9237948	P17	LUAD	1	LUAD	Lung tissue with LUAD of patient 17 [snRNA-seq]
GSM9237949	P18	Normal	1	Normal	Normal lung tissue of patient 18 [snRNA-seq]
GSM9237950	P18	MIA	1	MIA	Lung tissue with MIA of patient 18 [snRNA-seq]
GSM9237951	P18	LUAD	1	LUAD	Lung tissue with LUAD of patient 18 [snRNA-seq]
GSM9237952	P19	Normal	1	Normal	Normal lung tissue of patient 19 [snRNA-seq]
GSM9237953	P19	AIS	1	AIS	Lung tissue with AIS of patient 19 [snRNA-seq]
GSM9237954	P19	LUAD	1	LUAD	Lung tissue with LUAD of patient 19 [snRNA-seq]
GSM9237955	P20	Normal	1	Normal	Normal lung tissue of patient 20 [snRNA-seq]
GSM9237956	P20	AAH	1	AAH	Lung tissue with AAH of patient 20 [snRNA-seq]
GSM9237957	P20	LUAD	1	LUAD	Lung tissue with LUAD of patient 20 [snRNA-seq]
GSM9237958	P21	Normal	1	Normal	Normal lung tissue of patient 21 [snRNA-seq]
GSM9237959	P21	AIS	1	AIS	Lung tissue with AIS of patient 21 [snRNA-seq]
GSM9237960	P21	AIS	2	AIS1	Lung tissue with second AIS of patient 21 [snRNA-seq]
GSM9237961	P21	LUAD	1	LUAD	Lung tissue with LUAD of patient 21 [snRNA-seq]
GSM9237962	P22	Normal	1	Normal	Normal lung tissue of patient 22 [snRNA-seq]
GSM9237963	P22	AAH	1	AAH	Lung tissue with AAH of patient 22 [snRNA-seq]
GSM9237964	P22	AIS	1	AIS	Lung tissue with AIS of patient 22 [snRNA-seq]
GSM9237965	P22	LUAD	1	LUAD	Lung tissue with LUAD of patient 22 [snRNA-seq]
GSM9237966	P23	Normal	1	Normal	Normal lung tissue of patient 23 [snRNA-seq]
GSM9237967	P23	AIS	1	AIS	Lung tissue with AIS of patient 23 [snRNA-seq]
GSM9237968	P23	AIS	2	AIS1	Lung tissue with second AIS of patient 23 [snRNA-seq]
GSM9237969	P23	LUAD	1	LUAD	Lung tissue with LUAD of patient 23 [snRNA-seq]
GSM9237970	P24	Normal	1	Normal	Normal lung tissue of patient 24 [snRNA-seq]
GSM9237971	P24	AAH	1	AAH	Lung tissue with AAH of patient 24 [snRNA-seq]
GSM9237972	P24	LUAD	1	LUAD	Lung tissue with LUAD of patient 24 [snRNA-seq]
GSM9237973	P25	Normal	1	Normal	Normal lung tissue of patient 25 [snRNA-seq]
GSM9237974	P25	AAH	1	AAH	Lung tissue with AAH of patient 25 [snRNA-seq]
GSM9237975	P25	LUAD	1	LUAD	Lung tissue with LUAD of patient 25 [snRNA-seq]
