slide	n_spot	epi_frac	epi_frac_stable	n_stable	stable_frac	margin_p10	margin_p50	margin_p90	tight_frac	top1_endothelial_frac
GSM9226168_P1_AAH	9870	0.4807497467071935	0.6009538950715422	2516	0.2549138804457953	0.014207885410579383	0.0827695752058495	0.272901578333809	0.32857142857142857	0.4267477203647416
GSM9226169_P1_LUAD	5765	0.30754553339115354	0.33680154142581886	2595	0.45013009540329574	0.02105457426385419	0.13004950215663402	0.41367131467763485	0.23382480485689505	0.14986990459670424
GSM9226170_P2_AAH	11412	0.5708026638626008	0.5944416708270926	6009	0.5265509989484752	0.0276571141107503	0.15999798750646452	0.4521110122124587	0.18156326673676831	0.10050823694356817
GSM9226171_P2_LUAD	10516	0.6971281856219095	0.7707434052757793	6255	0.5948079117535184	0.031757591618275516	0.192133937753583	0.5903883596628408	0.151673640167364	0.0701787751996957
GSM9226172_P3_AIS	9852	0.44386926512383273	0.5332608301613195	5517	0.5599878197320342	0.02756015698113049	0.180638995796295	0.506245002242919	0.17194478278522127	0.06313438895655704
GSM9226173_P3_LUAD	13925	0.5224416517055656	0.6109251573169099	7469	0.5363734290843806	0.024276832911104818	0.170946798903108	0.6187199737645914	0.19612208258527827	0.13500897666068223
GSM9226174_P4_Normal	11879	0.7228722956477818	0.7993886743886743	6216	0.5232763700648203	0.02893467955601759	0.157751420526588	0.33267457195549444	0.1668490613688021	0.024749558043606363
GSM9226175_P4_AAH	11665	0.6847835405057865	0.7452248921749846	6492	0.5565366480925846	0.03311360323812743	0.16847044253884302	0.34241297621810657	0.14873553364766395	0.016202314616373767
GSM9226176_P4_AAH-1	10442	0.6829151503543383	0.7396612238669312	6553	0.627561769775905	0.038064725608216235	0.20252155818565698	0.46473116496579425	0.130530549703122	0.006033326948860372
GSM9226177_P4_LUAD	12938	0.8213788839078683	0.8996076853435268	9941	0.768356778481991	0.06299878105982001	0.31142716775655155	0.6170668380832955	0.07922399134332973	0.02009584170660071
GSM9226178_P5_AIS	9635	0.6713025428126622	0.8428461735346814	3907	0.40550077841203946	0.019360637640081002	0.11651541002826199	0.44909943660925017	0.24120394395433317	0.167618059159315
GSM9226179_P5_LUAD	12081	0.3708302292856552	0.4279333447861192	5821	0.4818309742570979	0.02346943991269801	0.14312265820070397	0.35981128875534696	0.20279778164059267	0.0012416190712689348
GSM9226180_P6_AAH	10818	0.8058790904048807	0.8311803220668909	5651	0.522370123867628	0.03709655743231759	0.1567592583446425	0.33394390224500803	0.136254390830098	0.044370493621741544
GSM9226181_P6_LUAD	11669	0.48153226497557633	0.5095630812423232	5699	0.4883880366783786	0.02336021437679062	0.14556026304186298	0.461878593367118	0.20430199674350843	0.05244665352643757
GSM9226182_P7_LUAD	13608	0.4966196355085244	0.5784420289855072	5520	0.4056437389770723	0.01673814168566903	0.11280372983972149	0.44160838265244723	0.26947383891828336	0.09891240446796003
GSM9226183_P7_LUAD-1	12794	0.6625762075973113	0.7981090909090909	6875	0.5373612630920744	0.02593881568749423	0.17010737285820504	0.49048881345165596	0.18430514303579804	0.10458027200250117
GSM9226184_P8_AIS	4270	0.7065573770491803	0.8356867779204108	2337	0.5473067915690867	0.028751469723520696	0.1710326683848365	0.46318353496569303	0.17353629976580795	0.08875878220140515
GSM9226185_P8_LUAD	8905	0.8300954519932622	0.8884138520735357	7017	0.7879842784952275	0.07291266092753862	0.31762686787750494	0.6658047192687141	0.06580572711959573	0.022346996069623808
GSM9226186_P9_AAH	9686	0.6725170348957258	0.7790697674418605	4902	0.5060912657443734	0.026798870951631998	0.15198873101551647	0.3717870867980281	0.18015692752426182	0.20679330993186043
GSM9226187_P9_AIS	9368	0.6663108454312553	0.7567709702866159	3803	0.40595644748078563	0.02103023564131939	0.1197483604633065	0.3259531909409113	0.22939795046968403	0.20932963279248507
GSM9226188_P9_LUAD	11820	0.35287648054145515	0.32883782883782886	6006	0.5081218274111675	0.02609880651390887	0.15349008388652513	0.5115146715357999	0.19407783417935703	0.2798646362098139
GSM9226189_P10_MIA	10951	0.5129211944114692	0.685771744595274	3978	0.3632544973061821	0.017058898439717973	0.104351488875635	0.362140119468651	0.27002100264816	0.2276504428819286
GSM9226190_P10_LUAD	13400	0.6444776119402985	0.7387148779364349	8684	0.6480597014925373	0.03774549062661991	0.223484947608735	0.4703901535716933	0.12902985074626866	0.012761194029850747
GSM9226191_P11_AAH	10516	0.7906047926968429	0.8534157743930025	6631	0.6305629516926589	0.044619041318153974	0.19835867518679548	0.434723623082186	0.11468238874096615	0.022917459109927728
GSM9226192_P11_LUAD	11713	0.525484504396824	0.6466313101551758	5091	0.4346452659438231	0.022662373274885628	0.129317417431417	0.32285131290463026	0.21506018953299752	0.025356441560659096
GSM9226193_P12_AIS	11390	0.8969271290605795	0.9431651664224409	9554	0.8388059701492537	0.09653490739489647	0.4104067602733805	0.6871250899916164	0.049780509218612816	0.012467076382791922
GSM9226194_P12_LUAD	13045	0.7910310463779225	0.8635181525018204	9613	0.7369106937523956	0.052489238430592215	0.31293042192281995	0.6594105927027492	0.09421234189344577	0.03004982752012265
GSM9226195_P13_MIA	12960	0.6224537037037037	0.7129108676339947	6754	0.5211419753086419	0.02518689376087341	0.158512582170731	0.4670768457534912	0.18518518518518517	0.1284722222222222
GSM9226196_P13_LUAD	4801	0.2509893772130806	0.24945957630782534	2313	0.4817746302853572	0.022449877882481983	0.143404310580531	0.407544236131267	0.2093313892938971	0.06686107061028952
GSM9226197_P14_AIS	12207	0.7939706725649218	0.9053185271770894	6844	0.5606619152945032	0.03280357826379922	0.17305884065188698	0.4139688494998946	0.15155238797411322	0.07831572048824445
GSM9226198_P14_LUAD	11376	0.8873066104078763	0.9322829716193656	9584	0.8424753867791842	0.09741835605123902	0.368042837288059	0.6703200124505228	0.05089662447257384	0.0017580872011251757
GSM9226199_P15_MIA	12747	0.42002039695614657	0.5430585865368474	5957	0.4673256452498627	0.020368348980351975	0.135745372686709	0.49518838779445923	0.23213305091394054	0.31921236369341804
GSM9226200_P15_LUAD	14066	0.6651500071093417	0.7911333949069798	7579	0.5388170055452866	0.025446506698556498	0.17142772674768997	0.5283500757511475	0.19010379638845443	0.0522536613109626
GSM9226201_P16_AIS	10104	0.6921021377672208	0.8011142061281337	5385	0.5329572446555819	0.027905414742053998	0.1631494104744775	0.4924032132822109	0.17636579572446556	0.16963578780680919
GSM9226202_P16_LUAD	7242	0.7227285280309307	0.8072620215897939	5095	0.7035349351008009	0.0439300926899377	0.291407491260984	0.6463878736091856	0.11101905550952776	0.029135597901132283
GSM9226203_P17_AIS	11721	0.6276768193840117	0.7611749680715197	6264	0.5344253903250575	0.026068947248101992	0.16854320696629102	0.571568485654259	0.19290162955379234	0.13249722719904444
GSM9226204_P17_LUAD	13456	0.21477407847800237	0.20538616313264202	6461	0.4801575505350773	0.02346457187995149	0.1423742226501375	0.41386525515774253	0.20459274673008324	0.00156064209274673
GSM9226205_P18_MIA	11600	0.6813793103448276	0.8301008533747091	5156	0.44448275862068964	0.019760961557506125	0.12825763336385948	0.45058150926378016	0.2328448275862069	0.13241379310344828
GSM9226206_P18_LUAD	11967	0.5120748725662237	0.5928076116755362	6201	0.5181749811982953	0.024913341638768582	0.15858707750664297	0.44022804845486774	0.1949527868304504	0.04980362663992646
GSM9226207_P19_AIS	13537	0.6948363743813253	0.823277339732602	5834	0.4309669793898205	0.02223776325986441	0.126885325188818	0.43389500268907333	0.21629607741744847	0.1670237127871759
GSM9226208_P19_LUAD	12524	0.8217821782178217	0.9038409884501746	7446	0.5945384861066751	0.0350877883074245	0.18875345177390251	0.48105443140313797	0.1384541679974449	0.04838709677419355
GSM9226209_P20_AAH	12260	0.5747145187601957	0.5612541528239202	4816	0.39282218597063623	0.019271681013405872	0.1169945752862835	0.3512899718998518	0.2405383360522023	0.11451876019575856
GSM9226210_P20_LUAD	13566	0.49181777974347635	0.5754208203954895	6119	0.4510541058528675	0.0219536825580125	0.1329571200252205	0.34981364364007794	0.21362229102167182	0.0500515995872033
GSM9226211_P21_AIS	13353	0.70014229012207	0.7794266869609335	7884	0.5904291170523478	0.035715455524183405	0.185483777698649	0.4186002773556097	0.13981876731820564	0.006814947951771138
GSM9226212_P21_AIS-1	12715	0.6549744396382225	0.7413606911447084	5556	0.4369642154935116	0.021086999556668998	0.12838561866057402	0.3615989268954254	0.22036964215493512	0.08486040110106174
GSM9226213_P21_LUAD	13209	0.6078431372549019	0.6964135021097047	9480	0.7176924823983648	0.04851062744073401	0.287548572607516	0.5966085370372862	0.10250586721174956	0.007343477931713226
GSM9226214_P22_AAH	7819	0.6975316536641514	0.7460600654177817	3363	0.4301061516818007	0.0240106453513554	0.12905960143231604	0.30938079240644817	0.20194398260647142	0.04437907660826192
GSM9226215_P22_AIS	12484	0.5787407882089074	0.6127375449409348	3894	0.3119192566485101	0.015775498783885136	0.0932365654183425	0.28177889821362284	0.29838192886895226	0.12447933354694009
GSM9226216_P22_LUAD	12134	0.7806164496456238	0.8113617175250272	8291	0.6832866326026042	0.05583731304907989	0.21339670854087098	0.4762486255439862	0.08974781605406297	0.024394264051425744
GSM9226217_P23_AIS	9627	0.7578684948582113	0.8478176902278872	5178	0.5378622623870365	0.027855405998341767	0.16296464405920502	0.4726248335019435	0.16889996883764413	0.10138153111041862
GSM9226218_P23_AIS-1	10630	0.806585136406397	0.8554595443833464	5092	0.47902163687676386	0.0314742951601343	0.14404043588120496	0.3491870447230494	0.1579492003762935	0.0471307619943556
GSM9226219_P23_LUAD	10611	0.7869192347563849	0.8472811943569374	7301	0.6880595608330977	0.045151367882072024	0.277093536441555	0.6522492121010118	0.10979172556780699	0.04033550089529733
GSM9226220_P24_AAH	6311	0.6545713832990018	0.7353429203539823	3616	0.5729678339407384	0.02975418338457103	0.184054617155996	0.5154483368682841	0.16368245919822533	0.13674536523530345
GSM9226221_P24_LUAD	6267	0.42715812988670815	0.5090455396132252	3206	0.5115685335886389	0.024849027231066002	0.155227785816293	0.42036075414683133	0.18589436732088718	0.0019147917663954045
GSM9226222_P25_AAH	9040	0.21714601769911504	0.27703984819734345	3162	0.3497787610619469	0.016137857273299902	0.102248092621464	0.2966372523604631	0.2799778761061947	0.1622787610619469
GSM9226223_P25_LUAD	3776	0.2457627118644068	0.2863145258103241	1666	0.4412076271186441	0.02041580095564699	0.12801559623997955	0.354361565390654	0.2378177966101695	0.06329449152542373
