slide	N0	N0_in_filt	N1	N2	N0_N1	N1_N2	gene_int	g5_rho	g5_over_0.5	w_min	rowsum_min	mins
GSM9226168_P1_AAH	9870	9870	9870	9870	0	0	18066	0.437	FALSE	1e-04	0.5766	8.7
GSM9226169_P1_LUAD	5765	5765	5765	5765	0	0	18066	0.521	TRUE	1e-04	0.4793	7.9
GSM9226170_P2_AAH	11412	11412	11412	11412	0	0	18066	0.253	FALSE	1e-04	0.3989	9.4
GSM9226171_P2_LUAD	10516	10516	10516	10516	0	0	18066	-0.004	FALSE	0	0.5681	8.1
GSM9226172_P3_AIS	9852	9852	9852	9852	0	0	18066	-0.422	FALSE	1e-04	0.6424	7.9
GSM9226173_P3_LUAD	13925	13925	13925	13925	0	0	18066	-0.262	FALSE	1e-04	0.5307	8.7
GSM9226174_P4_Normal	11879	11879	11879	11879	0	0	18066	-0.11	FALSE	1e-04	0.5465	8.4
GSM9226175_P4_AAH	11665	11665	11665	11665	0	0	18066	-0.078	FALSE	1e-04	0.5359	8.3
GSM9226176_P4_AAH-1	10442	10442	10442	10442	0	0	18066	-0.123	FALSE	1e-04	0.6513	7.9
GSM9226177_P4_LUAD	12938	12938	12938	12938	0	0	18066	-0.719	TRUE	1e-04	0.6022	8.3
GSM9226178_P5_AIS	9635	9635	9635	9635	0	0	18066	-0.06	FALSE	1e-04	0.5025	7.9
GSM9226179_P5_LUAD	12081	12081	12081	12081	0	0	18066	-0.476	FALSE	0	0.553	8
GSM9226180_P6_AAH	10818	10818	10818	10818	0	0	18066	-0.115	FALSE	1e-04	0.4122	8.4
GSM9226181_P6_LUAD	11669	11669	11669	11669	0	0	18066	-0.378	FALSE	1e-04	0.5188	7.9
GSM9226182_P7_LUAD	13608	13608	13608	13608	0	0	18066	-0.189	FALSE	1e-04	0.5625	8.9
GSM9226183_P7_LUAD-1	12794	12794	12794	12794	0	0	18066	-0.689	TRUE	1e-04	0.6034	8.2
GSM9226184_P8_AIS	4270	4270	4270	4270	0	0	18066	-0.161	FALSE	1e-04	0.6583	6.3
GSM9226185_P8_LUAD	8905	8905	8905	8905	0	0	18066	-0.638	TRUE	1e-04	0.6244	7.2
GSM9226186_P9_AAH	9686	9686	9686	9686	0	0	18066	-0.097	FALSE	1e-04	0.6206	7.8
GSM9226187_P9_AIS	9368	9368	9368	9368	0	0	18066	-0.051	FALSE	1e-04	0.5419	7.1
GSM9226188_P9_LUAD	11820	11820	11820	11820	0	0	18066	-0.063	FALSE	1e-04	0.2723	7.2
GSM9226189_P10_MIA	10951	10951	10951	10951	0	0	18066	0.12	FALSE	1e-04	0.5812	7.2
GSM9226190_P10_LUAD	13400	13400	13400	13400	0	0	18066	-0.765	TRUE	0	0.5167	8.1
GSM9226191_P11_AAH	10516	10516	10516	10516	0	0	18066	-0.276	FALSE	1e-04	0.5823	7.3
GSM9226192_P11_LUAD	11713	11713	11713	11713	0	0	18066	-0.536	TRUE	1e-04	0.5903	7.7
GSM9226193_P12_AIS	11390	11390	11390	11390	0	0	18066	-0.255	FALSE	1e-04	0.5424	8.1
GSM9226194_P12_LUAD	13045	13045	13045	13045	0	0	18066	-0.361	FALSE	1e-04	0.5283	8.2
GSM9226195_P13_MIA	12960	12960	12960	12960	0	0	18066	-0.213	FALSE	1e-04	0.5159	7.9
GSM9226196_P13_LUAD	4801	4801	4801	4801	0	0	18066	-0.128	FALSE	1e-04	0.5184	6.4
GSM9226197_P14_AIS	12207	12207	12207	12207	0	0	18066	-0.019	FALSE	1e-04	0.5241	8.1
GSM9226198_P14_LUAD	11376	11376	11376	11376	0	0	18066	-0.442	FALSE	0	0.763	8.4
GSM9226199_P15_MIA	12747	12747	12747	12747	0	0	18066	0.068	FALSE	1e-04	0.5912	8.5
GSM9226200_P15_LUAD	14066	14066	14066	14066	0	0	18066	-0.529	TRUE	1e-04	0.4124	7.6
GSM9226201_P16_AIS	10104	10104	10104	10104	0	0	18066	-0.006	FALSE	1e-04	0.6004	7.8
GSM9226202_P16_LUAD	7242	7242	7242	7242	0	0	18066	-0.534	TRUE	1e-04	0.6127	6.3
GSM9226203_P17_AIS	11721	11721	11721	11721	0	0	18066	-0.262	FALSE	1e-04	0.4801	7.5
GSM9226204_P17_LUAD	13456	13456	13456	13456	0	0	18066	-0.107	FALSE	0	0.344	8
GSM9226205_P18_MIA	11600	11600	11600	11600	0	0	18066	-0.238	FALSE	1e-04	0.5435	7.3
GSM9226206_P18_LUAD	11967	11967	11967	11967	0	0	18066	-0.429	FALSE	1e-04	0.6666	8.4
GSM9226207_P19_AIS	13537	13537	13537	13537	0	0	18066	-0.135	FALSE	1e-04	0.5216	8
GSM9226208_P19_LUAD	12524	12524	12524	12524	0	0	18066	-0.704	TRUE	1e-04	0.6072	8.7
GSM9226209_P20_AAH	12260	12260	12260	12260	0	0	18066	0.176	FALSE	0	0.5277	8.8
GSM9226210_P20_LUAD	13566	13566	13566	13566	0	0	18066	-0.562	TRUE	1e-04	0.4611	7.6
GSM9226211_P21_AIS	13353	13353	13353	13353	0	0	18066	-0.082	FALSE	1e-04	0.5186	8.8
GSM9226212_P21_AIS-1	12715	12715	12715	12715	0	0	18066	-0.068	FALSE	1e-04	0.5183	8.6
GSM9226213_P21_LUAD	13209	13209	13209	13209	0	0	18066	-0.416	FALSE	0	0.4047	8.2
GSM9226214_P22_AAH	7819	7819	7819	7819	0	0	18066	-0.105	FALSE	1e-04	0.5809	7.5
GSM9226215_P22_AIS	12484	12484	12484	12484	0	0	18066	0.104	FALSE	1e-04	0.5387	8.3
GSM9226216_P22_LUAD	12134	12134	12134	12134	0	0	18066	-0.025	FALSE	1e-04	0.5048	8.3
GSM9226217_P23_AIS	9627	9627	9627	9627	0	0	18066	-0.03	FALSE	1e-04	0.6175	7.8
GSM9226218_P23_AIS-1	10630	10630	10630	10630	0	0	18066	-0.048	FALSE	1e-04	0.5678	8
GSM9226219_P23_LUAD	10611	10611	10611	10611	0	0	18066	-0.561	TRUE	1e-04	0.6037	7.5
GSM9226220_P24_AAH	6311	6311	6311	6311	0	0	18066	-0.142	FALSE	1e-04	0.4313	7.5
GSM9226221_P24_LUAD	6267	6267	6267	6267	0	0	18066	-0.608	TRUE	1e-04	0.5749	7
GSM9226222_P25_AAH	9040	9040	9040	9040	0	0	18066	0.014	FALSE	1e-04	0.5049	8.3
GSM9226223_P25_LUAD	3776	3776	3776	3776	0	0	18066	-0.692	TRUE	1e-04	0.5122	5.9
